2026-09-23 00:26:42 [HikariPool-1:housekeeper] WARN  com.zaxxer.hikari.pool.HikariPool - HikariPool-1 - Thread starvation or clock leap detected (housekeeper delta=3h56m4s586ms987µs700ns).
2026-09-23 00:28:38 [http-nio-8080-exec-9] DEBUG o.s.security.web.FilterChainProxy - Securing GET /control-plane/branding/current
2026-09-23 00:28:38 [http-nio-8080-exec-8] DEBUG o.s.security.web.FilterChainProxy - Securing OPTIONS /auth/profile
2026-09-23 00:28:38 [http-nio-8080-exec-9] INFO  c.U.B.config.JwtAuthenticationFilter - 🔑 JWT found in request: eyJhbGciOiJIUzI1NiJ9.eyJzdWIiO...
2026-09-23 00:28:38 [http-nio-8080-exec-8] DEBUG o.s.security.web.FilterChainProxy - Securing GET /auth/profile
2026-09-23 00:28:38 [http-nio-8080-exec-8] INFO  c.U.B.config.JwtAuthenticationFilter - 🔑 JWT found in request: eyJhbGciOiJIUzI1NiJ9.eyJzdWIiO...
2026-09-23 00:28:39 [http-nio-8080-exec-8] INFO  c.U.B.config.JwtAuthenticationFilter - ✅ JWT validated for user: finance@udom.ac.tz
2026-09-23 00:28:39 [http-nio-8080-exec-9] INFO  c.U.B.config.JwtAuthenticationFilter - ✅ JWT validated for user: finance@udom.ac.tz
2026-09-23 00:28:39 [http-nio-8080-exec-9] INFO  c.U.B.S.CustomUserDetailsService - 🔍 Loading user by identifier: finance@udom.ac.tz
2026-09-23 00:28:39 [http-nio-8080-exec-8] INFO  c.U.B.S.CustomUserDetailsService - 🔍 Loading user by identifier: finance@udom.ac.tz
2026-09-23 00:28:39 [http-nio-8080-exec-9] INFO  c.U.B.S.CustomUserDetailsService - ✅ User found: finance@udom.ac.tz with role: FINANCE_OFFICER
2026-09-23 00:28:39 [http-nio-8080-exec-8] INFO  c.U.B.S.CustomUserDetailsService - ✅ User found: finance@udom.ac.tz with role: FINANCE_OFFICER
2026-09-23 00:28:39 [http-nio-8080-exec-8] INFO  c.U.B.config.JwtAuthenticationFilter - ✅ Authentication set for user: finance@udom.ac.tz
2026-09-23 00:28:39 [http-nio-8080-exec-9] INFO  c.U.B.config.JwtAuthenticationFilter - ✅ Authentication set for user: finance@udom.ac.tz
2026-09-23 00:28:39 [http-nio-8080-exec-9] DEBUG o.s.security.web.FilterChainProxy - Secured GET /control-plane/branding/current
2026-09-23 00:28:39 [http-nio-8080-exec-8] DEBUG o.s.security.web.FilterChainProxy - Secured GET /auth/profile
2026-09-23 00:28:39 [http-nio-8080-exec-8] INFO  c.U.B.Controller.AuthController - 👤 Get current user profile
2026-09-23 00:28:39 [http-nio-8080-exec-8] INFO  c.UDSM.BACKEND.Service.AuthService - Getting current user: finance@udom.ac.tz
2026-09-23 00:28:39 [http-nio-8080-exec-8] DEBUG c.UDSM.BACKEND.Service.AuthService -  Finding user by identifier: finance@udom.ac.tz
2026-09-23 00:28:40 [http-nio-8080-exec-6] DEBUG o.s.security.web.FilterChainProxy - Securing GET /control-plane/branding/current
2026-09-23 00:28:40 [http-nio-8080-exec-6] INFO  c.U.B.config.JwtAuthenticationFilter - 🔑 JWT found in request: eyJhbGciOiJIUzI1NiJ9.eyJzdWIiO...
2026-09-23 00:28:40 [http-nio-8080-exec-6] INFO  c.U.B.config.JwtAuthenticationFilter - ✅ JWT validated for user: finance@udom.ac.tz
2026-09-23 00:28:40 [http-nio-8080-exec-6] INFO  c.U.B.S.CustomUserDetailsService - 🔍 Loading user by identifier: finance@udom.ac.tz
2026-09-23 00:28:40 [http-nio-8080-exec-6] INFO  c.U.B.S.CustomUserDetailsService - ✅ User found: finance@udom.ac.tz with role: FINANCE_OFFICER
2026-09-23 00:28:40 [http-nio-8080-exec-6] INFO  c.U.B.config.JwtAuthenticationFilter - ✅ Authentication set for user: finance@udom.ac.tz
2026-09-23 00:28:40 [http-nio-8080-exec-6] DEBUG o.s.security.web.FilterChainProxy - Secured GET /control-plane/branding/current
2026-09-23 09:40:38 [HikariPool-1:housekeeper] WARN  com.zaxxer.hikari.pool.HikariPool - HikariPool-1 - Thread starvation or clock leap detected (housekeeper delta=1h47m18s436ms724µs800ns).
2026-09-23 09:41:33 [http-nio-8080-exec-1] DEBUG o.s.security.web.FilterChainProxy - Securing GET /control-plane/branding/current
2026-09-23 09:41:33 [http-nio-8080-exec-4] DEBUG o.s.security.web.FilterChainProxy - Securing OPTIONS /auth/profile
2026-09-23 09:41:33 [http-nio-8080-exec-1] INFO  c.U.B.config.JwtAuthenticationFilter - 🔑 JWT found in request: eyJhbGciOiJIUzI1NiJ9.eyJzdWIiO...
2026-09-23 09:41:33 [http-nio-8080-exec-2] DEBUG o.s.security.web.FilterChainProxy - Securing GET /auth/profile
2026-09-23 09:41:33 [http-nio-8080-exec-1] INFO  c.U.B.config.JwtAuthenticationFilter - ✅ JWT validated for user: finance@udom.ac.tz
2026-09-23 09:41:33 [http-nio-8080-exec-1] INFO  c.U.B.S.CustomUserDetailsService - 🔍 Loading user by identifier: finance@udom.ac.tz
2026-09-23 09:41:33 [http-nio-8080-exec-2] INFO  c.U.B.config.JwtAuthenticationFilter - 🔑 JWT found in request: eyJhbGciOiJIUzI1NiJ9.eyJzdWIiO...
2026-09-23 09:41:33 [http-nio-8080-exec-2] INFO  c.U.B.config.JwtAuthenticationFilter - ✅ JWT validated for user: finance@udom.ac.tz
2026-09-23 09:41:33 [http-nio-8080-exec-2] INFO  c.U.B.S.CustomUserDetailsService - 🔍 Loading user by identifier: finance@udom.ac.tz
2026-09-23 09:41:34 [http-nio-8080-exec-2] INFO  c.U.B.S.CustomUserDetailsService - ✅ User found: finance@udom.ac.tz with role: FINANCE_OFFICER
2026-09-23 09:41:34 [http-nio-8080-exec-1] INFO  c.U.B.S.CustomUserDetailsService - ✅ User found: finance@udom.ac.tz with role: FINANCE_OFFICER
2026-09-23 09:41:34 [http-nio-8080-exec-2] INFO  c.U.B.config.JwtAuthenticationFilter - ✅ Authentication set for user: finance@udom.ac.tz
2026-09-23 09:41:34 [http-nio-8080-exec-1] INFO  c.U.B.config.JwtAuthenticationFilter - ✅ Authentication set for user: finance@udom.ac.tz
2026-09-23 09:41:34 [http-nio-8080-exec-1] DEBUG o.s.security.web.FilterChainProxy - Secured GET /control-plane/branding/current
2026-09-23 09:41:34 [http-nio-8080-exec-2] DEBUG o.s.security.web.FilterChainProxy - Secured GET /auth/profile
2026-09-23 09:41:34 [http-nio-8080-exec-2] INFO  c.U.B.Controller.AuthController - 👤 Get current user profile
2026-09-23 09:41:34 [http-nio-8080-exec-2] INFO  c.UDSM.BACKEND.Service.AuthService - Getting current user: finance@udom.ac.tz
2026-09-23 09:41:34 [http-nio-8080-exec-2] DEBUG c.UDSM.BACKEND.Service.AuthService -  Finding user by identifier: finance@udom.ac.tz
2026-09-23 09:41:35 [http-nio-8080-exec-3] DEBUG o.s.security.web.FilterChainProxy - Securing GET /control-plane/branding/current
2026-09-23 09:41:35 [http-nio-8080-exec-3] INFO  c.U.B.config.JwtAuthenticationFilter - 🔑 JWT found in request: eyJhbGciOiJIUzI1NiJ9.eyJzdWIiO...
2026-09-23 09:41:35 [http-nio-8080-exec-3] INFO  c.U.B.config.JwtAuthenticationFilter - ✅ JWT validated for user: finance@udom.ac.tz
2026-09-23 09:41:35 [http-nio-8080-exec-3] INFO  c.U.B.S.CustomUserDetailsService - 🔍 Loading user by identifier: finance@udom.ac.tz
2026-09-23 09:41:35 [http-nio-8080-exec-3] INFO  c.U.B.S.CustomUserDetailsService - ✅ User found: finance@udom.ac.tz with role: FINANCE_OFFICER
2026-09-23 09:41:35 [http-nio-8080-exec-3] INFO  c.U.B.config.JwtAuthenticationFilter - ✅ Authentication set for user: finance@udom.ac.tz
2026-09-23 09:41:35 [http-nio-8080-exec-3] DEBUG o.s.security.web.FilterChainProxy - Secured GET /control-plane/branding/current
2026-09-23 09:46:18 [http-nio-8080-exec-8] DEBUG o.s.security.web.FilterChainProxy - Securing GET /control-plane/branding/current
2026-09-23 09:46:18 [http-nio-8080-exec-8] INFO  c.U.B.config.JwtAuthenticationFilter - 🔑 JWT found in request: eyJhbGciOiJIUzI1NiJ9.eyJzdWIiO...
2026-09-23 09:46:19 [http-nio-8080-exec-8] INFO  c.U.B.config.JwtAuthenticationFilter - ✅ JWT validated for user: finance@udom.ac.tz
2026-09-23 09:46:19 [http-nio-8080-exec-8] INFO  c.U.B.S.CustomUserDetailsService - 🔍 Loading user by identifier: finance@udom.ac.tz
2026-09-23 09:46:19 [http-nio-8080-exec-8] INFO  c.U.B.S.CustomUserDetailsService - ✅ User found: finance@udom.ac.tz with role: FINANCE_OFFICER
2026-09-23 09:46:19 [http-nio-8080-exec-8] INFO  c.U.B.config.JwtAuthenticationFilter - ✅ Authentication set for user: finance@udom.ac.tz
2026-09-23 09:46:19 [http-nio-8080-exec-8] DEBUG o.s.security.web.FilterChainProxy - Secured GET /control-plane/branding/current
2026-09-23 09:46:23 [http-nio-8080-exec-6] DEBUG o.s.security.web.FilterChainProxy - Securing GET /control-plane/branding/current
2026-09-23 09:46:23 [http-nio-8080-exec-6] INFO  c.U.B.config.JwtAuthenticationFilter - 🔑 JWT found in request: eyJhbGciOiJIUzI1NiJ9.eyJzdWIiO...
2026-09-23 09:46:23 [http-nio-8080-exec-6] INFO  c.U.B.config.JwtAuthenticationFilter - ✅ JWT validated for user: finance@udom.ac.tz
2026-09-23 09:46:23 [http-nio-8080-exec-6] INFO  c.U.B.S.CustomUserDetailsService - 🔍 Loading user by identifier: finance@udom.ac.tz
2026-09-23 09:46:23 [http-nio-8080-exec-6] INFO  c.U.B.S.CustomUserDetailsService - ✅ User found: finance@udom.ac.tz with role: FINANCE_OFFICER
2026-09-23 09:46:23 [http-nio-8080-exec-6] INFO  c.U.B.config.JwtAuthenticationFilter - ✅ Authentication set for user: finance@udom.ac.tz
2026-09-23 09:46:23 [http-nio-8080-exec-6] DEBUG o.s.security.web.FilterChainProxy - Secured GET /control-plane/branding/current
2026-09-23 09:48:19 [http-nio-8080-exec-10] DEBUG o.s.security.web.FilterChainProxy - Securing OPTIONS /auth/login
2026-09-23 09:48:19 [http-nio-8080-exec-4] DEBUG o.s.security.web.FilterChainProxy - Securing POST /auth/login
2026-09-23 09:48:19 [http-nio-8080-exec-4] DEBUG o.s.s.w.a.AnonymousAuthenticationFilter - Set SecurityContextHolder to anonymous SecurityContext
2026-09-23 09:48:19 [http-nio-8080-exec-4] DEBUG o.s.security.web.FilterChainProxy - Secured POST /auth/login
2026-09-23 09:48:20 [http-nio-8080-exec-4] INFO  c.U.B.Controller.AuthController - 🔐 Login attempt for: smaganga@udom.ac.tz
2026-09-23 09:48:20 [http-nio-8080-exec-4] INFO  c.U.B.S.CustomUserDetailsService - 🔍 Loading user by identifier: smaganga@udom.ac.tz
2026-09-23 09:48:20 [http-nio-8080-exec-4] INFO  c.U.B.S.CustomUserDetailsService - ✅ User found: smaganga@udom.ac.tz with role: STUDENT
2026-09-23 09:48:20 [http-nio-8080-exec-4] DEBUG o.s.s.a.d.DaoAuthenticationProvider - Authenticated user
2026-09-23 09:48:20 [http-nio-8080-exec-4] DEBUG c.UDSM.BACKEND.Service.AuthService -  Finding user by identifier: smaganga@udom.ac.tz
2026-09-23 09:48:21 [http-nio-8080-exec-2] DEBUG o.s.security.web.FilterChainProxy - Securing OPTIONS /auth/profile
2026-09-23 09:48:21 [http-nio-8080-exec-1] DEBUG o.s.security.web.FilterChainProxy - Securing GET /control-plane/branding/current
2026-09-23 09:48:21 [http-nio-8080-exec-1] INFO  c.U.B.config.JwtAuthenticationFilter - 🔑 JWT found in request: eyJhbGciOiJIUzI1NiJ9.eyJzdWIiO...
2026-09-23 09:48:21 [http-nio-8080-exec-1] INFO  c.U.B.config.JwtAuthenticationFilter - ✅ JWT validated for user: smaganga@udom.ac.tz
2026-09-23 09:48:21 [http-nio-8080-exec-1] INFO  c.U.B.S.CustomUserDetailsService - 🔍 Loading user by identifier: smaganga@udom.ac.tz
2026-09-23 09:48:21 [http-nio-8080-exec-3] DEBUG o.s.security.web.FilterChainProxy - Securing GET /auth/profile
2026-09-23 09:48:21 [http-nio-8080-exec-3] INFO  c.U.B.config.JwtAuthenticationFilter - 🔑 JWT found in request: eyJhbGciOiJIUzI1NiJ9.eyJzdWIiO...
2026-09-23 09:48:21 [http-nio-8080-exec-3] INFO  c.U.B.config.JwtAuthenticationFilter - ✅ JWT validated for user: smaganga@udom.ac.tz
2026-09-23 09:48:21 [http-nio-8080-exec-3] INFO  c.U.B.S.CustomUserDetailsService - 🔍 Loading user by identifier: smaganga@udom.ac.tz
2026-09-23 09:48:21 [http-nio-8080-exec-1] INFO  c.U.B.S.CustomUserDetailsService - ✅ User found: smaganga@udom.ac.tz with role: STUDENT
2026-09-23 09:48:21 [http-nio-8080-exec-3] INFO  c.U.B.S.CustomUserDetailsService - ✅ User found: smaganga@udom.ac.tz with role: STUDENT
2026-09-23 09:48:21 [http-nio-8080-exec-1] INFO  c.U.B.config.JwtAuthenticationFilter - ✅ Authentication set for user: smaganga@udom.ac.tz
2026-09-23 09:48:21 [http-nio-8080-exec-3] INFO  c.U.B.config.JwtAuthenticationFilter - ✅ Authentication set for user: smaganga@udom.ac.tz
2026-09-23 09:48:21 [http-nio-8080-exec-1] DEBUG o.s.security.web.FilterChainProxy - Secured GET /control-plane/branding/current
2026-09-23 09:48:21 [http-nio-8080-exec-3] DEBUG o.s.security.web.FilterChainProxy - Secured GET /auth/profile
2026-09-23 09:48:21 [http-nio-8080-exec-3] INFO  c.U.B.Controller.AuthController - 👤 Get current user profile
2026-09-23 09:48:21 [http-nio-8080-exec-3] INFO  c.UDSM.BACKEND.Service.AuthService - Getting current user: smaganga@udom.ac.tz
2026-09-23 09:48:21 [http-nio-8080-exec-3] DEBUG c.UDSM.BACKEND.Service.AuthService -  Finding user by identifier: smaganga@udom.ac.tz
2026-09-23 09:48:25 [Thread-72] ERROR c.UDSM.BACKEND.Service.EmailService - ❌ Failed to send email to smaganga@udom.ac.tz: Authentication failed
2026-09-23 09:48:37 [http-nio-8080-exec-5] DEBUG o.s.security.web.FilterChainProxy - Securing OPTIONS /auth/login
2026-09-23 09:48:37 [http-nio-8080-exec-9] DEBUG o.s.security.web.FilterChainProxy - Securing POST /auth/login
2026-09-23 09:48:37 [http-nio-8080-exec-9] DEBUG o.s.s.w.a.AnonymousAuthenticationFilter - Set SecurityContextHolder to anonymous SecurityContext
2026-09-23 09:48:37 [http-nio-8080-exec-9] DEBUG o.s.security.web.FilterChainProxy - Secured POST /auth/login
2026-09-23 09:48:37 [http-nio-8080-exec-9] INFO  c.U.B.Controller.AuthController - 🔐 Login attempt for: DARUSO@udom.ac.tz
2026-09-23 09:48:37 [http-nio-8080-exec-9] INFO  c.U.B.S.CustomUserDetailsService - 🔍 Loading user by identifier: DARUSO@udom.ac.tz
2026-09-23 09:48:37 [http-nio-8080-exec-9] INFO  c.U.B.S.CustomUserDetailsService - ✅ User found: daruso@udom.ac.tz with role: DARUSO_OFFICER
2026-09-23 09:48:38 [http-nio-8080-exec-9] DEBUG o.s.s.a.d.DaoAuthenticationProvider - Authenticated user
2026-09-23 09:48:38 [http-nio-8080-exec-9] DEBUG c.UDSM.BACKEND.Service.AuthService -  Finding user by identifier: DARUSO@udom.ac.tz
2026-09-23 09:48:38 [http-nio-8080-exec-8] DEBUG o.s.security.web.FilterChainProxy - Securing GET /control-plane/branding/current
2026-09-23 09:48:38 [http-nio-8080-exec-8] INFO  c.U.B.config.JwtAuthenticationFilter - 🔑 JWT found in request: eyJhbGciOiJIUzI1NiJ9.eyJzdWIiO...
2026-09-23 09:48:38 [http-nio-8080-exec-8] INFO  c.U.B.config.JwtAuthenticationFilter - ✅ JWT validated for user: daruso@udom.ac.tz
2026-09-23 09:48:38 [http-nio-8080-exec-8] INFO  c.U.B.S.CustomUserDetailsService - 🔍 Loading user by identifier: daruso@udom.ac.tz
2026-09-23 09:48:38 [http-nio-8080-exec-8] INFO  c.U.B.S.CustomUserDetailsService - ✅ User found: daruso@udom.ac.tz with role: DARUSO_OFFICER
2026-09-23 09:48:38 [http-nio-8080-exec-8] INFO  c.U.B.config.JwtAuthenticationFilter - ✅ Authentication set for user: daruso@udom.ac.tz
2026-09-23 09:48:38 [http-nio-8080-exec-8] DEBUG o.s.security.web.FilterChainProxy - Secured GET /control-plane/branding/current
2026-09-23 09:48:41 [Thread-73] ERROR c.UDSM.BACKEND.Service.EmailService - ❌ Failed to send email to daruso@udom.ac.tz: Authentication failed
2026-09-23 09:48:43 [http-nio-8080-exec-6] DEBUG o.s.security.web.FilterChainProxy - Securing OPTIONS /auth/login
2026-09-23 09:48:43 [http-nio-8080-exec-7] DEBUG o.s.security.web.FilterChainProxy - Securing POST /auth/login
2026-09-23 09:48:43 [http-nio-8080-exec-7] DEBUG o.s.s.w.a.AnonymousAuthenticationFilter - Set SecurityContextHolder to anonymous SecurityContext
2026-09-23 09:48:43 [http-nio-8080-exec-7] DEBUG o.s.security.web.FilterChainProxy - Secured POST /auth/login
2026-09-23 09:48:43 [http-nio-8080-exec-7] INFO  c.U.B.Controller.AuthController - 🔐 Login attempt for: DEAN_OF_STUDENTS@udom.ac.tz
2026-09-23 09:48:43 [http-nio-8080-exec-7] INFO  c.U.B.S.CustomUserDetailsService - 🔍 Loading user by identifier: DEAN_OF_STUDENTS@udom.ac.tz
2026-09-23 09:48:43 [http-nio-8080-exec-7] INFO  c.U.B.S.CustomUserDetailsService - ✅ User found: dean_of_students@udom.ac.tz with role: DEAN_OF_STUDENTS
2026-09-23 09:48:43 [http-nio-8080-exec-7] DEBUG o.s.s.a.d.DaoAuthenticationProvider - Authenticated user
2026-09-23 09:48:43 [http-nio-8080-exec-7] DEBUG c.UDSM.BACKEND.Service.AuthService -  Finding user by identifier: DEAN_OF_STUDENTS@udom.ac.tz
2026-09-23 09:48:44 [http-nio-8080-exec-10] DEBUG o.s.security.web.FilterChainProxy - Securing GET /control-plane/branding/current
2026-09-23 09:48:44 [http-nio-8080-exec-10] INFO  c.U.B.config.JwtAuthenticationFilter - 🔑 JWT found in request: eyJhbGciOiJIUzI1NiJ9.eyJzdWIiO...
2026-09-23 09:48:44 [http-nio-8080-exec-10] INFO  c.U.B.config.JwtAuthenticationFilter - ✅ JWT validated for user: dean_of_students@udom.ac.tz
2026-09-23 09:48:44 [http-nio-8080-exec-10] INFO  c.U.B.S.CustomUserDetailsService - 🔍 Loading user by identifier: dean_of_students@udom.ac.tz
2026-09-23 09:48:44 [http-nio-8080-exec-10] INFO  c.U.B.S.CustomUserDetailsService - ✅ User found: dean_of_students@udom.ac.tz with role: DEAN_OF_STUDENTS
2026-09-23 09:48:44 [http-nio-8080-exec-10] INFO  c.U.B.config.JwtAuthenticationFilter - ✅ Authentication set for user: dean_of_students@udom.ac.tz
2026-09-23 09:48:44 [http-nio-8080-exec-10] DEBUG o.s.security.web.FilterChainProxy - Secured GET /control-plane/branding/current
2026-09-23 09:48:46 [Thread-74] ERROR c.UDSM.BACKEND.Service.EmailService - ❌ Failed to send email to dean_of_students@udom.ac.tz: Authentication failed
2026-09-23 09:48:59 [http-nio-8080-exec-4] DEBUG o.s.security.web.FilterChainProxy - Securing OPTIONS /auth/login
2026-09-23 09:48:59 [http-nio-8080-exec-2] DEBUG o.s.security.web.FilterChainProxy - Securing POST /auth/login
2026-09-23 09:48:59 [http-nio-8080-exec-2] DEBUG o.s.s.w.a.AnonymousAuthenticationFilter - Set SecurityContextHolder to anonymous SecurityContext
2026-09-23 09:48:59 [http-nio-8080-exec-2] DEBUG o.s.security.web.FilterChainProxy - Secured POST /auth/login
2026-09-23 09:48:59 [http-nio-8080-exec-2] INFO  c.U.B.Controller.AuthController - 🔐 Login attempt for: SMARTCARD@udom.ac.tz
2026-09-23 09:48:59 [http-nio-8080-exec-2] INFO  c.U.B.S.CustomUserDetailsService - 🔍 Loading user by identifier: SMARTCARD@udom.ac.tz
2026-09-23 09:48:59 [http-nio-8080-exec-2] INFO  c.U.B.S.CustomUserDetailsService - ✅ User found: smartcard@udom.ac.tz with role: SMART_CARD_OFFICER
2026-09-23 09:48:59 [http-nio-8080-exec-2] DEBUG o.s.s.a.d.DaoAuthenticationProvider - Authenticated user
2026-09-23 09:48:59 [http-nio-8080-exec-2] DEBUG c.UDSM.BACKEND.Service.AuthService -  Finding user by identifier: SMARTCARD@udom.ac.tz
2026-09-23 09:48:59 [http-nio-8080-exec-1] DEBUG o.s.security.web.FilterChainProxy - Securing GET /control-plane/branding/current
2026-09-23 09:48:59 [http-nio-8080-exec-1] INFO  c.U.B.config.JwtAuthenticationFilter - 🔑 JWT found in request: eyJhbGciOiJIUzI1NiJ9.eyJzdWIiO...
2026-09-23 09:48:59 [http-nio-8080-exec-1] INFO  c.U.B.config.JwtAuthenticationFilter - ✅ JWT validated for user: smartcard@udom.ac.tz
2026-09-23 09:48:59 [http-nio-8080-exec-1] INFO  c.U.B.S.CustomUserDetailsService - 🔍 Loading user by identifier: smartcard@udom.ac.tz
2026-09-23 09:48:59 [http-nio-8080-exec-1] INFO  c.U.B.S.CustomUserDetailsService - ✅ User found: smartcard@udom.ac.tz with role: SMART_CARD_OFFICER
2026-09-23 09:48:59 [http-nio-8080-exec-1] INFO  c.U.B.config.JwtAuthenticationFilter - ✅ Authentication set for user: smartcard@udom.ac.tz
2026-09-23 09:48:59 [http-nio-8080-exec-1] DEBUG o.s.security.web.FilterChainProxy - Secured GET /control-plane/branding/current
2026-09-23 09:49:02 [Thread-75] ERROR c.UDSM.BACKEND.Service.EmailService - ❌ Failed to send email to smartcard@udom.ac.tz: Authentication failed
2026-09-23 09:49:19 [http-nio-8080-exec-5] DEBUG o.s.security.web.FilterChainProxy - Securing OPTIONS /auth/login
2026-09-23 09:49:19 [http-nio-8080-exec-9] DEBUG o.s.security.web.FilterChainProxy - Securing POST /auth/login
2026-09-23 09:49:19 [http-nio-8080-exec-9] DEBUG o.s.s.w.a.AnonymousAuthenticationFilter - Set SecurityContextHolder to anonymous SecurityContext
2026-09-23 09:49:19 [http-nio-8080-exec-9] DEBUG o.s.security.web.FilterChainProxy - Secured POST /auth/login
2026-09-23 09:49:19 [http-nio-8080-exec-9] INFO  c.U.B.Controller.AuthController - 🔐 Login attempt for: SMARTCARD@udom.ac.tz
2026-09-23 09:49:19 [http-nio-8080-exec-9] INFO  c.U.B.S.CustomUserDetailsService - 🔍 Loading user by identifier: SMARTCARD@udom.ac.tz
2026-09-23 09:49:19 [http-nio-8080-exec-9] INFO  c.U.B.S.CustomUserDetailsService - ✅ User found: smartcard@udom.ac.tz with role: SMART_CARD_OFFICER
2026-09-23 09:49:19 [http-nio-8080-exec-9] DEBUG o.s.s.a.d.DaoAuthenticationProvider - Authenticated user
2026-09-23 09:49:19 [http-nio-8080-exec-9] DEBUG c.UDSM.BACKEND.Service.AuthService -  Finding user by identifier: SMARTCARD@udom.ac.tz
2026-09-23 09:49:19 [http-nio-8080-exec-8] DEBUG o.s.security.web.FilterChainProxy - Securing GET /control-plane/branding/current
2026-09-23 09:49:20 [http-nio-8080-exec-8] INFO  c.U.B.config.JwtAuthenticationFilter - 🔑 JWT found in request: eyJhbGciOiJIUzI1NiJ9.eyJzdWIiO...
2026-09-23 09:49:20 [http-nio-8080-exec-8] INFO  c.U.B.config.JwtAuthenticationFilter - ✅ JWT validated for user: smartcard@udom.ac.tz
2026-09-23 09:49:20 [http-nio-8080-exec-8] INFO  c.U.B.S.CustomUserDetailsService - 🔍 Loading user by identifier: smartcard@udom.ac.tz
2026-09-23 09:49:20 [http-nio-8080-exec-8] INFO  c.U.B.S.CustomUserDetailsService - ✅ User found: smartcard@udom.ac.tz with role: SMART_CARD_OFFICER
2026-09-23 09:49:20 [http-nio-8080-exec-8] INFO  c.U.B.config.JwtAuthenticationFilter - ✅ Authentication set for user: smartcard@udom.ac.tz
2026-09-23 09:49:20 [http-nio-8080-exec-8] DEBUG o.s.security.web.FilterChainProxy - Secured GET /control-plane/branding/current
2026-09-23 09:49:22 [Thread-76] ERROR c.UDSM.BACKEND.Service.EmailService - ❌ Failed to send email to smartcard@udom.ac.tz: Authentication failed
2026-09-23 09:51:37 [http-nio-8080-exec-10] DEBUG o.s.security.web.FilterChainProxy - Securing OPTIONS /auth/login
2026-09-23 09:51:37 [http-nio-8080-exec-4] DEBUG o.s.security.web.FilterChainProxy - Securing POST /auth/login
2026-09-23 09:51:37 [http-nio-8080-exec-4] DEBUG o.s.s.w.a.AnonymousAuthenticationFilter - Set SecurityContextHolder to anonymous SecurityContext
2026-09-23 09:51:37 [http-nio-8080-exec-4] DEBUG o.s.security.web.FilterChainProxy - Secured POST /auth/login
2026-09-23 09:51:37 [http-nio-8080-exec-4] INFO  c.U.B.Controller.AuthController - 🔐 Login attempt for: FINANCE@udom.ac.tz
2026-09-23 09:51:37 [http-nio-8080-exec-4] INFO  c.U.B.S.CustomUserDetailsService - 🔍 Loading user by identifier: FINANCE@udom.ac.tz
2026-09-23 09:51:37 [http-nio-8080-exec-4] INFO  c.U.B.S.CustomUserDetailsService - ✅ User found: finance@udom.ac.tz with role: FINANCE_OFFICER
2026-09-23 09:51:38 [http-nio-8080-exec-4] DEBUG o.s.s.a.d.DaoAuthenticationProvider - Authenticated user
2026-09-23 09:51:38 [http-nio-8080-exec-4] DEBUG c.UDSM.BACKEND.Service.AuthService -  Finding user by identifier: FINANCE@udom.ac.tz
2026-09-23 09:51:38 [http-nio-8080-exec-2] DEBUG o.s.security.web.FilterChainProxy - Securing GET /control-plane/branding/current
2026-09-23 09:51:38 [http-nio-8080-exec-2] INFO  c.U.B.config.JwtAuthenticationFilter - 🔑 JWT found in request: eyJhbGciOiJIUzI1NiJ9.eyJzdWIiO...
2026-09-23 09:51:38 [http-nio-8080-exec-2] INFO  c.U.B.config.JwtAuthenticationFilter - ✅ JWT validated for user: finance@udom.ac.tz
2026-09-23 09:51:38 [http-nio-8080-exec-2] INFO  c.U.B.S.CustomUserDetailsService - 🔍 Loading user by identifier: finance@udom.ac.tz
2026-09-23 09:51:38 [http-nio-8080-exec-2] INFO  c.U.B.S.CustomUserDetailsService - ✅ User found: finance@udom.ac.tz with role: FINANCE_OFFICER
2026-09-23 09:51:38 [http-nio-8080-exec-2] INFO  c.U.B.config.JwtAuthenticationFilter - ✅ Authentication set for user: finance@udom.ac.tz
2026-09-23 09:51:38 [http-nio-8080-exec-2] DEBUG o.s.security.web.FilterChainProxy - Secured GET /control-plane/branding/current
2026-09-23 09:51:40 [Thread-77] ERROR c.UDSM.BACKEND.Service.EmailService - ❌ Failed to send email to finance@udom.ac.tz: Authentication failed
2026-09-23 09:51:52 [http-nio-8080-exec-1] DEBUG o.s.security.web.FilterChainProxy - Securing GET /control-plane/branding/current
2026-09-23 09:51:52 [http-nio-8080-exec-1] INFO  c.U.B.config.JwtAuthenticationFilter - 🔑 JWT found in request: eyJhbGciOiJIUzI1NiJ9.eyJzdWIiO...
2026-09-23 09:51:52 [http-nio-8080-exec-1] INFO  c.U.B.config.JwtAuthenticationFilter - ✅ JWT validated for user: finance@udom.ac.tz
2026-09-23 09:51:52 [http-nio-8080-exec-1] INFO  c.U.B.S.CustomUserDetailsService - 🔍 Loading user by identifier: finance@udom.ac.tz
2026-09-23 09:51:52 [http-nio-8080-exec-1] INFO  c.U.B.S.CustomUserDetailsService - ✅ User found: finance@udom.ac.tz with role: FINANCE_OFFICER
2026-09-23 09:51:52 [http-nio-8080-exec-1] INFO  c.U.B.config.JwtAuthenticationFilter - ✅ Authentication set for user: finance@udom.ac.tz
2026-09-23 09:51:52 [http-nio-8080-exec-1] DEBUG o.s.security.web.FilterChainProxy - Secured GET /control-plane/branding/current
2026-09-23 09:56:08 [http-nio-8080-exec-9] DEBUG o.s.security.web.FilterChainProxy - Securing OPTIONS /auth/profile
2026-09-23 09:56:08 [http-nio-8080-exec-8] DEBUG o.s.security.web.FilterChainProxy - Securing GET /control-plane/branding/current
2026-09-23 09:56:08 [http-nio-8080-exec-8] INFO  c.U.B.config.JwtAuthenticationFilter - 🔑 JWT found in request: eyJhbGciOiJIUzI1NiJ9.eyJzdWIiO...
2026-09-23 09:56:08 [http-nio-8080-exec-8] INFO  c.U.B.config.JwtAuthenticationFilter - ✅ JWT validated for user: finance@udom.ac.tz
2026-09-23 09:56:08 [http-nio-8080-exec-8] INFO  c.U.B.S.CustomUserDetailsService - 🔍 Loading user by identifier: finance@udom.ac.tz
2026-09-23 09:56:08 [http-nio-8080-exec-6] DEBUG o.s.security.web.FilterChainProxy - Securing GET /auth/profile
2026-09-23 09:56:08 [http-nio-8080-exec-6] INFO  c.U.B.config.JwtAuthenticationFilter - 🔑 JWT found in request: eyJhbGciOiJIUzI1NiJ9.eyJzdWIiO...
2026-09-23 09:56:08 [http-nio-8080-exec-6] INFO  c.U.B.config.JwtAuthenticationFilter - ✅ JWT validated for user: finance@udom.ac.tz
2026-09-23 09:56:08 [http-nio-8080-exec-6] INFO  c.U.B.S.CustomUserDetailsService - 🔍 Loading user by identifier: finance@udom.ac.tz
2026-09-23 09:56:08 [http-nio-8080-exec-6] INFO  c.U.B.S.CustomUserDetailsService - ✅ User found: finance@udom.ac.tz with role: FINANCE_OFFICER
2026-09-23 09:56:08 [http-nio-8080-exec-8] INFO  c.U.B.S.CustomUserDetailsService - ✅ User found: finance@udom.ac.tz with role: FINANCE_OFFICER
2026-09-23 09:56:08 [http-nio-8080-exec-8] INFO  c.U.B.config.JwtAuthenticationFilter - ✅ Authentication set for user: finance@udom.ac.tz
2026-09-23 09:56:08 [http-nio-8080-exec-6] INFO  c.U.B.config.JwtAuthenticationFilter - ✅ Authentication set for user: finance@udom.ac.tz
2026-09-23 09:56:08 [http-nio-8080-exec-6] DEBUG o.s.security.web.FilterChainProxy - Secured GET /auth/profile
2026-09-23 09:56:08 [http-nio-8080-exec-8] DEBUG o.s.security.web.FilterChainProxy - Secured GET /control-plane/branding/current
2026-09-23 09:56:08 [http-nio-8080-exec-6] INFO  c.U.B.Controller.AuthController - 👤 Get current user profile
2026-09-23 09:56:08 [http-nio-8080-exec-6] INFO  c.UDSM.BACKEND.Service.AuthService - Getting current user: finance@udom.ac.tz
2026-09-23 09:56:08 [http-nio-8080-exec-6] DEBUG c.UDSM.BACKEND.Service.AuthService -  Finding user by identifier: finance@udom.ac.tz
2026-09-23 09:56:08 [http-nio-8080-exec-7] DEBUG o.s.security.web.FilterChainProxy - Securing GET /control-plane/branding/current
2026-09-23 09:56:08 [http-nio-8080-exec-7] INFO  c.U.B.config.JwtAuthenticationFilter - 🔑 JWT found in request: eyJhbGciOiJIUzI1NiJ9.eyJzdWIiO...
2026-09-23 09:56:08 [http-nio-8080-exec-7] INFO  c.U.B.config.JwtAuthenticationFilter - ✅ JWT validated for user: finance@udom.ac.tz
2026-09-23 09:56:08 [http-nio-8080-exec-7] INFO  c.U.B.S.CustomUserDetailsService - 🔍 Loading user by identifier: finance@udom.ac.tz
2026-09-23 09:56:08 [http-nio-8080-exec-7] INFO  c.U.B.S.CustomUserDetailsService - ✅ User found: finance@udom.ac.tz with role: FINANCE_OFFICER
2026-09-23 09:56:08 [http-nio-8080-exec-7] INFO  c.U.B.config.JwtAuthenticationFilter - ✅ Authentication set for user: finance@udom.ac.tz
2026-09-23 09:56:08 [http-nio-8080-exec-7] DEBUG o.s.security.web.FilterChainProxy - Secured GET /control-plane/branding/current
2026-09-23 09:56:18 [http-nio-8080-exec-10] DEBUG o.s.security.web.FilterChainProxy - Securing OPTIONS /auth/login
2026-09-23 09:56:18 [http-nio-8080-exec-4] DEBUG o.s.security.web.FilterChainProxy - Securing POST /auth/login
2026-09-23 09:56:18 [http-nio-8080-exec-4] DEBUG o.s.s.w.a.AnonymousAuthenticationFilter - Set SecurityContextHolder to anonymous SecurityContext
2026-09-23 09:56:18 [http-nio-8080-exec-4] DEBUG o.s.security.web.FilterChainProxy - Secured POST /auth/login
2026-09-23 09:56:18 [http-nio-8080-exec-4] INFO  c.U.B.Controller.AuthController - 🔐 Login attempt for: FINANCE@udom.ac.tz
2026-09-23 09:56:18 [http-nio-8080-exec-4] INFO  c.U.B.S.CustomUserDetailsService - 🔍 Loading user by identifier: FINANCE@udom.ac.tz
2026-09-23 09:56:18 [http-nio-8080-exec-4] INFO  c.U.B.S.CustomUserDetailsService - ✅ User found: finance@udom.ac.tz with role: FINANCE_OFFICER
2026-09-23 09:56:18 [http-nio-8080-exec-4] DEBUG o.s.s.a.d.DaoAuthenticationProvider - Authenticated user
2026-09-23 09:56:18 [http-nio-8080-exec-4] DEBUG c.UDSM.BACKEND.Service.AuthService -  Finding user by identifier: FINANCE@udom.ac.tz
2026-09-23 09:56:19 [http-nio-8080-exec-2] DEBUG o.s.security.web.FilterChainProxy - Securing GET /control-plane/branding/current
2026-09-23 09:56:19 [http-nio-8080-exec-2] INFO  c.U.B.config.JwtAuthenticationFilter - 🔑 JWT found in request: eyJhbGciOiJIUzI1NiJ9.eyJzdWIiO...
2026-09-23 09:56:19 [http-nio-8080-exec-2] INFO  c.U.B.config.JwtAuthenticationFilter - ✅ JWT validated for user: finance@udom.ac.tz
2026-09-23 09:56:19 [http-nio-8080-exec-2] INFO  c.U.B.S.CustomUserDetailsService - 🔍 Loading user by identifier: finance@udom.ac.tz
2026-09-23 09:56:19 [http-nio-8080-exec-2] INFO  c.U.B.S.CustomUserDetailsService - ✅ User found: finance@udom.ac.tz with role: FINANCE_OFFICER
2026-09-23 09:56:19 [http-nio-8080-exec-2] INFO  c.U.B.config.JwtAuthenticationFilter - ✅ Authentication set for user: finance@udom.ac.tz
2026-09-23 09:56:19 [http-nio-8080-exec-2] DEBUG o.s.security.web.FilterChainProxy - Secured GET /control-plane/branding/current
2026-09-23 09:56:22 [Thread-78] ERROR c.UDSM.BACKEND.Service.EmailService - ❌ Failed to send email to finance@udom.ac.tz: Authentication failed
2026-09-23 09:56:27 [http-nio-8080-exec-1] DEBUG o.s.security.web.FilterChainProxy - Securing GET /control-plane/branding/current
2026-09-23 09:56:27 [http-nio-8080-exec-1] INFO  c.U.B.config.JwtAuthenticationFilter - 🔑 JWT found in request: eyJhbGciOiJIUzI1NiJ9.eyJzdWIiO...
2026-09-23 09:56:27 [http-nio-8080-exec-1] INFO  c.U.B.config.JwtAuthenticationFilter - ✅ JWT validated for user: finance@udom.ac.tz
2026-09-23 09:56:27 [http-nio-8080-exec-1] INFO  c.U.B.S.CustomUserDetailsService - 🔍 Loading user by identifier: finance@udom.ac.tz
2026-09-23 09:56:27 [http-nio-8080-exec-1] INFO  c.U.B.S.CustomUserDetailsService - ✅ User found: finance@udom.ac.tz with role: FINANCE_OFFICER
2026-09-23 09:56:27 [http-nio-8080-exec-1] INFO  c.U.B.config.JwtAuthenticationFilter - ✅ Authentication set for user: finance@udom.ac.tz
2026-09-23 09:56:27 [http-nio-8080-exec-1] DEBUG o.s.security.web.FilterChainProxy - Secured GET /control-plane/branding/current
2026-09-23 09:59:56 [http-nio-8080-exec-9] DEBUG o.s.security.web.FilterChainProxy - Securing GET /control-plane/branding/current
2026-09-23 09:59:56 [http-nio-8080-exec-9] INFO  c.U.B.config.JwtAuthenticationFilter - 🔑 JWT found in request: eyJhbGciOiJIUzI1NiJ9.eyJzdWIiO...
2026-09-23 09:59:56 [http-nio-8080-exec-9] INFO  c.U.B.config.JwtAuthenticationFilter - ✅ JWT validated for user: finance@udom.ac.tz
2026-09-23 09:59:56 [http-nio-8080-exec-9] INFO  c.U.B.S.CustomUserDetailsService - 🔍 Loading user by identifier: finance@udom.ac.tz
2026-09-23 09:59:56 [http-nio-8080-exec-9] INFO  c.U.B.S.CustomUserDetailsService - ✅ User found: finance@udom.ac.tz with role: FINANCE_OFFICER
2026-09-23 09:59:56 [http-nio-8080-exec-9] INFO  c.U.B.config.JwtAuthenticationFilter - ✅ Authentication set for user: finance@udom.ac.tz
2026-09-23 09:59:56 [http-nio-8080-exec-9] DEBUG o.s.security.web.FilterChainProxy - Secured GET /control-plane/branding/current
2026-09-23 09:59:56 [http-nio-8080-exec-8] DEBUG o.s.security.web.FilterChainProxy - Securing GET /control-plane/branding/current
2026-09-23 09:59:56 [http-nio-8080-exec-8] INFO  c.U.B.config.JwtAuthenticationFilter - 🔑 JWT found in request: eyJhbGciOiJIUzI1NiJ9.eyJzdWIiO...
2026-09-23 09:59:56 [http-nio-8080-exec-6] DEBUG o.s.security.web.FilterChainProxy - Securing OPTIONS /auth/profile
2026-09-23 09:59:56 [http-nio-8080-exec-8] INFO  c.U.B.config.JwtAuthenticationFilter - ✅ JWT validated for user: finance@udom.ac.tz
2026-09-23 09:59:56 [http-nio-8080-exec-8] INFO  c.U.B.S.CustomUserDetailsService - 🔍 Loading user by identifier: finance@udom.ac.tz
2026-09-23 09:59:56 [http-nio-8080-exec-8] INFO  c.U.B.S.CustomUserDetailsService - ✅ User found: finance@udom.ac.tz with role: FINANCE_OFFICER
2026-09-23 09:59:56 [http-nio-8080-exec-7] DEBUG o.s.security.web.FilterChainProxy - Securing GET /auth/profile
2026-09-23 09:59:56 [http-nio-8080-exec-8] INFO  c.U.B.config.JwtAuthenticationFilter - ✅ Authentication set for user: finance@udom.ac.tz
2026-09-23 09:59:56 [http-nio-8080-exec-8] DEBUG o.s.security.web.FilterChainProxy - Secured GET /control-plane/branding/current
2026-09-23 09:59:56 [http-nio-8080-exec-7] INFO  c.U.B.config.JwtAuthenticationFilter - 🔑 JWT found in request: eyJhbGciOiJIUzI1NiJ9.eyJzdWIiO...
2026-09-23 09:59:56 [http-nio-8080-exec-7] INFO  c.U.B.config.JwtAuthenticationFilter - ✅ JWT validated for user: finance@udom.ac.tz
2026-09-23 09:59:56 [http-nio-8080-exec-7] INFO  c.U.B.S.CustomUserDetailsService - 🔍 Loading user by identifier: finance@udom.ac.tz
2026-09-23 09:59:56 [http-nio-8080-exec-7] INFO  c.U.B.S.CustomUserDetailsService - ✅ User found: finance@udom.ac.tz with role: FINANCE_OFFICER
2026-09-23 09:59:56 [http-nio-8080-exec-7] INFO  c.U.B.config.JwtAuthenticationFilter - ✅ Authentication set for user: finance@udom.ac.tz
2026-09-23 09:59:56 [http-nio-8080-exec-7] DEBUG o.s.security.web.FilterChainProxy - Secured GET /auth/profile
2026-09-23 09:59:56 [http-nio-8080-exec-7] INFO  c.U.B.Controller.AuthController - 👤 Get current user profile
2026-09-23 09:59:56 [http-nio-8080-exec-7] INFO  c.UDSM.BACKEND.Service.AuthService - Getting current user: finance@udom.ac.tz
2026-09-23 09:59:56 [http-nio-8080-exec-7] DEBUG c.UDSM.BACKEND.Service.AuthService -  Finding user by identifier: finance@udom.ac.tz
2026-09-23 10:29:03 [http-nio-8080-exec-2] DEBUG o.s.security.web.FilterChainProxy - Securing OPTIONS /auth/profile
2026-09-23 10:29:03 [http-nio-8080-exec-2] DEBUG o.s.security.web.FilterChainProxy - Securing GET /auth/profile
2026-09-23 10:29:03 [http-nio-8080-exec-2] INFO  c.U.B.config.JwtAuthenticationFilter - 🔑 JWT found in request: eyJhbGciOiJIUzI1NiJ9.eyJzdWIiO...
2026-09-23 10:29:03 [http-nio-8080-exec-2] INFO  c.U.B.config.JwtAuthenticationFilter - ✅ JWT validated for user: finance@udom.ac.tz
2026-09-23 10:29:03 [http-nio-8080-exec-2] INFO  c.U.B.S.CustomUserDetailsService - 🔍 Loading user by identifier: finance@udom.ac.tz
2026-09-23 10:29:03 [http-nio-8080-exec-2] INFO  c.U.B.S.CustomUserDetailsService - ✅ User found: finance@udom.ac.tz with role: FINANCE_OFFICER
2026-09-23 10:29:03 [http-nio-8080-exec-2] INFO  c.U.B.config.JwtAuthenticationFilter - ✅ Authentication set for user: finance@udom.ac.tz
2026-09-23 10:29:03 [http-nio-8080-exec-2] DEBUG o.s.security.web.FilterChainProxy - Secured GET /auth/profile
2026-09-23 10:29:03 [http-nio-8080-exec-2] INFO  c.U.B.Controller.AuthController - 👤 Get current user profile
2026-09-23 10:29:03 [http-nio-8080-exec-2] INFO  c.UDSM.BACKEND.Service.AuthService - Getting current user: finance@udom.ac.tz
2026-09-23 10:29:03 [http-nio-8080-exec-2] DEBUG c.UDSM.BACKEND.Service.AuthService -  Finding user by identifier: finance@udom.ac.tz
2026-09-23 10:29:10 [http-nio-8080-exec-1] DEBUG o.s.security.web.FilterChainProxy - Securing OPTIONS /auth/login
2026-09-23 10:29:10 [http-nio-8080-exec-3] DEBUG o.s.security.web.FilterChainProxy - Securing POST /auth/login
2026-09-23 10:29:10 [http-nio-8080-exec-3] DEBUG o.s.s.w.a.AnonymousAuthenticationFilter - Set SecurityContextHolder to anonymous SecurityContext
2026-09-23 10:29:10 [http-nio-8080-exec-3] DEBUG o.s.security.web.FilterChainProxy - Secured POST /auth/login
2026-09-23 10:29:11 [http-nio-8080-exec-3] INFO  c.U.B.Controller.AuthController - 🔐 Login attempt for: FINANCE@udom.ac.tz
2026-09-23 10:29:11 [http-nio-8080-exec-3] INFO  c.U.B.S.CustomUserDetailsService - 🔍 Loading user by identifier: FINANCE@udom.ac.tz
2026-09-23 10:29:11 [http-nio-8080-exec-3] INFO  c.U.B.S.CustomUserDetailsService - ✅ User found: finance@udom.ac.tz with role: FINANCE_OFFICER
2026-09-23 10:29:11 [http-nio-8080-exec-3] DEBUG o.s.s.a.d.DaoAuthenticationProvider - Authenticated user
2026-09-23 10:29:11 [http-nio-8080-exec-3] DEBUG c.UDSM.BACKEND.Service.AuthService -  Finding user by identifier: FINANCE@udom.ac.tz
2026-09-23 10:29:11 [http-nio-8080-exec-5] DEBUG o.s.security.web.FilterChainProxy - Securing GET /control-plane/branding/current
2026-09-23 10:29:11 [http-nio-8080-exec-5] INFO  c.U.B.config.JwtAuthenticationFilter - 🔑 JWT found in request: eyJhbGciOiJIUzI1NiJ9.eyJzdWIiO...
2026-09-23 10:29:11 [http-nio-8080-exec-5] INFO  c.U.B.config.JwtAuthenticationFilter - ✅ JWT validated for user: finance@udom.ac.tz
2026-09-23 10:29:11 [http-nio-8080-exec-5] INFO  c.U.B.S.CustomUserDetailsService - 🔍 Loading user by identifier: finance@udom.ac.tz
2026-09-23 10:29:11 [http-nio-8080-exec-5] INFO  c.U.B.S.CustomUserDetailsService - ✅ User found: finance@udom.ac.tz with role: FINANCE_OFFICER
2026-09-23 10:29:11 [http-nio-8080-exec-5] INFO  c.U.B.config.JwtAuthenticationFilter - ✅ Authentication set for user: finance@udom.ac.tz
2026-09-23 10:29:11 [http-nio-8080-exec-5] DEBUG o.s.security.web.FilterChainProxy - Secured GET /control-plane/branding/current
2026-09-23 10:29:14 [Thread-79] ERROR c.UDSM.BACKEND.Service.EmailService - ❌ Failed to send email to finance@udom.ac.tz: Authentication failed
2026-09-23 10:29:18 [http-nio-8080-exec-9] DEBUG o.s.security.web.FilterChainProxy - Securing GET /control-plane/branding/current
2026-09-23 10:29:18 [http-nio-8080-exec-9] INFO  c.U.B.config.JwtAuthenticationFilter - 🔑 JWT found in request: eyJhbGciOiJIUzI1NiJ9.eyJzdWIiO...
2026-09-23 10:29:18 [http-nio-8080-exec-9] INFO  c.U.B.config.JwtAuthenticationFilter - ✅ JWT validated for user: finance@udom.ac.tz
2026-09-23 10:29:18 [http-nio-8080-exec-9] INFO  c.U.B.S.CustomUserDetailsService - 🔍 Loading user by identifier: finance@udom.ac.tz
2026-09-23 10:29:18 [http-nio-8080-exec-9] INFO  c.U.B.S.CustomUserDetailsService - ✅ User found: finance@udom.ac.tz with role: FINANCE_OFFICER
2026-09-23 10:29:18 [http-nio-8080-exec-9] INFO  c.U.B.config.JwtAuthenticationFilter - ✅ Authentication set for user: finance@udom.ac.tz
2026-09-23 10:29:18 [http-nio-8080-exec-9] DEBUG o.s.security.web.FilterChainProxy - Secured GET /control-plane/branding/current
2026-09-23 10:29:56 [http-nio-8080-exec-10] DEBUG o.s.security.web.FilterChainProxy - Securing GET /control-plane/branding/current
2026-09-23 10:29:56 [http-nio-8080-exec-7] DEBUG o.s.security.web.FilterChainProxy - Securing OPTIONS /auth/profile
2026-09-23 10:29:56 [http-nio-8080-exec-10] INFO  c.U.B.config.JwtAuthenticationFilter - 🔑 JWT found in request: eyJhbGciOiJIUzI1NiJ9.eyJzdWIiO...
2026-09-23 10:29:56 [http-nio-8080-exec-7] DEBUG o.s.security.web.FilterChainProxy - Securing GET /auth/profile
2026-09-23 10:29:56 [http-nio-8080-exec-10] INFO  c.U.B.config.JwtAuthenticationFilter - ✅ JWT validated for user: finance@udom.ac.tz
2026-09-23 10:29:56 [http-nio-8080-exec-7] INFO  c.U.B.config.JwtAuthenticationFilter - 🔑 JWT found in request: eyJhbGciOiJIUzI1NiJ9.eyJzdWIiO...
2026-09-23 10:29:56 [http-nio-8080-exec-10] INFO  c.U.B.S.CustomUserDetailsService - 🔍 Loading user by identifier: finance@udom.ac.tz
2026-09-23 10:29:56 [http-nio-8080-exec-7] INFO  c.U.B.config.JwtAuthenticationFilter - ✅ JWT validated for user: finance@udom.ac.tz
2026-09-23 10:29:56 [http-nio-8080-exec-7] INFO  c.U.B.S.CustomUserDetailsService - 🔍 Loading user by identifier: finance@udom.ac.tz
2026-09-23 10:29:56 [http-nio-8080-exec-7] INFO  c.U.B.S.CustomUserDetailsService - ✅ User found: finance@udom.ac.tz with role: FINANCE_OFFICER
2026-09-23 10:29:56 [http-nio-8080-exec-7] INFO  c.U.B.config.JwtAuthenticationFilter - ✅ Authentication set for user: finance@udom.ac.tz
2026-09-23 10:29:56 [http-nio-8080-exec-7] DEBUG o.s.security.web.FilterChainProxy - Secured GET /auth/profile
2026-09-23 10:29:56 [http-nio-8080-exec-7] INFO  c.U.B.Controller.AuthController - 👤 Get current user profile
2026-09-23 10:29:56 [http-nio-8080-exec-7] INFO  c.UDSM.BACKEND.Service.AuthService - Getting current user: finance@udom.ac.tz
2026-09-23 10:29:56 [http-nio-8080-exec-7] DEBUG c.UDSM.BACKEND.Service.AuthService -  Finding user by identifier: finance@udom.ac.tz
2026-09-23 10:29:56 [http-nio-8080-exec-10] INFO  c.U.B.S.CustomUserDetailsService - ✅ User found: finance@udom.ac.tz with role: FINANCE_OFFICER
2026-09-23 10:29:56 [http-nio-8080-exec-10] INFO  c.U.B.config.JwtAuthenticationFilter - ✅ Authentication set for user: finance@udom.ac.tz
2026-09-23 10:29:56 [http-nio-8080-exec-10] DEBUG o.s.security.web.FilterChainProxy - Secured GET /control-plane/branding/current
2026-09-23 10:29:56 [http-nio-8080-exec-4] DEBUG o.s.security.web.FilterChainProxy - Securing GET /control-plane/branding/current
2026-09-23 10:29:56 [http-nio-8080-exec-4] INFO  c.U.B.config.JwtAuthenticationFilter - 🔑 JWT found in request: eyJhbGciOiJIUzI1NiJ9.eyJzdWIiO...
2026-09-23 10:29:56 [http-nio-8080-exec-4] INFO  c.U.B.config.JwtAuthenticationFilter - ✅ JWT validated for user: finance@udom.ac.tz
2026-09-23 10:29:56 [http-nio-8080-exec-4] INFO  c.U.B.S.CustomUserDetailsService - 🔍 Loading user by identifier: finance@udom.ac.tz
2026-09-23 10:29:56 [http-nio-8080-exec-4] INFO  c.U.B.S.CustomUserDetailsService - ✅ User found: finance@udom.ac.tz with role: FINANCE_OFFICER
2026-09-23 10:29:56 [http-nio-8080-exec-4] INFO  c.U.B.config.JwtAuthenticationFilter - ✅ Authentication set for user: finance@udom.ac.tz
2026-09-23 10:29:56 [http-nio-8080-exec-4] DEBUG o.s.security.web.FilterChainProxy - Secured GET /control-plane/branding/current
2026-09-23 10:30:00 [http-nio-8080-exec-2] DEBUG o.s.security.web.FilterChainProxy - Securing OPTIONS /auth/login
2026-09-23 10:30:00 [http-nio-8080-exec-1] DEBUG o.s.security.web.FilterChainProxy - Securing POST /auth/login
2026-09-23 10:30:00 [http-nio-8080-exec-1] DEBUG o.s.s.w.a.AnonymousAuthenticationFilter - Set SecurityContextHolder to anonymous SecurityContext
2026-09-23 10:30:00 [http-nio-8080-exec-1] DEBUG o.s.security.web.FilterChainProxy - Secured POST /auth/login
2026-09-23 10:30:00 [http-nio-8080-exec-1] INFO  c.U.B.Controller.AuthController - 🔐 Login attempt for: FINANCE@udom.ac.tz
2026-09-23 10:30:00 [http-nio-8080-exec-1] INFO  c.U.B.S.CustomUserDetailsService - 🔍 Loading user by identifier: FINANCE@udom.ac.tz
2026-09-23 10:30:00 [http-nio-8080-exec-1] INFO  c.U.B.S.CustomUserDetailsService - ✅ User found: finance@udom.ac.tz with role: FINANCE_OFFICER
2026-09-23 10:30:00 [http-nio-8080-exec-1] DEBUG o.s.s.a.d.DaoAuthenticationProvider - Authenticated user
2026-09-23 10:30:00 [http-nio-8080-exec-1] DEBUG c.UDSM.BACKEND.Service.AuthService -  Finding user by identifier: FINANCE@udom.ac.tz
2026-09-23 10:30:00 [http-nio-8080-exec-3] DEBUG o.s.security.web.FilterChainProxy - Securing GET /control-plane/branding/current
2026-09-23 10:30:00 [http-nio-8080-exec-3] INFO  c.U.B.config.JwtAuthenticationFilter - 🔑 JWT found in request: eyJhbGciOiJIUzI1NiJ9.eyJzdWIiO...
2026-09-23 10:30:00 [http-nio-8080-exec-3] INFO  c.U.B.config.JwtAuthenticationFilter - ✅ JWT validated for user: finance@udom.ac.tz
2026-09-23 10:30:00 [http-nio-8080-exec-3] INFO  c.U.B.S.CustomUserDetailsService - 🔍 Loading user by identifier: finance@udom.ac.tz
2026-09-23 10:30:01 [http-nio-8080-exec-3] INFO  c.U.B.S.CustomUserDetailsService - ✅ User found: finance@udom.ac.tz with role: FINANCE_OFFICER
2026-09-23 10:30:01 [http-nio-8080-exec-3] INFO  c.U.B.config.JwtAuthenticationFilter - ✅ Authentication set for user: finance@udom.ac.tz
2026-09-23 10:30:01 [http-nio-8080-exec-3] DEBUG o.s.security.web.FilterChainProxy - Secured GET /control-plane/branding/current
2026-09-23 10:30:04 [Thread-80] ERROR c.UDSM.BACKEND.Service.EmailService - ❌ Failed to send email to finance@udom.ac.tz: Authentication failed
2026-09-23 10:30:05 [http-nio-8080-exec-5] DEBUG o.s.security.web.FilterChainProxy - Securing GET /control-plane/branding/current
2026-09-23 10:30:05 [http-nio-8080-exec-5] INFO  c.U.B.config.JwtAuthenticationFilter - 🔑 JWT found in request: eyJhbGciOiJIUzI1NiJ9.eyJzdWIiO...
2026-09-23 10:30:05 [http-nio-8080-exec-5] INFO  c.U.B.config.JwtAuthenticationFilter - ✅ JWT validated for user: finance@udom.ac.tz
2026-09-23 10:30:05 [http-nio-8080-exec-5] INFO  c.U.B.S.CustomUserDetailsService - 🔍 Loading user by identifier: finance@udom.ac.tz
2026-09-23 10:30:05 [http-nio-8080-exec-5] INFO  c.U.B.S.CustomUserDetailsService - ✅ User found: finance@udom.ac.tz with role: FINANCE_OFFICER
2026-09-23 10:30:05 [http-nio-8080-exec-5] INFO  c.U.B.config.JwtAuthenticationFilter - ✅ Authentication set for user: finance@udom.ac.tz
2026-09-23 10:30:05 [http-nio-8080-exec-5] DEBUG o.s.security.web.FilterChainProxy - Secured GET /control-plane/branding/current
2026-09-23 10:34:43 [http-nio-8080-exec-8] DEBUG o.s.security.web.FilterChainProxy - Securing OPTIONS /auth/profile
2026-09-23 10:34:43 [http-nio-8080-exec-7] DEBUG o.s.security.web.FilterChainProxy - Securing GET /control-plane/branding/current
2026-09-23 10:34:43 [http-nio-8080-exec-7] INFO  c.U.B.config.JwtAuthenticationFilter - 🔑 JWT found in request: eyJhbGciOiJIUzI1NiJ9.eyJzdWIiO...
2026-09-23 10:34:43 [http-nio-8080-exec-10] DEBUG o.s.security.web.FilterChainProxy - Securing GET /auth/profile
2026-09-23 10:34:43 [http-nio-8080-exec-10] INFO  c.U.B.config.JwtAuthenticationFilter - 🔑 JWT found in request: eyJhbGciOiJIUzI1NiJ9.eyJzdWIiO...
2026-09-23 10:34:43 [http-nio-8080-exec-10] INFO  c.U.B.config.JwtAuthenticationFilter - ✅ JWT validated for user: finance@udom.ac.tz
2026-09-23 10:34:43 [http-nio-8080-exec-7] INFO  c.U.B.config.JwtAuthenticationFilter - ✅ JWT validated for user: finance@udom.ac.tz
2026-09-23 10:34:43 [http-nio-8080-exec-7] INFO  c.U.B.S.CustomUserDetailsService - 🔍 Loading user by identifier: finance@udom.ac.tz
2026-09-23 10:34:43 [http-nio-8080-exec-10] INFO  c.U.B.S.CustomUserDetailsService - 🔍 Loading user by identifier: finance@udom.ac.tz
2026-09-23 10:34:43 [http-nio-8080-exec-10] INFO  c.U.B.S.CustomUserDetailsService - ✅ User found: finance@udom.ac.tz with role: FINANCE_OFFICER
2026-09-23 10:34:43 [http-nio-8080-exec-7] INFO  c.U.B.S.CustomUserDetailsService - ✅ User found: finance@udom.ac.tz with role: FINANCE_OFFICER
2026-09-23 10:34:43 [http-nio-8080-exec-7] INFO  c.U.B.config.JwtAuthenticationFilter - ✅ Authentication set for user: finance@udom.ac.tz
2026-09-23 10:34:43 [http-nio-8080-exec-10] INFO  c.U.B.config.JwtAuthenticationFilter - ✅ Authentication set for user: finance@udom.ac.tz
2026-09-23 10:34:43 [http-nio-8080-exec-7] DEBUG o.s.security.web.FilterChainProxy - Secured GET /control-plane/branding/current
2026-09-23 10:34:43 [http-nio-8080-exec-10] DEBUG o.s.security.web.FilterChainProxy - Secured GET /auth/profile
2026-09-23 10:34:43 [http-nio-8080-exec-10] INFO  c.U.B.Controller.AuthController - 👤 Get current user profile
2026-09-23 10:34:43 [http-nio-8080-exec-10] INFO  c.UDSM.BACKEND.Service.AuthService - Getting current user: finance@udom.ac.tz
2026-09-23 10:34:43 [http-nio-8080-exec-10] DEBUG c.UDSM.BACKEND.Service.AuthService -  Finding user by identifier: finance@udom.ac.tz
2026-09-23 10:34:43 [http-nio-8080-exec-4] DEBUG o.s.security.web.FilterChainProxy - Securing GET /control-plane/branding/current
2026-09-23 10:34:43 [http-nio-8080-exec-4] INFO  c.U.B.config.JwtAuthenticationFilter - 🔑 JWT found in request: eyJhbGciOiJIUzI1NiJ9.eyJzdWIiO...
2026-09-23 10:34:43 [http-nio-8080-exec-4] INFO  c.U.B.config.JwtAuthenticationFilter - ✅ JWT validated for user: finance@udom.ac.tz
2026-09-23 10:34:43 [http-nio-8080-exec-4] INFO  c.U.B.S.CustomUserDetailsService - 🔍 Loading user by identifier: finance@udom.ac.tz
2026-09-23 10:34:43 [http-nio-8080-exec-4] INFO  c.U.B.S.CustomUserDetailsService - ✅ User found: finance@udom.ac.tz with role: FINANCE_OFFICER
2026-09-23 10:34:43 [http-nio-8080-exec-4] INFO  c.U.B.config.JwtAuthenticationFilter - ✅ Authentication set for user: finance@udom.ac.tz
2026-09-23 10:34:43 [http-nio-8080-exec-4] DEBUG o.s.security.web.FilterChainProxy - Secured GET /control-plane/branding/current
2026-09-23 10:40:13 [http-nio-8080-exec-3] DEBUG o.s.security.web.FilterChainProxy - Securing OPTIONS /auth/login
2026-09-23 10:40:13 [http-nio-8080-exec-3] DEBUG o.s.security.web.FilterChainProxy - Securing POST /auth/login
2026-09-23 10:40:13 [http-nio-8080-exec-3] DEBUG o.s.s.w.a.AnonymousAuthenticationFilter - Set SecurityContextHolder to anonymous SecurityContext
2026-09-23 10:40:13 [http-nio-8080-exec-3] DEBUG o.s.security.web.FilterChainProxy - Secured POST /auth/login
2026-09-23 10:40:14 [http-nio-8080-exec-3] INFO  c.U.B.Controller.AuthController - 🔐 Login attempt for: FINANCE@udom.ac.tz
2026-09-23 10:40:14 [http-nio-8080-exec-3] INFO  c.U.B.S.CustomUserDetailsService - 🔍 Loading user by identifier: FINANCE@udom.ac.tz
2026-09-23 10:40:14 [http-nio-8080-exec-3] INFO  c.U.B.S.CustomUserDetailsService - ✅ User found: finance@udom.ac.tz with role: FINANCE_OFFICER
2026-09-23 10:40:14 [http-nio-8080-exec-3] DEBUG o.s.s.a.d.DaoAuthenticationProvider - Authenticated user
2026-09-23 10:40:14 [http-nio-8080-exec-3] DEBUG c.UDSM.BACKEND.Service.AuthService -  Finding user by identifier: FINANCE@udom.ac.tz
2026-09-23 10:40:14 [http-nio-8080-exec-5] DEBUG o.s.security.web.FilterChainProxy - Securing GET /control-plane/branding/current
2026-09-23 10:40:14 [http-nio-8080-exec-5] INFO  c.U.B.config.JwtAuthenticationFilter - 🔑 JWT found in request: eyJhbGciOiJIUzI1NiJ9.eyJzdWIiO...
2026-09-23 10:40:14 [http-nio-8080-exec-5] INFO  c.U.B.config.JwtAuthenticationFilter - ✅ JWT validated for user: finance@udom.ac.tz
2026-09-23 10:40:14 [http-nio-8080-exec-5] INFO  c.U.B.S.CustomUserDetailsService - 🔍 Loading user by identifier: finance@udom.ac.tz
2026-09-23 10:40:14 [http-nio-8080-exec-5] INFO  c.U.B.S.CustomUserDetailsService - ✅ User found: finance@udom.ac.tz with role: FINANCE_OFFICER
2026-09-23 10:40:14 [http-nio-8080-exec-5] INFO  c.U.B.config.JwtAuthenticationFilter - ✅ Authentication set for user: finance@udom.ac.tz
2026-09-23 10:40:14 [http-nio-8080-exec-5] DEBUG o.s.security.web.FilterChainProxy - Secured GET /control-plane/branding/current
2026-09-23 10:40:17 [Thread-81] ERROR c.UDSM.BACKEND.Service.EmailService - ❌ Failed to send email to finance@udom.ac.tz: Authentication failed
2026-09-23 10:40:19 [http-nio-8080-exec-9] DEBUG o.s.security.web.FilterChainProxy - Securing GET /control-plane/branding/current
2026-09-23 10:40:19 [http-nio-8080-exec-9] INFO  c.U.B.config.JwtAuthenticationFilter - 🔑 JWT found in request: eyJhbGciOiJIUzI1NiJ9.eyJzdWIiO...
2026-09-23 10:40:19 [http-nio-8080-exec-9] INFO  c.U.B.config.JwtAuthenticationFilter - ✅ JWT validated for user: finance@udom.ac.tz
2026-09-23 10:40:19 [http-nio-8080-exec-9] INFO  c.U.B.S.CustomUserDetailsService - 🔍 Loading user by identifier: finance@udom.ac.tz
2026-09-23 10:40:19 [http-nio-8080-exec-9] INFO  c.U.B.S.CustomUserDetailsService - ✅ User found: finance@udom.ac.tz with role: FINANCE_OFFICER
2026-09-23 10:40:19 [http-nio-8080-exec-9] INFO  c.U.B.config.JwtAuthenticationFilter - ✅ Authentication set for user: finance@udom.ac.tz
2026-09-23 10:40:19 [http-nio-8080-exec-9] DEBUG o.s.security.web.FilterChainProxy - Secured GET /control-plane/branding/current
2026-09-23 10:41:56 [http-nio-8080-exec-7] DEBUG o.s.security.web.FilterChainProxy - Securing GET /control-plane/branding/current
2026-09-23 10:41:56 [http-nio-8080-exec-7] INFO  c.U.B.config.JwtAuthenticationFilter - 🔑 JWT found in request: eyJhbGciOiJIUzI1NiJ9.eyJzdWIiO...
2026-09-23 10:41:56 [http-nio-8080-exec-7] INFO  c.U.B.config.JwtAuthenticationFilter - ✅ JWT validated for user: finance@udom.ac.tz
2026-09-23 10:41:56 [http-nio-8080-exec-7] INFO  c.U.B.S.CustomUserDetailsService - 🔍 Loading user by identifier: finance@udom.ac.tz
2026-09-23 10:41:56 [http-nio-8080-exec-7] INFO  c.U.B.S.CustomUserDetailsService - ✅ User found: finance@udom.ac.tz with role: FINANCE_OFFICER
2026-09-23 10:41:56 [http-nio-8080-exec-7] INFO  c.U.B.config.JwtAuthenticationFilter - ✅ Authentication set for user: finance@udom.ac.tz
2026-09-23 10:41:56 [http-nio-8080-exec-7] DEBUG o.s.security.web.FilterChainProxy - Secured GET /control-plane/branding/current
2026-09-23 10:41:56 [http-nio-8080-exec-10] DEBUG o.s.security.web.FilterChainProxy - Securing OPTIONS /auth/profile
2026-09-23 10:41:56 [http-nio-8080-exec-4] DEBUG o.s.security.web.FilterChainProxy - Securing GET /control-plane/branding/current
2026-09-23 10:41:56 [http-nio-8080-exec-4] INFO  c.U.B.config.JwtAuthenticationFilter - 🔑 JWT found in request: eyJhbGciOiJIUzI1NiJ9.eyJzdWIiO...
2026-09-23 10:41:56 [http-nio-8080-exec-4] INFO  c.U.B.config.JwtAuthenticationFilter - ✅ JWT validated for user: finance@udom.ac.tz
2026-09-23 10:41:56 [http-nio-8080-exec-4] INFO  c.U.B.S.CustomUserDetailsService - 🔍 Loading user by identifier: finance@udom.ac.tz
2026-09-23 10:41:56 [http-nio-8080-exec-2] DEBUG o.s.security.web.FilterChainProxy - Securing GET /auth/profile
2026-09-23 10:41:56 [http-nio-8080-exec-2] INFO  c.U.B.config.JwtAuthenticationFilter - 🔑 JWT found in request: eyJhbGciOiJIUzI1NiJ9.eyJzdWIiO...
2026-09-23 10:41:56 [http-nio-8080-exec-4] INFO  c.U.B.S.CustomUserDetailsService - ✅ User found: finance@udom.ac.tz with role: FINANCE_OFFICER
2026-09-23 10:41:56 [http-nio-8080-exec-4] INFO  c.U.B.config.JwtAuthenticationFilter - ✅ Authentication set for user: finance@udom.ac.tz
2026-09-23 10:41:56 [http-nio-8080-exec-4] DEBUG o.s.security.web.FilterChainProxy - Secured GET /control-plane/branding/current
2026-09-23 10:41:56 [http-nio-8080-exec-2] INFO  c.U.B.config.JwtAuthenticationFilter - ✅ JWT validated for user: finance@udom.ac.tz
2026-09-23 10:41:56 [http-nio-8080-exec-2] INFO  c.U.B.S.CustomUserDetailsService - 🔍 Loading user by identifier: finance@udom.ac.tz
2026-09-23 10:41:56 [http-nio-8080-exec-2] INFO  c.U.B.S.CustomUserDetailsService - ✅ User found: finance@udom.ac.tz with role: FINANCE_OFFICER
2026-09-23 10:41:56 [http-nio-8080-exec-2] INFO  c.U.B.config.JwtAuthenticationFilter - ✅ Authentication set for user: finance@udom.ac.tz
2026-09-23 10:41:56 [http-nio-8080-exec-2] DEBUG o.s.security.web.FilterChainProxy - Secured GET /auth/profile
2026-09-23 10:41:56 [http-nio-8080-exec-2] INFO  c.U.B.Controller.AuthController - 👤 Get current user profile
2026-09-23 10:41:56 [http-nio-8080-exec-2] INFO  c.UDSM.BACKEND.Service.AuthService - Getting current user: finance@udom.ac.tz
2026-09-23 10:41:56 [http-nio-8080-exec-2] DEBUG c.UDSM.BACKEND.Service.AuthService -  Finding user by identifier: finance@udom.ac.tz
2026-09-23 10:42:03 [http-nio-8080-exec-1] DEBUG o.s.security.web.FilterChainProxy - Securing GET /control-plane/branding/current
2026-09-23 10:42:03 [http-nio-8080-exec-1] INFO  c.U.B.config.JwtAuthenticationFilter - 🔑 JWT found in request: eyJhbGciOiJIUzI1NiJ9.eyJzdWIiO...
2026-09-23 10:42:03 [http-nio-8080-exec-1] INFO  c.U.B.config.JwtAuthenticationFilter - ✅ JWT validated for user: finance@udom.ac.tz
2026-09-23 10:42:03 [http-nio-8080-exec-1] INFO  c.U.B.S.CustomUserDetailsService - 🔍 Loading user by identifier: finance@udom.ac.tz
2026-09-23 10:42:03 [http-nio-8080-exec-1] INFO  c.U.B.S.CustomUserDetailsService - ✅ User found: finance@udom.ac.tz with role: FINANCE_OFFICER
2026-09-23 10:42:03 [http-nio-8080-exec-1] INFO  c.U.B.config.JwtAuthenticationFilter - ✅ Authentication set for user: finance@udom.ac.tz
2026-09-23 10:42:03 [http-nio-8080-exec-1] DEBUG o.s.security.web.FilterChainProxy - Secured GET /control-plane/branding/current
2026-09-23 10:42:03 [http-nio-8080-exec-3] DEBUG o.s.security.web.FilterChainProxy - Securing OPTIONS /auth/profile
2026-09-23 10:42:03 [http-nio-8080-exec-5] DEBUG o.s.security.web.FilterChainProxy - Securing GET /control-plane/branding/current
2026-09-23 10:42:03 [http-nio-8080-exec-5] INFO  c.U.B.config.JwtAuthenticationFilter - 🔑 JWT found in request: eyJhbGciOiJIUzI1NiJ9.eyJzdWIiO...
2026-09-23 10:42:03 [http-nio-8080-exec-9] DEBUG o.s.security.web.FilterChainProxy - Securing GET /auth/profile
2026-09-23 10:42:03 [http-nio-8080-exec-5] INFO  c.U.B.config.JwtAuthenticationFilter - ✅ JWT validated for user: finance@udom.ac.tz
2026-09-23 10:42:03 [http-nio-8080-exec-5] INFO  c.U.B.S.CustomUserDetailsService - 🔍 Loading user by identifier: finance@udom.ac.tz
2026-09-23 10:42:03 [http-nio-8080-exec-9] INFO  c.U.B.config.JwtAuthenticationFilter - 🔑 JWT found in request: eyJhbGciOiJIUzI1NiJ9.eyJzdWIiO...
2026-09-23 10:42:03 [http-nio-8080-exec-9] INFO  c.U.B.config.JwtAuthenticationFilter - ✅ JWT validated for user: finance@udom.ac.tz
2026-09-23 10:42:03 [http-nio-8080-exec-9] INFO  c.U.B.S.CustomUserDetailsService - 🔍 Loading user by identifier: finance@udom.ac.tz
2026-09-23 10:42:03 [http-nio-8080-exec-5] INFO  c.U.B.S.CustomUserDetailsService - ✅ User found: finance@udom.ac.tz with role: FINANCE_OFFICER
2026-09-23 10:42:03 [http-nio-8080-exec-5] INFO  c.U.B.config.JwtAuthenticationFilter - ✅ Authentication set for user: finance@udom.ac.tz
2026-09-23 10:42:03 [http-nio-8080-exec-5] DEBUG o.s.security.web.FilterChainProxy - Secured GET /control-plane/branding/current
2026-09-23 10:42:03 [http-nio-8080-exec-9] INFO  c.U.B.S.CustomUserDetailsService - ✅ User found: finance@udom.ac.tz with role: FINANCE_OFFICER
2026-09-23 10:42:03 [http-nio-8080-exec-9] INFO  c.U.B.config.JwtAuthenticationFilter - ✅ Authentication set for user: finance@udom.ac.tz
2026-09-23 10:42:03 [http-nio-8080-exec-9] DEBUG o.s.security.web.FilterChainProxy - Secured GET /auth/profile
2026-09-23 10:42:03 [http-nio-8080-exec-9] INFO  c.U.B.Controller.AuthController - 👤 Get current user profile
2026-09-23 10:42:03 [http-nio-8080-exec-9] INFO  c.UDSM.BACKEND.Service.AuthService - Getting current user: finance@udom.ac.tz
2026-09-23 10:42:03 [http-nio-8080-exec-9] DEBUG c.UDSM.BACKEND.Service.AuthService -  Finding user by identifier: finance@udom.ac.tz
2026-09-23 10:42:07 [http-nio-8080-exec-6] DEBUG o.s.security.web.FilterChainProxy - Securing OPTIONS /auth/login
2026-09-23 10:42:07 [http-nio-8080-exec-8] DEBUG o.s.security.web.FilterChainProxy - Securing POST /auth/login
2026-09-23 10:42:07 [http-nio-8080-exec-8] DEBUG o.s.s.w.a.AnonymousAuthenticationFilter - Set SecurityContextHolder to anonymous SecurityContext
2026-09-23 10:42:07 [http-nio-8080-exec-8] DEBUG o.s.security.web.FilterChainProxy - Secured POST /auth/login
2026-09-23 10:42:07 [http-nio-8080-exec-8] INFO  c.U.B.Controller.AuthController - 🔐 Login attempt for: FINANCE@udom.ac.tz
2026-09-23 10:42:07 [http-nio-8080-exec-8] INFO  c.U.B.S.CustomUserDetailsService - 🔍 Loading user by identifier: FINANCE@udom.ac.tz
2026-09-23 10:42:07 [http-nio-8080-exec-8] INFO  c.U.B.S.CustomUserDetailsService - ✅ User found: finance@udom.ac.tz with role: FINANCE_OFFICER
2026-09-23 10:42:07 [http-nio-8080-exec-8] DEBUG o.s.s.a.d.DaoAuthenticationProvider - Authenticated user
2026-09-23 10:42:07 [http-nio-8080-exec-8] DEBUG c.UDSM.BACKEND.Service.AuthService -  Finding user by identifier: FINANCE@udom.ac.tz
2026-09-23 10:42:07 [http-nio-8080-exec-7] DEBUG o.s.security.web.FilterChainProxy - Securing GET /control-plane/branding/current
2026-09-23 10:42:07 [http-nio-8080-exec-7] INFO  c.U.B.config.JwtAuthenticationFilter - 🔑 JWT found in request: eyJhbGciOiJIUzI1NiJ9.eyJzdWIiO...
2026-09-23 10:42:07 [http-nio-8080-exec-7] INFO  c.U.B.config.JwtAuthenticationFilter - ✅ JWT validated for user: finance@udom.ac.tz
2026-09-23 10:42:07 [http-nio-8080-exec-7] INFO  c.U.B.S.CustomUserDetailsService - 🔍 Loading user by identifier: finance@udom.ac.tz
2026-09-23 10:42:07 [http-nio-8080-exec-7] INFO  c.U.B.S.CustomUserDetailsService - ✅ User found: finance@udom.ac.tz with role: FINANCE_OFFICER
2026-09-23 10:42:07 [http-nio-8080-exec-7] INFO  c.U.B.config.JwtAuthenticationFilter - ✅ Authentication set for user: finance@udom.ac.tz
2026-09-23 10:42:07 [http-nio-8080-exec-7] DEBUG o.s.security.web.FilterChainProxy - Secured GET /control-plane/branding/current
2026-09-23 10:42:11 [Thread-82] ERROR c.UDSM.BACKEND.Service.EmailService - ❌ Failed to send email to finance@udom.ac.tz: Authentication failed
2026-09-23 10:42:18 [http-nio-8080-exec-10] DEBUG o.s.security.web.FilterChainProxy - Securing GET /control-plane/branding/current
2026-09-23 10:42:18 [http-nio-8080-exec-10] INFO  c.U.B.config.JwtAuthenticationFilter - 🔑 JWT found in request: eyJhbGciOiJIUzI1NiJ9.eyJzdWIiO...
2026-09-23 10:42:18 [http-nio-8080-exec-10] INFO  c.U.B.config.JwtAuthenticationFilter - ✅ JWT validated for user: finance@udom.ac.tz
2026-09-23 10:42:18 [http-nio-8080-exec-10] INFO  c.U.B.S.CustomUserDetailsService - 🔍 Loading user by identifier: finance@udom.ac.tz
2026-09-23 10:42:18 [http-nio-8080-exec-10] INFO  c.U.B.S.CustomUserDetailsService - ✅ User found: finance@udom.ac.tz with role: FINANCE_OFFICER
2026-09-23 10:42:18 [http-nio-8080-exec-10] INFO  c.U.B.config.JwtAuthenticationFilter - ✅ Authentication set for user: finance@udom.ac.tz
2026-09-23 10:42:18 [http-nio-8080-exec-10] DEBUG o.s.security.web.FilterChainProxy - Secured GET /control-plane/branding/current
2026-09-23 10:46:09 [http-nio-8080-exec-1] DEBUG o.s.security.web.FilterChainProxy - Securing GET /control-plane/branding/current
2026-09-23 10:46:09 [http-nio-8080-exec-1] INFO  c.U.B.config.JwtAuthenticationFilter - 🔑 JWT found in request: eyJhbGciOiJIUzI1NiJ9.eyJzdWIiO...
2026-09-23 10:46:09 [http-nio-8080-exec-1] INFO  c.U.B.config.JwtAuthenticationFilter - ✅ JWT validated for user: finance@udom.ac.tz
2026-09-23 10:46:09 [http-nio-8080-exec-1] INFO  c.U.B.S.CustomUserDetailsService - 🔍 Loading user by identifier: finance@udom.ac.tz
2026-09-23 10:46:09 [http-nio-8080-exec-1] INFO  c.U.B.S.CustomUserDetailsService - ✅ User found: finance@udom.ac.tz with role: FINANCE_OFFICER
2026-09-23 10:46:09 [http-nio-8080-exec-1] INFO  c.U.B.config.JwtAuthenticationFilter - ✅ Authentication set for user: finance@udom.ac.tz
2026-09-23 10:46:09 [http-nio-8080-exec-1] DEBUG o.s.security.web.FilterChainProxy - Secured GET /control-plane/branding/current
2026-09-23 10:46:11 [http-nio-8080-exec-3] DEBUG o.s.security.web.FilterChainProxy - Securing GET /control-plane/branding/current
2026-09-23 10:46:11 [http-nio-8080-exec-3] INFO  c.U.B.config.JwtAuthenticationFilter - 🔑 JWT found in request: eyJhbGciOiJIUzI1NiJ9.eyJzdWIiO...
2026-09-23 10:46:11 [http-nio-8080-exec-3] INFO  c.U.B.config.JwtAuthenticationFilter - ✅ JWT validated for user: finance@udom.ac.tz
2026-09-23 10:46:11 [http-nio-8080-exec-3] INFO  c.U.B.S.CustomUserDetailsService - 🔍 Loading user by identifier: finance@udom.ac.tz
2026-09-23 10:46:11 [http-nio-8080-exec-3] INFO  c.U.B.S.CustomUserDetailsService - ✅ User found: finance@udom.ac.tz with role: FINANCE_OFFICER
2026-09-23 10:46:11 [http-nio-8080-exec-3] INFO  c.U.B.config.JwtAuthenticationFilter - ✅ Authentication set for user: finance@udom.ac.tz
2026-09-23 10:46:11 [http-nio-8080-exec-3] DEBUG o.s.security.web.FilterChainProxy - Secured GET /control-plane/branding/current
2026-09-23 10:46:23 [http-nio-8080-exec-5] DEBUG o.s.security.web.FilterChainProxy - Securing GET /control-plane/branding/current
2026-09-23 10:46:23 [http-nio-8080-exec-5] INFO  c.U.B.config.JwtAuthenticationFilter - 🔑 JWT found in request: eyJhbGciOiJIUzI1NiJ9.eyJzdWIiO...
2026-09-23 10:46:23 [http-nio-8080-exec-5] INFO  c.U.B.config.JwtAuthenticationFilter - ✅ JWT validated for user: finance@udom.ac.tz
2026-09-23 10:46:23 [http-nio-8080-exec-5] INFO  c.U.B.S.CustomUserDetailsService - 🔍 Loading user by identifier: finance@udom.ac.tz
2026-09-23 10:46:23 [http-nio-8080-exec-5] INFO  c.U.B.S.CustomUserDetailsService - ✅ User found: finance@udom.ac.tz with role: FINANCE_OFFICER
2026-09-23 10:46:23 [http-nio-8080-exec-5] INFO  c.U.B.config.JwtAuthenticationFilter - ✅ Authentication set for user: finance@udom.ac.tz
2026-09-23 10:46:23 [http-nio-8080-exec-5] DEBUG o.s.security.web.FilterChainProxy - Secured GET /control-plane/branding/current
2026-09-23 10:46:27 [http-nio-8080-exec-9] DEBUG o.s.security.web.FilterChainProxy - Securing GET /control-plane/branding/current
2026-09-23 10:46:27 [http-nio-8080-exec-9] INFO  c.U.B.config.JwtAuthenticationFilter - 🔑 JWT found in request: eyJhbGciOiJIUzI1NiJ9.eyJzdWIiO...
2026-09-23 10:46:27 [http-nio-8080-exec-9] INFO  c.U.B.config.JwtAuthenticationFilter - ✅ JWT validated for user: finance@udom.ac.tz
2026-09-23 10:46:27 [http-nio-8080-exec-9] INFO  c.U.B.S.CustomUserDetailsService - 🔍 Loading user by identifier: finance@udom.ac.tz
2026-09-23 10:46:27 [http-nio-8080-exec-9] INFO  c.U.B.S.CustomUserDetailsService - ✅ User found: finance@udom.ac.tz with role: FINANCE_OFFICER
2026-09-23 10:46:27 [http-nio-8080-exec-9] INFO  c.U.B.config.JwtAuthenticationFilter - ✅ Authentication set for user: finance@udom.ac.tz
2026-09-23 10:46:27 [http-nio-8080-exec-9] DEBUG o.s.security.web.FilterChainProxy - Secured GET /control-plane/branding/current
2026-09-23 10:46:27 [http-nio-8080-exec-6] DEBUG o.s.security.web.FilterChainProxy - Securing OPTIONS /auth/profile
2026-09-23 10:46:27 [http-nio-8080-exec-8] DEBUG o.s.security.web.FilterChainProxy - Securing GET /control-plane/branding/current
2026-09-23 10:46:27 [http-nio-8080-exec-6] DEBUG o.s.security.web.FilterChainProxy - Securing GET /auth/profile
2026-09-23 10:46:27 [http-nio-8080-exec-8] INFO  c.U.B.config.JwtAuthenticationFilter - 🔑 JWT found in request: eyJhbGciOiJIUzI1NiJ9.eyJzdWIiO...
2026-09-23 10:46:27 [http-nio-8080-exec-8] INFO  c.U.B.config.JwtAuthenticationFilter - ✅ JWT validated for user: finance@udom.ac.tz
2026-09-23 10:46:27 [http-nio-8080-exec-8] INFO  c.U.B.S.CustomUserDetailsService - 🔍 Loading user by identifier: finance@udom.ac.tz
2026-09-23 10:46:27 [http-nio-8080-exec-6] INFO  c.U.B.config.JwtAuthenticationFilter - 🔑 JWT found in request: eyJhbGciOiJIUzI1NiJ9.eyJzdWIiO...
2026-09-23 10:46:27 [http-nio-8080-exec-8] INFO  c.U.B.S.CustomUserDetailsService - ✅ User found: finance@udom.ac.tz with role: FINANCE_OFFICER
2026-09-23 10:46:27 [http-nio-8080-exec-8] INFO  c.U.B.config.JwtAuthenticationFilter - ✅ Authentication set for user: finance@udom.ac.tz
2026-09-23 10:46:27 [http-nio-8080-exec-8] DEBUG o.s.security.web.FilterChainProxy - Secured GET /control-plane/branding/current
2026-09-23 10:46:27 [http-nio-8080-exec-6] INFO  c.U.B.config.JwtAuthenticationFilter - ✅ JWT validated for user: finance@udom.ac.tz
2026-09-23 10:46:27 [http-nio-8080-exec-6] INFO  c.U.B.S.CustomUserDetailsService - 🔍 Loading user by identifier: finance@udom.ac.tz
2026-09-23 10:46:27 [http-nio-8080-exec-6] INFO  c.U.B.S.CustomUserDetailsService - ✅ User found: finance@udom.ac.tz with role: FINANCE_OFFICER
2026-09-23 10:46:27 [http-nio-8080-exec-6] INFO  c.U.B.config.JwtAuthenticationFilter - ✅ Authentication set for user: finance@udom.ac.tz
2026-09-23 10:46:27 [http-nio-8080-exec-6] DEBUG o.s.security.web.FilterChainProxy - Secured GET /auth/profile
2026-09-23 10:46:27 [http-nio-8080-exec-6] INFO  c.U.B.Controller.AuthController - 👤 Get current user profile
2026-09-23 10:46:27 [http-nio-8080-exec-6] INFO  c.UDSM.BACKEND.Service.AuthService - Getting current user: finance@udom.ac.tz
2026-09-23 10:46:27 [http-nio-8080-exec-6] DEBUG c.UDSM.BACKEND.Service.AuthService -  Finding user by identifier: finance@udom.ac.tz
2026-09-23 10:46:31 [http-nio-8080-exec-7] DEBUG o.s.security.web.FilterChainProxy - Securing OPTIONS /auth/login
2026-09-23 10:46:31 [http-nio-8080-exec-10] DEBUG o.s.security.web.FilterChainProxy - Securing POST /auth/login
2026-09-23 10:46:31 [http-nio-8080-exec-10] DEBUG o.s.s.w.a.AnonymousAuthenticationFilter - Set SecurityContextHolder to anonymous SecurityContext
2026-09-23 10:46:31 [http-nio-8080-exec-10] DEBUG o.s.security.web.FilterChainProxy - Secured POST /auth/login
2026-09-23 10:46:31 [http-nio-8080-exec-10] INFO  c.U.B.Controller.AuthController - 🔐 Login attempt for: FINANCE@udom.ac.tz
2026-09-23 10:46:31 [http-nio-8080-exec-10] INFO  c.U.B.S.CustomUserDetailsService - 🔍 Loading user by identifier: FINANCE@udom.ac.tz
2026-09-23 10:46:31 [http-nio-8080-exec-10] INFO  c.U.B.S.CustomUserDetailsService - ✅ User found: finance@udom.ac.tz with role: FINANCE_OFFICER
2026-09-23 10:46:31 [http-nio-8080-exec-10] DEBUG o.s.s.a.d.DaoAuthenticationProvider - Authenticated user
2026-09-23 10:46:31 [http-nio-8080-exec-10] DEBUG c.UDSM.BACKEND.Service.AuthService -  Finding user by identifier: FINANCE@udom.ac.tz
2026-09-23 10:46:31 [http-nio-8080-exec-4] DEBUG o.s.security.web.FilterChainProxy - Securing GET /control-plane/branding/current
2026-09-23 10:46:31 [http-nio-8080-exec-4] INFO  c.U.B.config.JwtAuthenticationFilter - 🔑 JWT found in request: eyJhbGciOiJIUzI1NiJ9.eyJzdWIiO...
2026-09-23 10:46:31 [http-nio-8080-exec-4] INFO  c.U.B.config.JwtAuthenticationFilter - ✅ JWT validated for user: finance@udom.ac.tz
2026-09-23 10:46:31 [http-nio-8080-exec-4] INFO  c.U.B.S.CustomUserDetailsService - 🔍 Loading user by identifier: finance@udom.ac.tz
2026-09-23 10:46:31 [http-nio-8080-exec-4] INFO  c.U.B.S.CustomUserDetailsService - ✅ User found: finance@udom.ac.tz with role: FINANCE_OFFICER
2026-09-23 10:46:31 [http-nio-8080-exec-4] INFO  c.U.B.config.JwtAuthenticationFilter - ✅ Authentication set for user: finance@udom.ac.tz
2026-09-23 10:46:31 [http-nio-8080-exec-4] DEBUG o.s.security.web.FilterChainProxy - Secured GET /control-plane/branding/current
2026-09-23 10:46:34 [http-nio-8080-exec-2] DEBUG o.s.security.web.FilterChainProxy - Securing GET /control-plane/branding/current
2026-09-23 10:46:34 [http-nio-8080-exec-2] INFO  c.U.B.config.JwtAuthenticationFilter - 🔑 JWT found in request: eyJhbGciOiJIUzI1NiJ9.eyJzdWIiO...
2026-09-23 10:46:34 [http-nio-8080-exec-2] INFO  c.U.B.config.JwtAuthenticationFilter - ✅ JWT validated for user: finance@udom.ac.tz
2026-09-23 10:46:34 [http-nio-8080-exec-2] INFO  c.U.B.S.CustomUserDetailsService - 🔍 Loading user by identifier: finance@udom.ac.tz
2026-09-23 10:46:34 [http-nio-8080-exec-2] INFO  c.U.B.S.CustomUserDetailsService - ✅ User found: finance@udom.ac.tz with role: FINANCE_OFFICER
2026-09-23 10:46:34 [http-nio-8080-exec-2] INFO  c.U.B.config.JwtAuthenticationFilter - ✅ Authentication set for user: finance@udom.ac.tz
2026-09-23 10:46:34 [http-nio-8080-exec-2] DEBUG o.s.security.web.FilterChainProxy - Secured GET /control-plane/branding/current
2026-09-23 10:46:34 [Thread-83] ERROR c.UDSM.BACKEND.Service.EmailService - ❌ Failed to send email to finance@udom.ac.tz: Authentication failed
2026-09-23 11:07:48 [http-nio-8080-exec-5] DEBUG o.s.security.web.FilterChainProxy - Securing GET /control-plane/branding/current
2026-09-23 11:07:49 [http-nio-8080-exec-5] INFO  c.U.B.config.JwtAuthenticationFilter - 🔑 JWT found in request: eyJhbGciOiJIUzI1NiJ9.eyJzdWIiO...
2026-09-23 11:07:49 [http-nio-8080-exec-5] INFO  c.U.B.config.JwtAuthenticationFilter - ✅ JWT validated for user: finance@udom.ac.tz
2026-09-23 11:07:49 [http-nio-8080-exec-5] INFO  c.U.B.S.CustomUserDetailsService - 🔍 Loading user by identifier: finance@udom.ac.tz
2026-09-23 11:07:49 [http-nio-8080-exec-5] INFO  c.U.B.S.CustomUserDetailsService - ✅ User found: finance@udom.ac.tz with role: FINANCE_OFFICER
2026-09-23 11:07:49 [http-nio-8080-exec-5] INFO  c.U.B.config.JwtAuthenticationFilter - ✅ Authentication set for user: finance@udom.ac.tz
2026-09-23 11:07:49 [http-nio-8080-exec-5] DEBUG o.s.security.web.FilterChainProxy - Secured GET /control-plane/branding/current
2026-09-23 11:07:50 [http-nio-8080-exec-9] DEBUG o.s.security.web.FilterChainProxy - Securing OPTIONS /auth/profile
2026-09-23 11:07:50 [http-nio-8080-exec-8] DEBUG o.s.security.web.FilterChainProxy - Securing GET /auth/profile
2026-09-23 11:07:50 [http-nio-8080-exec-8] INFO  c.U.B.config.JwtAuthenticationFilter - 🔑 JWT found in request: eyJhbGciOiJIUzI1NiJ9.eyJzdWIiO...
2026-09-23 11:07:50 [http-nio-8080-exec-8] INFO  c.U.B.config.JwtAuthenticationFilter - ✅ JWT validated for user: finance@udom.ac.tz
2026-09-23 11:07:50 [http-nio-8080-exec-8] INFO  c.U.B.S.CustomUserDetailsService - 🔍 Loading user by identifier: finance@udom.ac.tz
2026-09-23 11:07:50 [http-nio-8080-exec-8] INFO  c.U.B.S.CustomUserDetailsService - ✅ User found: finance@udom.ac.tz with role: FINANCE_OFFICER
2026-09-23 11:07:50 [http-nio-8080-exec-8] INFO  c.U.B.config.JwtAuthenticationFilter - ✅ Authentication set for user: finance@udom.ac.tz
2026-09-23 11:07:50 [http-nio-8080-exec-8] DEBUG o.s.security.web.FilterChainProxy - Secured GET /auth/profile
2026-09-23 11:07:50 [http-nio-8080-exec-8] INFO  c.U.B.Controller.AuthController - 👤 Get current user profile
2026-09-23 11:07:50 [http-nio-8080-exec-6] DEBUG o.s.security.web.FilterChainProxy - Securing GET /control-plane/branding/current
2026-09-23 11:07:50 [http-nio-8080-exec-6] INFO  c.U.B.config.JwtAuthenticationFilter - 🔑 JWT found in request: eyJhbGciOiJIUzI1NiJ9.eyJzdWIiO...
2026-09-23 11:07:50 [http-nio-8080-exec-6] INFO  c.U.B.config.JwtAuthenticationFilter - ✅ JWT validated for user: finance@udom.ac.tz
2026-09-23 11:07:50 [http-nio-8080-exec-6] INFO  c.U.B.S.CustomUserDetailsService - 🔍 Loading user by identifier: finance@udom.ac.tz
2026-09-23 11:07:50 [http-nio-8080-exec-8] INFO  c.UDSM.BACKEND.Service.AuthService - Getting current user: finance@udom.ac.tz
2026-09-23 11:07:50 [http-nio-8080-exec-8] DEBUG c.UDSM.BACKEND.Service.AuthService -  Finding user by identifier: finance@udom.ac.tz
2026-09-23 11:07:50 [http-nio-8080-exec-6] INFO  c.U.B.S.CustomUserDetailsService - ✅ User found: finance@udom.ac.tz with role: FINANCE_OFFICER
2026-09-23 11:07:50 [http-nio-8080-exec-6] INFO  c.U.B.config.JwtAuthenticationFilter - ✅ Authentication set for user: finance@udom.ac.tz
2026-09-23 11:07:50 [http-nio-8080-exec-6] DEBUG o.s.security.web.FilterChainProxy - Secured GET /control-plane/branding/current
2026-09-23 11:08:47 [http-nio-8080-exec-4] DEBUG o.s.security.web.FilterChainProxy - Securing OPTIONS /auth/login
2026-09-23 11:08:47 [http-nio-8080-exec-2] DEBUG o.s.security.web.FilterChainProxy - Securing POST /auth/login
2026-09-23 11:08:47 [http-nio-8080-exec-2] DEBUG o.s.s.w.a.AnonymousAuthenticationFilter - Set SecurityContextHolder to anonymous SecurityContext
2026-09-23 11:08:47 [http-nio-8080-exec-2] DEBUG o.s.security.web.FilterChainProxy - Secured POST /auth/login
2026-09-23 11:08:47 [http-nio-8080-exec-2] INFO  c.U.B.Controller.AuthController - 🔐 Login attempt for: FINANCE@udom.ac.tz
2026-09-23 11:08:47 [http-nio-8080-exec-2] INFO  c.U.B.S.CustomUserDetailsService - 🔍 Loading user by identifier: FINANCE@udom.ac.tz
2026-09-23 11:08:47 [http-nio-8080-exec-2] INFO  c.U.B.S.CustomUserDetailsService - ✅ User found: finance@udom.ac.tz with role: FINANCE_OFFICER
2026-09-23 11:08:47 [http-nio-8080-exec-2] DEBUG o.s.s.a.d.DaoAuthenticationProvider - Authenticated user
2026-09-23 11:08:47 [http-nio-8080-exec-2] DEBUG c.UDSM.BACKEND.Service.AuthService -  Finding user by identifier: FINANCE@udom.ac.tz
2026-09-23 11:08:48 [http-nio-8080-exec-1] DEBUG o.s.security.web.FilterChainProxy - Securing GET /control-plane/branding/current
2026-09-23 11:08:48 [http-nio-8080-exec-1] INFO  c.U.B.config.JwtAuthenticationFilter - 🔑 JWT found in request: eyJhbGciOiJIUzI1NiJ9.eyJzdWIiO...
2026-09-23 11:08:48 [http-nio-8080-exec-1] INFO  c.U.B.config.JwtAuthenticationFilter - ✅ JWT validated for user: finance@udom.ac.tz
2026-09-23 11:08:48 [http-nio-8080-exec-1] INFO  c.U.B.S.CustomUserDetailsService - 🔍 Loading user by identifier: finance@udom.ac.tz
2026-09-23 11:08:48 [http-nio-8080-exec-1] INFO  c.U.B.S.CustomUserDetailsService - ✅ User found: finance@udom.ac.tz with role: FINANCE_OFFICER
2026-09-23 11:08:48 [http-nio-8080-exec-1] INFO  c.U.B.config.JwtAuthenticationFilter - ✅ Authentication set for user: finance@udom.ac.tz
2026-09-23 11:08:48 [http-nio-8080-exec-1] DEBUG o.s.security.web.FilterChainProxy - Secured GET /control-plane/branding/current
2026-09-23 11:08:50 [Thread-84] ERROR c.UDSM.BACKEND.Service.EmailService - ❌ Failed to send email to finance@udom.ac.tz: Authentication failed
2026-09-23 11:08:52 [http-nio-8080-exec-3] DEBUG o.s.security.web.FilterChainProxy - Securing GET /control-plane/branding/current
2026-09-23 11:08:52 [http-nio-8080-exec-3] INFO  c.U.B.config.JwtAuthenticationFilter - 🔑 JWT found in request: eyJhbGciOiJIUzI1NiJ9.eyJzdWIiO...
2026-09-23 11:08:52 [http-nio-8080-exec-3] INFO  c.U.B.config.JwtAuthenticationFilter - ✅ JWT validated for user: finance@udom.ac.tz
2026-09-23 11:08:52 [http-nio-8080-exec-3] INFO  c.U.B.S.CustomUserDetailsService - 🔍 Loading user by identifier: finance@udom.ac.tz
2026-09-23 11:08:52 [http-nio-8080-exec-3] INFO  c.U.B.S.CustomUserDetailsService - ✅ User found: finance@udom.ac.tz with role: FINANCE_OFFICER
2026-09-23 11:08:52 [http-nio-8080-exec-3] INFO  c.U.B.config.JwtAuthenticationFilter - ✅ Authentication set for user: finance@udom.ac.tz
2026-09-23 11:08:52 [http-nio-8080-exec-3] DEBUG o.s.security.web.FilterChainProxy - Secured GET /control-plane/branding/current
2026-09-23 11:11:50 [http-nio-8080-exec-6] DEBUG o.s.security.web.FilterChainProxy - Securing GET /control-plane/branding/current
2026-09-23 11:11:50 [http-nio-8080-exec-6] INFO  c.U.B.config.JwtAuthenticationFilter - 🔑 JWT found in request: eyJhbGciOiJIUzI1NiJ9.eyJzdWIiO...
2026-09-23 11:11:50 [http-nio-8080-exec-6] INFO  c.U.B.config.JwtAuthenticationFilter - ✅ JWT validated for user: finance@udom.ac.tz
2026-09-23 11:11:50 [http-nio-8080-exec-6] INFO  c.U.B.S.CustomUserDetailsService - 🔍 Loading user by identifier: finance@udom.ac.tz
2026-09-23 11:11:50 [http-nio-8080-exec-6] INFO  c.U.B.S.CustomUserDetailsService - ✅ User found: finance@udom.ac.tz with role: FINANCE_OFFICER
2026-09-23 11:11:50 [http-nio-8080-exec-6] INFO  c.U.B.config.JwtAuthenticationFilter - ✅ Authentication set for user: finance@udom.ac.tz
2026-09-23 11:11:50 [http-nio-8080-exec-6] DEBUG o.s.security.web.FilterChainProxy - Secured GET /control-plane/branding/current
2026-09-23 11:11:50 [http-nio-8080-exec-8] DEBUG o.s.security.web.FilterChainProxy - Securing OPTIONS /auth/profile
2026-09-23 11:11:50 [http-nio-8080-exec-7] DEBUG o.s.security.web.FilterChainProxy - Securing GET /control-plane/branding/current
2026-09-23 11:11:50 [http-nio-8080-exec-7] INFO  c.U.B.config.JwtAuthenticationFilter - 🔑 JWT found in request: eyJhbGciOiJIUzI1NiJ9.eyJzdWIiO...
2026-09-23 11:11:50 [http-nio-8080-exec-10] DEBUG o.s.security.web.FilterChainProxy - Securing GET /auth/profile
2026-09-23 11:11:50 [http-nio-8080-exec-10] INFO  c.U.B.config.JwtAuthenticationFilter - 🔑 JWT found in request: eyJhbGciOiJIUzI1NiJ9.eyJzdWIiO...
2026-09-23 11:11:50 [http-nio-8080-exec-7] INFO  c.U.B.config.JwtAuthenticationFilter - ✅ JWT validated for user: finance@udom.ac.tz
2026-09-23 11:11:50 [http-nio-8080-exec-10] INFO  c.U.B.config.JwtAuthenticationFilter - ✅ JWT validated for user: finance@udom.ac.tz
2026-09-23 11:11:50 [http-nio-8080-exec-7] INFO  c.U.B.S.CustomUserDetailsService - 🔍 Loading user by identifier: finance@udom.ac.tz
2026-09-23 11:11:50 [http-nio-8080-exec-10] INFO  c.U.B.S.CustomUserDetailsService - 🔍 Loading user by identifier: finance@udom.ac.tz
2026-09-23 11:11:50 [http-nio-8080-exec-7] INFO  c.U.B.S.CustomUserDetailsService - ✅ User found: finance@udom.ac.tz with role: FINANCE_OFFICER
2026-09-23 11:11:50 [http-nio-8080-exec-7] INFO  c.U.B.config.JwtAuthenticationFilter - ✅ Authentication set for user: finance@udom.ac.tz
2026-09-23 11:11:50 [http-nio-8080-exec-7] DEBUG o.s.security.web.FilterChainProxy - Secured GET /control-plane/branding/current
2026-09-23 11:11:50 [http-nio-8080-exec-10] INFO  c.U.B.S.CustomUserDetailsService - ✅ User found: finance@udom.ac.tz with role: FINANCE_OFFICER
2026-09-23 11:11:50 [http-nio-8080-exec-10] INFO  c.U.B.config.JwtAuthenticationFilter - ✅ Authentication set for user: finance@udom.ac.tz
2026-09-23 11:11:50 [http-nio-8080-exec-10] DEBUG o.s.security.web.FilterChainProxy - Secured GET /auth/profile
2026-09-23 11:11:50 [http-nio-8080-exec-10] INFO  c.U.B.Controller.AuthController - 👤 Get current user profile
2026-09-23 11:11:50 [http-nio-8080-exec-10] INFO  c.UDSM.BACKEND.Service.AuthService - Getting current user: finance@udom.ac.tz
2026-09-23 11:11:50 [http-nio-8080-exec-10] DEBUG c.UDSM.BACKEND.Service.AuthService -  Finding user by identifier: finance@udom.ac.tz
2026-09-23 11:11:55 [http-nio-8080-exec-4] DEBUG o.s.security.web.FilterChainProxy - Securing OPTIONS /auth/login
2026-09-23 11:11:55 [http-nio-8080-exec-2] DEBUG o.s.security.web.FilterChainProxy - Securing POST /auth/login
2026-09-23 11:11:55 [http-nio-8080-exec-2] DEBUG o.s.s.w.a.AnonymousAuthenticationFilter - Set SecurityContextHolder to anonymous SecurityContext
2026-09-23 11:11:55 [http-nio-8080-exec-2] DEBUG o.s.security.web.FilterChainProxy - Secured POST /auth/login
2026-09-23 11:11:55 [http-nio-8080-exec-2] INFO  c.U.B.Controller.AuthController - 🔐 Login attempt for: FINANCE@udom.ac.tz
2026-09-23 11:11:55 [http-nio-8080-exec-2] INFO  c.U.B.S.CustomUserDetailsService - 🔍 Loading user by identifier: FINANCE@udom.ac.tz
2026-09-23 11:11:55 [http-nio-8080-exec-2] INFO  c.U.B.S.CustomUserDetailsService - ✅ User found: finance@udom.ac.tz with role: FINANCE_OFFICER
2026-09-23 11:11:55 [http-nio-8080-exec-2] DEBUG o.s.s.a.d.DaoAuthenticationProvider - Authenticated user
2026-09-23 11:11:55 [http-nio-8080-exec-2] DEBUG c.UDSM.BACKEND.Service.AuthService -  Finding user by identifier: FINANCE@udom.ac.tz
2026-09-23 11:11:55 [http-nio-8080-exec-1] DEBUG o.s.security.web.FilterChainProxy - Securing GET /control-plane/branding/current
2026-09-23 11:11:55 [http-nio-8080-exec-1] INFO  c.U.B.config.JwtAuthenticationFilter - 🔑 JWT found in request: eyJhbGciOiJIUzI1NiJ9.eyJzdWIiO...
2026-09-23 11:11:55 [http-nio-8080-exec-1] INFO  c.U.B.config.JwtAuthenticationFilter - ✅ JWT validated for user: finance@udom.ac.tz
2026-09-23 11:11:55 [http-nio-8080-exec-1] INFO  c.U.B.S.CustomUserDetailsService - 🔍 Loading user by identifier: finance@udom.ac.tz
2026-09-23 11:11:55 [http-nio-8080-exec-1] INFO  c.U.B.S.CustomUserDetailsService - ✅ User found: finance@udom.ac.tz with role: FINANCE_OFFICER
2026-09-23 11:11:55 [http-nio-8080-exec-1] INFO  c.U.B.config.JwtAuthenticationFilter - ✅ Authentication set for user: finance@udom.ac.tz
2026-09-23 11:11:55 [http-nio-8080-exec-1] DEBUG o.s.security.web.FilterChainProxy - Secured GET /control-plane/branding/current
2026-09-23 11:11:57 [Thread-85] ERROR c.UDSM.BACKEND.Service.EmailService - ❌ Failed to send email to finance@udom.ac.tz: Authentication failed
2026-09-23 11:12:09 [http-nio-8080-exec-3] DEBUG o.s.security.web.FilterChainProxy - Securing GET /control-plane/branding/current
2026-09-23 11:12:09 [http-nio-8080-exec-3] INFO  c.U.B.config.JwtAuthenticationFilter - 🔑 JWT found in request: eyJhbGciOiJIUzI1NiJ9.eyJzdWIiO...
2026-09-23 11:12:09 [http-nio-8080-exec-3] INFO  c.U.B.config.JwtAuthenticationFilter - ✅ JWT validated for user: finance@udom.ac.tz
2026-09-23 11:12:09 [http-nio-8080-exec-3] INFO  c.U.B.S.CustomUserDetailsService - 🔍 Loading user by identifier: finance@udom.ac.tz
2026-09-23 11:12:09 [http-nio-8080-exec-3] INFO  c.U.B.S.CustomUserDetailsService - ✅ User found: finance@udom.ac.tz with role: FINANCE_OFFICER
2026-09-23 11:12:09 [http-nio-8080-exec-3] INFO  c.U.B.config.JwtAuthenticationFilter - ✅ Authentication set for user: finance@udom.ac.tz
2026-09-23 11:12:09 [http-nio-8080-exec-3] DEBUG o.s.security.web.FilterChainProxy - Secured GET /control-plane/branding/current
2026-09-23 11:14:45 [http-nio-8080-exec-6] DEBUG o.s.security.web.FilterChainProxy - Securing GET /control-plane/branding/current
2026-09-23 11:14:45 [http-nio-8080-exec-8] DEBUG o.s.security.web.FilterChainProxy - Securing OPTIONS /auth/profile
2026-09-23 11:14:45 [http-nio-8080-exec-6] INFO  c.U.B.config.JwtAuthenticationFilter - 🔑 JWT found in request: eyJhbGciOiJIUzI1NiJ9.eyJzdWIiO...
2026-09-23 11:14:45 [http-nio-8080-exec-6] INFO  c.U.B.config.JwtAuthenticationFilter - ✅ JWT validated for user: finance@udom.ac.tz
2026-09-23 11:14:45 [http-nio-8080-exec-6] INFO  c.U.B.S.CustomUserDetailsService - 🔍 Loading user by identifier: finance@udom.ac.tz
2026-09-23 11:14:45 [http-nio-8080-exec-6] INFO  c.U.B.S.CustomUserDetailsService - ✅ User found: finance@udom.ac.tz with role: FINANCE_OFFICER
2026-09-23 11:14:45 [http-nio-8080-exec-6] INFO  c.U.B.config.JwtAuthenticationFilter - ✅ Authentication set for user: finance@udom.ac.tz
2026-09-23 11:14:45 [http-nio-8080-exec-6] DEBUG o.s.security.web.FilterChainProxy - Secured GET /control-plane/branding/current
2026-09-23 11:14:45 [http-nio-8080-exec-7] DEBUG o.s.security.web.FilterChainProxy - Securing GET /auth/profile
2026-09-23 11:14:45 [http-nio-8080-exec-10] DEBUG o.s.security.web.FilterChainProxy - Securing GET /control-plane/branding/current
2026-09-23 11:14:45 [http-nio-8080-exec-7] INFO  c.U.B.config.JwtAuthenticationFilter - 🔑 JWT found in request: eyJhbGciOiJIUzI1NiJ9.eyJzdWIiO...
2026-09-23 11:14:45 [http-nio-8080-exec-10] INFO  c.U.B.config.JwtAuthenticationFilter - 🔑 JWT found in request: eyJhbGciOiJIUzI1NiJ9.eyJzdWIiO...
2026-09-23 11:14:45 [http-nio-8080-exec-10] INFO  c.U.B.config.JwtAuthenticationFilter - ✅ JWT validated for user: finance@udom.ac.tz
2026-09-23 11:14:45 [http-nio-8080-exec-7] INFO  c.U.B.config.JwtAuthenticationFilter - ✅ JWT validated for user: finance@udom.ac.tz
2026-09-23 11:14:46 [http-nio-8080-exec-7] INFO  c.U.B.S.CustomUserDetailsService - 🔍 Loading user by identifier: finance@udom.ac.tz
2026-09-23 11:14:46 [http-nio-8080-exec-10] INFO  c.U.B.S.CustomUserDetailsService - 🔍 Loading user by identifier: finance@udom.ac.tz
2026-09-23 11:14:46 [http-nio-8080-exec-7] INFO  c.U.B.S.CustomUserDetailsService - ✅ User found: finance@udom.ac.tz with role: FINANCE_OFFICER
2026-09-23 11:14:46 [http-nio-8080-exec-10] INFO  c.U.B.S.CustomUserDetailsService - ✅ User found: finance@udom.ac.tz with role: FINANCE_OFFICER
2026-09-23 11:14:46 [http-nio-8080-exec-7] INFO  c.U.B.config.JwtAuthenticationFilter - ✅ Authentication set for user: finance@udom.ac.tz
2026-09-23 11:14:46 [http-nio-8080-exec-10] INFO  c.U.B.config.JwtAuthenticationFilter - ✅ Authentication set for user: finance@udom.ac.tz
2026-09-23 11:14:46 [http-nio-8080-exec-7] DEBUG o.s.security.web.FilterChainProxy - Secured GET /auth/profile
2026-09-23 11:14:46 [http-nio-8080-exec-10] DEBUG o.s.security.web.FilterChainProxy - Secured GET /control-plane/branding/current
2026-09-23 11:14:46 [http-nio-8080-exec-7] INFO  c.U.B.Controller.AuthController - 👤 Get current user profile
2026-09-23 11:14:46 [http-nio-8080-exec-7] INFO  c.UDSM.BACKEND.Service.AuthService - Getting current user: finance@udom.ac.tz
2026-09-23 11:14:46 [http-nio-8080-exec-7] DEBUG c.UDSM.BACKEND.Service.AuthService -  Finding user by identifier: finance@udom.ac.tz
2026-09-23 11:14:49 [http-nio-8080-exec-4] DEBUG o.s.security.web.FilterChainProxy - Securing OPTIONS /auth/login
2026-09-23 11:14:49 [http-nio-8080-exec-2] DEBUG o.s.security.web.FilterChainProxy - Securing POST /auth/login
2026-09-23 11:14:49 [http-nio-8080-exec-2] DEBUG o.s.s.w.a.AnonymousAuthenticationFilter - Set SecurityContextHolder to anonymous SecurityContext
2026-09-23 11:14:49 [http-nio-8080-exec-2] DEBUG o.s.security.web.FilterChainProxy - Secured POST /auth/login
2026-09-23 11:14:49 [http-nio-8080-exec-2] INFO  c.U.B.Controller.AuthController - 🔐 Login attempt for: FINANCE@udom.ac.tz
2026-09-23 11:14:49 [http-nio-8080-exec-2] INFO  c.U.B.S.CustomUserDetailsService - 🔍 Loading user by identifier: FINANCE@udom.ac.tz
2026-09-23 11:14:49 [http-nio-8080-exec-2] INFO  c.U.B.S.CustomUserDetailsService - ✅ User found: finance@udom.ac.tz with role: FINANCE_OFFICER
2026-09-23 11:14:49 [http-nio-8080-exec-2] DEBUG o.s.s.a.d.DaoAuthenticationProvider - Authenticated user
2026-09-23 11:14:49 [http-nio-8080-exec-2] DEBUG c.UDSM.BACKEND.Service.AuthService -  Finding user by identifier: FINANCE@udom.ac.tz
2026-09-23 11:14:49 [http-nio-8080-exec-1] DEBUG o.s.security.web.FilterChainProxy - Securing GET /control-plane/branding/current
2026-09-23 11:14:49 [http-nio-8080-exec-1] INFO  c.U.B.config.JwtAuthenticationFilter - 🔑 JWT found in request: eyJhbGciOiJIUzI1NiJ9.eyJzdWIiO...
2026-09-23 11:14:49 [http-nio-8080-exec-1] INFO  c.U.B.config.JwtAuthenticationFilter - ✅ JWT validated for user: finance@udom.ac.tz
2026-09-23 11:14:49 [http-nio-8080-exec-1] INFO  c.U.B.S.CustomUserDetailsService - 🔍 Loading user by identifier: finance@udom.ac.tz
2026-09-23 11:14:49 [http-nio-8080-exec-1] INFO  c.U.B.S.CustomUserDetailsService - ✅ User found: finance@udom.ac.tz with role: FINANCE_OFFICER
2026-09-23 11:14:49 [http-nio-8080-exec-1] INFO  c.U.B.config.JwtAuthenticationFilter - ✅ Authentication set for user: finance@udom.ac.tz
2026-09-23 11:14:49 [http-nio-8080-exec-1] DEBUG o.s.security.web.FilterChainProxy - Secured GET /control-plane/branding/current
2026-09-23 11:14:51 [Thread-86] ERROR c.UDSM.BACKEND.Service.EmailService - ❌ Failed to send email to finance@udom.ac.tz: Authentication failed
2026-09-23 11:14:53 [http-nio-8080-exec-3] DEBUG o.s.security.web.FilterChainProxy - Securing GET /control-plane/branding/current
2026-09-23 11:14:53 [http-nio-8080-exec-3] INFO  c.U.B.config.JwtAuthenticationFilter - 🔑 JWT found in request: eyJhbGciOiJIUzI1NiJ9.eyJzdWIiO...
2026-09-23 11:14:53 [http-nio-8080-exec-3] INFO  c.U.B.config.JwtAuthenticationFilter - ✅ JWT validated for user: finance@udom.ac.tz
2026-09-23 11:14:53 [http-nio-8080-exec-3] INFO  c.U.B.S.CustomUserDetailsService - 🔍 Loading user by identifier: finance@udom.ac.tz
2026-09-23 11:14:53 [http-nio-8080-exec-3] INFO  c.U.B.S.CustomUserDetailsService - ✅ User found: finance@udom.ac.tz with role: FINANCE_OFFICER
2026-09-23 11:14:53 [http-nio-8080-exec-3] INFO  c.U.B.config.JwtAuthenticationFilter - ✅ Authentication set for user: finance@udom.ac.tz
2026-09-23 11:14:53 [http-nio-8080-exec-3] DEBUG o.s.security.web.FilterChainProxy - Secured GET /control-plane/branding/current
2026-09-23 11:21:57 [http-nio-8080-exec-6] DEBUG o.s.security.web.FilterChainProxy - Securing OPTIONS /auth/profile
2026-09-23 11:21:57 [http-nio-8080-exec-8] DEBUG o.s.security.web.FilterChainProxy - Securing GET /control-plane/branding/current
2026-09-23 11:21:57 [http-nio-8080-exec-8] INFO  c.U.B.config.JwtAuthenticationFilter - 🔑 JWT found in request: eyJhbGciOiJIUzI1NiJ9.eyJzdWIiO...
2026-09-23 11:21:57 [http-nio-8080-exec-10] DEBUG o.s.security.web.FilterChainProxy - Securing GET /auth/profile
2026-09-23 11:21:57 [http-nio-8080-exec-10] INFO  c.U.B.config.JwtAuthenticationFilter - 🔑 JWT found in request: eyJhbGciOiJIUzI1NiJ9.eyJzdWIiO...
2026-09-23 11:21:57 [http-nio-8080-exec-8] INFO  c.U.B.config.JwtAuthenticationFilter - ✅ JWT validated for user: finance@udom.ac.tz
2026-09-23 11:21:57 [http-nio-8080-exec-10] INFO  c.U.B.config.JwtAuthenticationFilter - ✅ JWT validated for user: finance@udom.ac.tz
2026-09-23 11:21:57 [http-nio-8080-exec-8] INFO  c.U.B.S.CustomUserDetailsService - 🔍 Loading user by identifier: finance@udom.ac.tz
2026-09-23 11:21:57 [http-nio-8080-exec-10] INFO  c.U.B.S.CustomUserDetailsService - 🔍 Loading user by identifier: finance@udom.ac.tz
2026-09-23 11:21:57 [http-nio-8080-exec-8] INFO  c.U.B.S.CustomUserDetailsService - ✅ User found: finance@udom.ac.tz with role: FINANCE_OFFICER
2026-09-23 11:21:57 [http-nio-8080-exec-10] INFO  c.U.B.S.CustomUserDetailsService - ✅ User found: finance@udom.ac.tz with role: FINANCE_OFFICER
2026-09-23 11:21:57 [http-nio-8080-exec-8] INFO  c.U.B.config.JwtAuthenticationFilter - ✅ Authentication set for user: finance@udom.ac.tz
2026-09-23 11:21:57 [http-nio-8080-exec-10] INFO  c.U.B.config.JwtAuthenticationFilter - ✅ Authentication set for user: finance@udom.ac.tz
2026-09-23 11:21:57 [http-nio-8080-exec-8] DEBUG o.s.security.web.FilterChainProxy - Secured GET /control-plane/branding/current
2026-09-23 11:21:57 [http-nio-8080-exec-10] DEBUG o.s.security.web.FilterChainProxy - Secured GET /auth/profile
2026-09-23 11:21:57 [http-nio-8080-exec-10] INFO  c.U.B.Controller.AuthController - 👤 Get current user profile
2026-09-23 11:21:57 [http-nio-8080-exec-10] INFO  c.UDSM.BACKEND.Service.AuthService - Getting current user: finance@udom.ac.tz
2026-09-23 11:21:57 [http-nio-8080-exec-10] DEBUG c.UDSM.BACKEND.Service.AuthService -  Finding user by identifier: finance@udom.ac.tz
2026-09-23 11:21:58 [http-nio-8080-exec-7] DEBUG o.s.security.web.FilterChainProxy - Securing GET /control-plane/branding/current
2026-09-23 11:21:58 [http-nio-8080-exec-7] INFO  c.U.B.config.JwtAuthenticationFilter - 🔑 JWT found in request: eyJhbGciOiJIUzI1NiJ9.eyJzdWIiO...
2026-09-23 11:21:58 [http-nio-8080-exec-7] INFO  c.U.B.config.JwtAuthenticationFilter - ✅ JWT validated for user: finance@udom.ac.tz
2026-09-23 11:21:58 [http-nio-8080-exec-7] INFO  c.U.B.S.CustomUserDetailsService - 🔍 Loading user by identifier: finance@udom.ac.tz
2026-09-23 11:21:58 [http-nio-8080-exec-7] INFO  c.U.B.S.CustomUserDetailsService - ✅ User found: finance@udom.ac.tz with role: FINANCE_OFFICER
2026-09-23 11:21:58 [http-nio-8080-exec-7] INFO  c.U.B.config.JwtAuthenticationFilter - ✅ Authentication set for user: finance@udom.ac.tz
2026-09-23 11:21:58 [http-nio-8080-exec-7] DEBUG o.s.security.web.FilterChainProxy - Secured GET /control-plane/branding/current
2026-09-23 11:28:24 [http-nio-8080-exec-1] DEBUG o.s.security.web.FilterChainProxy - Securing OPTIONS /auth/login
2026-09-23 11:28:24 [http-nio-8080-exec-3] DEBUG o.s.security.web.FilterChainProxy - Securing POST /auth/login
2026-09-23 11:28:24 [http-nio-8080-exec-3] DEBUG o.s.s.w.a.AnonymousAuthenticationFilter - Set SecurityContextHolder to anonymous SecurityContext
2026-09-23 11:28:24 [http-nio-8080-exec-3] DEBUG o.s.security.web.FilterChainProxy - Secured POST /auth/login
2026-09-23 11:28:25 [http-nio-8080-exec-3] INFO  c.U.B.Controller.AuthController - 🔐 Login attempt for: FINANCE@udom.ac.tz
2026-09-23 11:28:25 [http-nio-8080-exec-3] INFO  c.U.B.S.CustomUserDetailsService - 🔍 Loading user by identifier: FINANCE@udom.ac.tz
2026-09-23 11:28:25 [http-nio-8080-exec-3] INFO  c.U.B.S.CustomUserDetailsService - ✅ User found: finance@udom.ac.tz with role: FINANCE_OFFICER
2026-09-23 11:28:25 [http-nio-8080-exec-3] DEBUG o.s.s.a.d.DaoAuthenticationProvider - Authenticated user
2026-09-23 11:28:25 [http-nio-8080-exec-3] DEBUG c.UDSM.BACKEND.Service.AuthService -  Finding user by identifier: FINANCE@udom.ac.tz
2026-09-23 11:28:25 [http-nio-8080-exec-9] DEBUG o.s.security.web.FilterChainProxy - Securing GET /control-plane/branding/current
2026-09-23 11:28:25 [http-nio-8080-exec-9] INFO  c.U.B.config.JwtAuthenticationFilter - 🔑 JWT found in request: eyJhbGciOiJIUzI1NiJ9.eyJzdWIiO...
2026-09-23 11:28:25 [http-nio-8080-exec-9] INFO  c.U.B.config.JwtAuthenticationFilter - ✅ JWT validated for user: finance@udom.ac.tz
2026-09-23 11:28:25 [http-nio-8080-exec-9] INFO  c.U.B.S.CustomUserDetailsService - 🔍 Loading user by identifier: finance@udom.ac.tz
2026-09-23 11:28:25 [http-nio-8080-exec-9] INFO  c.U.B.S.CustomUserDetailsService - ✅ User found: finance@udom.ac.tz with role: FINANCE_OFFICER
2026-09-23 11:28:25 [http-nio-8080-exec-9] INFO  c.U.B.config.JwtAuthenticationFilter - ✅ Authentication set for user: finance@udom.ac.tz
2026-09-23 11:28:25 [http-nio-8080-exec-9] DEBUG o.s.security.web.FilterChainProxy - Secured GET /control-plane/branding/current
2026-09-23 11:28:28 [Thread-87] ERROR c.UDSM.BACKEND.Service.EmailService - ❌ Failed to send email to finance@udom.ac.tz: Authentication failed
2026-09-23 11:28:28 [http-nio-8080-exec-5] DEBUG o.s.security.web.FilterChainProxy - Securing GET /control-plane/branding/current
2026-09-23 11:28:28 [http-nio-8080-exec-5] INFO  c.U.B.config.JwtAuthenticationFilter - 🔑 JWT found in request: eyJhbGciOiJIUzI1NiJ9.eyJzdWIiO...
2026-09-23 11:28:28 [http-nio-8080-exec-5] INFO  c.U.B.config.JwtAuthenticationFilter - ✅ JWT validated for user: finance@udom.ac.tz
2026-09-23 11:28:28 [http-nio-8080-exec-5] INFO  c.U.B.S.CustomUserDetailsService - 🔍 Loading user by identifier: finance@udom.ac.tz
2026-09-23 11:28:28 [http-nio-8080-exec-5] INFO  c.U.B.S.CustomUserDetailsService - ✅ User found: finance@udom.ac.tz with role: FINANCE_OFFICER
2026-09-23 11:28:28 [http-nio-8080-exec-5] INFO  c.U.B.config.JwtAuthenticationFilter - ✅ Authentication set for user: finance@udom.ac.tz
2026-09-23 11:28:28 [http-nio-8080-exec-5] DEBUG o.s.security.web.FilterChainProxy - Secured GET /control-plane/branding/current
2026-09-23 11:32:28 [http-nio-8080-exec-8] DEBUG o.s.security.web.FilterChainProxy - Securing GET /control-plane/branding/current
2026-09-23 11:32:28 [http-nio-8080-exec-8] INFO  c.U.B.config.JwtAuthenticationFilter - 🔑 JWT found in request: eyJhbGciOiJIUzI1NiJ9.eyJzdWIiO...
2026-09-23 11:32:28 [http-nio-8080-exec-8] INFO  c.U.B.config.JwtAuthenticationFilter - ✅ JWT validated for user: finance@udom.ac.tz
2026-09-23 11:32:28 [http-nio-8080-exec-8] INFO  c.U.B.S.CustomUserDetailsService - 🔍 Loading user by identifier: finance@udom.ac.tz
2026-09-23 11:32:28 [http-nio-8080-exec-7] DEBUG o.s.security.web.FilterChainProxy - Securing OPTIONS /auth/profile
2026-09-23 11:32:29 [http-nio-8080-exec-8] INFO  c.U.B.S.CustomUserDetailsService - ✅ User found: finance@udom.ac.tz with role: FINANCE_OFFICER
2026-09-23 11:32:29 [http-nio-8080-exec-4] DEBUG o.s.security.web.FilterChainProxy - Securing GET /auth/profile
2026-09-23 11:32:29 [http-nio-8080-exec-8] INFO  c.U.B.config.JwtAuthenticationFilter - ✅ Authentication set for user: finance@udom.ac.tz
2026-09-23 11:32:29 [http-nio-8080-exec-8] DEBUG o.s.security.web.FilterChainProxy - Secured GET /control-plane/branding/current
2026-09-23 11:32:29 [http-nio-8080-exec-4] INFO  c.U.B.config.JwtAuthenticationFilter - 🔑 JWT found in request: eyJhbGciOiJIUzI1NiJ9.eyJzdWIiO...
2026-09-23 11:32:29 [http-nio-8080-exec-4] INFO  c.U.B.config.JwtAuthenticationFilter - ✅ JWT validated for user: finance@udom.ac.tz
2026-09-23 11:32:29 [http-nio-8080-exec-4] INFO  c.U.B.S.CustomUserDetailsService - 🔍 Loading user by identifier: finance@udom.ac.tz
2026-09-23 11:32:29 [http-nio-8080-exec-4] INFO  c.U.B.S.CustomUserDetailsService - ✅ User found: finance@udom.ac.tz with role: FINANCE_OFFICER
2026-09-23 11:32:29 [http-nio-8080-exec-4] INFO  c.U.B.config.JwtAuthenticationFilter - ✅ Authentication set for user: finance@udom.ac.tz
2026-09-23 11:32:29 [http-nio-8080-exec-4] DEBUG o.s.security.web.FilterChainProxy - Secured GET /auth/profile
2026-09-23 11:32:29 [http-nio-8080-exec-4] INFO  c.U.B.Controller.AuthController - 👤 Get current user profile
2026-09-23 11:32:29 [http-nio-8080-exec-4] INFO  c.UDSM.BACKEND.Service.AuthService - Getting current user: finance@udom.ac.tz
2026-09-23 11:32:29 [http-nio-8080-exec-4] DEBUG c.UDSM.BACKEND.Service.AuthService -  Finding user by identifier: finance@udom.ac.tz
2026-09-23 11:32:29 [http-nio-8080-exec-2] DEBUG o.s.security.web.FilterChainProxy - Securing GET /control-plane/branding/current
2026-09-23 11:32:29 [http-nio-8080-exec-2] INFO  c.U.B.config.JwtAuthenticationFilter - 🔑 JWT found in request: eyJhbGciOiJIUzI1NiJ9.eyJzdWIiO...
2026-09-23 11:32:29 [http-nio-8080-exec-2] INFO  c.U.B.config.JwtAuthenticationFilter - ✅ JWT validated for user: finance@udom.ac.tz
2026-09-23 11:32:29 [http-nio-8080-exec-2] INFO  c.U.B.S.CustomUserDetailsService - 🔍 Loading user by identifier: finance@udom.ac.tz
2026-09-23 11:32:29 [http-nio-8080-exec-2] INFO  c.U.B.S.CustomUserDetailsService - ✅ User found: finance@udom.ac.tz with role: FINANCE_OFFICER
2026-09-23 11:32:29 [http-nio-8080-exec-2] INFO  c.U.B.config.JwtAuthenticationFilter - ✅ Authentication set for user: finance@udom.ac.tz
2026-09-23 11:32:29 [http-nio-8080-exec-2] DEBUG o.s.security.web.FilterChainProxy - Secured GET /control-plane/branding/current
2026-09-23 11:34:02 [http-nio-8080-exec-9] DEBUG o.s.security.web.FilterChainProxy - Securing OPTIONS /auth/login
2026-09-23 11:34:02 [http-nio-8080-exec-5] DEBUG o.s.security.web.FilterChainProxy - Securing POST /auth/login
2026-09-23 11:34:02 [http-nio-8080-exec-5] DEBUG o.s.s.w.a.AnonymousAuthenticationFilter - Set SecurityContextHolder to anonymous SecurityContext
2026-09-23 11:34:02 [http-nio-8080-exec-5] DEBUG o.s.security.web.FilterChainProxy - Secured POST /auth/login
2026-09-23 11:34:02 [http-nio-8080-exec-5] INFO  c.U.B.Controller.AuthController - 🔐 Login attempt for: FINANCE@udom.ac.tz
2026-09-23 11:34:02 [http-nio-8080-exec-5] INFO  c.U.B.S.CustomUserDetailsService - 🔍 Loading user by identifier: FINANCE@udom.ac.tz
2026-09-23 11:34:02 [http-nio-8080-exec-5] INFO  c.U.B.S.CustomUserDetailsService - ✅ User found: finance@udom.ac.tz with role: FINANCE_OFFICER
2026-09-23 11:34:02 [http-nio-8080-exec-5] DEBUG o.s.s.a.d.DaoAuthenticationProvider - Authenticated user
2026-09-23 11:34:02 [http-nio-8080-exec-5] DEBUG c.UDSM.BACKEND.Service.AuthService -  Finding user by identifier: FINANCE@udom.ac.tz
2026-09-23 11:34:02 [http-nio-8080-exec-6] DEBUG o.s.security.web.FilterChainProxy - Securing GET /control-plane/branding/current
2026-09-23 11:34:02 [http-nio-8080-exec-6] INFO  c.U.B.config.JwtAuthenticationFilter - 🔑 JWT found in request: eyJhbGciOiJIUzI1NiJ9.eyJzdWIiO...
2026-09-23 11:34:02 [http-nio-8080-exec-6] INFO  c.U.B.config.JwtAuthenticationFilter - ✅ JWT validated for user: finance@udom.ac.tz
2026-09-23 11:34:02 [http-nio-8080-exec-6] INFO  c.U.B.S.CustomUserDetailsService - 🔍 Loading user by identifier: finance@udom.ac.tz
2026-09-23 11:34:02 [http-nio-8080-exec-6] INFO  c.U.B.S.CustomUserDetailsService - ✅ User found: finance@udom.ac.tz with role: FINANCE_OFFICER
2026-09-23 11:34:02 [http-nio-8080-exec-6] INFO  c.U.B.config.JwtAuthenticationFilter - ✅ Authentication set for user: finance@udom.ac.tz
2026-09-23 11:34:02 [http-nio-8080-exec-6] DEBUG o.s.security.web.FilterChainProxy - Secured GET /control-plane/branding/current
2026-09-23 11:34:05 [Thread-88] ERROR c.UDSM.BACKEND.Service.EmailService - ❌ Failed to send email to finance@udom.ac.tz: Authentication failed
2026-09-23 11:34:08 [http-nio-8080-exec-10] DEBUG o.s.security.web.FilterChainProxy - Securing GET /control-plane/branding/current
2026-09-23 11:34:08 [http-nio-8080-exec-10] INFO  c.U.B.config.JwtAuthenticationFilter - 🔑 JWT found in request: eyJhbGciOiJIUzI1NiJ9.eyJzdWIiO...
2026-09-23 11:34:08 [http-nio-8080-exec-10] INFO  c.U.B.config.JwtAuthenticationFilter - ✅ JWT validated for user: finance@udom.ac.tz
2026-09-23 11:34:08 [http-nio-8080-exec-10] INFO  c.U.B.S.CustomUserDetailsService - 🔍 Loading user by identifier: finance@udom.ac.tz
2026-09-23 11:34:08 [http-nio-8080-exec-10] INFO  c.U.B.S.CustomUserDetailsService - ✅ User found: finance@udom.ac.tz with role: FINANCE_OFFICER
2026-09-23 11:34:08 [http-nio-8080-exec-10] INFO  c.U.B.config.JwtAuthenticationFilter - ✅ Authentication set for user: finance@udom.ac.tz
2026-09-23 11:34:08 [http-nio-8080-exec-10] DEBUG o.s.security.web.FilterChainProxy - Secured GET /control-plane/branding/current
2026-09-23 11:34:42 [http-nio-8080-exec-4] DEBUG o.s.security.web.FilterChainProxy - Securing GET /control-plane/branding/current
2026-09-23 11:34:42 [http-nio-8080-exec-4] INFO  c.U.B.config.JwtAuthenticationFilter - 🔑 JWT found in request: eyJhbGciOiJIUzI1NiJ9.eyJzdWIiO...
2026-09-23 11:34:42 [http-nio-8080-exec-4] INFO  c.U.B.config.JwtAuthenticationFilter - ✅ JWT validated for user: finance@udom.ac.tz
2026-09-23 11:34:42 [http-nio-8080-exec-4] INFO  c.U.B.S.CustomUserDetailsService - 🔍 Loading user by identifier: finance@udom.ac.tz
2026-09-23 11:34:42 [http-nio-8080-exec-2] DEBUG o.s.security.web.FilterChainProxy - Securing OPTIONS /auth/profile
2026-09-23 11:34:42 [http-nio-8080-exec-4] INFO  c.U.B.S.CustomUserDetailsService - ✅ User found: finance@udom.ac.tz with role: FINANCE_OFFICER
2026-09-23 11:34:42 [http-nio-8080-exec-4] INFO  c.U.B.config.JwtAuthenticationFilter - ✅ Authentication set for user: finance@udom.ac.tz
2026-09-23 11:34:42 [http-nio-8080-exec-4] DEBUG o.s.security.web.FilterChainProxy - Secured GET /control-plane/branding/current
2026-09-23 11:34:42 [http-nio-8080-exec-1] DEBUG o.s.security.web.FilterChainProxy - Securing GET /auth/profile
2026-09-23 11:34:42 [http-nio-8080-exec-3] DEBUG o.s.security.web.FilterChainProxy - Securing GET /control-plane/branding/current
2026-09-23 11:34:42 [http-nio-8080-exec-1] INFO  c.U.B.config.JwtAuthenticationFilter - 🔑 JWT found in request: eyJhbGciOiJIUzI1NiJ9.eyJzdWIiO...
2026-09-23 11:34:42 [http-nio-8080-exec-3] INFO  c.U.B.config.JwtAuthenticationFilter - 🔑 JWT found in request: eyJhbGciOiJIUzI1NiJ9.eyJzdWIiO...
2026-09-23 11:34:42 [http-nio-8080-exec-3] INFO  c.U.B.config.JwtAuthenticationFilter - ✅ JWT validated for user: finance@udom.ac.tz
2026-09-23 11:34:42 [http-nio-8080-exec-1] INFO  c.U.B.config.JwtAuthenticationFilter - ✅ JWT validated for user: finance@udom.ac.tz
2026-09-23 11:34:42 [http-nio-8080-exec-3] INFO  c.U.B.S.CustomUserDetailsService - 🔍 Loading user by identifier: finance@udom.ac.tz
2026-09-23 11:34:42 [http-nio-8080-exec-1] INFO  c.U.B.S.CustomUserDetailsService - 🔍 Loading user by identifier: finance@udom.ac.tz
2026-09-23 11:34:42 [http-nio-8080-exec-1] INFO  c.U.B.S.CustomUserDetailsService - ✅ User found: finance@udom.ac.tz with role: FINANCE_OFFICER
2026-09-23 11:34:42 [http-nio-8080-exec-3] INFO  c.U.B.S.CustomUserDetailsService - ✅ User found: finance@udom.ac.tz with role: FINANCE_OFFICER
2026-09-23 11:34:42 [http-nio-8080-exec-1] INFO  c.U.B.config.JwtAuthenticationFilter - ✅ Authentication set for user: finance@udom.ac.tz
2026-09-23 11:34:42 [http-nio-8080-exec-3] INFO  c.U.B.config.JwtAuthenticationFilter - ✅ Authentication set for user: finance@udom.ac.tz
2026-09-23 11:34:42 [http-nio-8080-exec-1] DEBUG o.s.security.web.FilterChainProxy - Secured GET /auth/profile
2026-09-23 11:34:42 [http-nio-8080-exec-3] DEBUG o.s.security.web.FilterChainProxy - Secured GET /control-plane/branding/current
2026-09-23 11:34:42 [http-nio-8080-exec-1] INFO  c.U.B.Controller.AuthController - 👤 Get current user profile
2026-09-23 11:34:42 [http-nio-8080-exec-1] INFO  c.UDSM.BACKEND.Service.AuthService - Getting current user: finance@udom.ac.tz
2026-09-23 11:34:42 [http-nio-8080-exec-1] DEBUG c.UDSM.BACKEND.Service.AuthService -  Finding user by identifier: finance@udom.ac.tz
2026-09-23 11:34:46 [http-nio-8080-exec-9] DEBUG o.s.security.web.FilterChainProxy - Securing OPTIONS /auth/login
2026-09-23 11:34:46 [http-nio-8080-exec-5] DEBUG o.s.security.web.FilterChainProxy - Securing POST /auth/login
2026-09-23 11:34:46 [http-nio-8080-exec-5] DEBUG o.s.s.w.a.AnonymousAuthenticationFilter - Set SecurityContextHolder to anonymous SecurityContext
2026-09-23 11:34:46 [http-nio-8080-exec-5] DEBUG o.s.security.web.FilterChainProxy - Secured POST /auth/login
2026-09-23 11:34:46 [http-nio-8080-exec-5] INFO  c.U.B.Controller.AuthController - 🔐 Login attempt for: FINANCE@udom.ac.tz
2026-09-23 11:34:46 [http-nio-8080-exec-5] INFO  c.U.B.S.CustomUserDetailsService - 🔍 Loading user by identifier: FINANCE@udom.ac.tz
2026-09-23 11:34:46 [http-nio-8080-exec-5] INFO  c.U.B.S.CustomUserDetailsService - ✅ User found: finance@udom.ac.tz with role: FINANCE_OFFICER
2026-09-23 11:34:46 [http-nio-8080-exec-5] DEBUG o.s.s.a.d.DaoAuthenticationProvider - Authenticated user
2026-09-23 11:34:46 [http-nio-8080-exec-5] DEBUG c.UDSM.BACKEND.Service.AuthService -  Finding user by identifier: FINANCE@udom.ac.tz
2026-09-23 11:34:46 [http-nio-8080-exec-6] DEBUG o.s.security.web.FilterChainProxy - Securing GET /control-plane/branding/current
2026-09-23 11:34:46 [http-nio-8080-exec-6] INFO  c.U.B.config.JwtAuthenticationFilter - 🔑 JWT found in request: eyJhbGciOiJIUzI1NiJ9.eyJzdWIiO...
2026-09-23 11:34:46 [http-nio-8080-exec-6] INFO  c.U.B.config.JwtAuthenticationFilter - ✅ JWT validated for user: finance@udom.ac.tz
2026-09-23 11:34:46 [http-nio-8080-exec-6] INFO  c.U.B.S.CustomUserDetailsService - 🔍 Loading user by identifier: finance@udom.ac.tz
2026-09-23 11:34:47 [http-nio-8080-exec-6] INFO  c.U.B.S.CustomUserDetailsService - ✅ User found: finance@udom.ac.tz with role: FINANCE_OFFICER
2026-09-23 11:34:47 [http-nio-8080-exec-6] INFO  c.U.B.config.JwtAuthenticationFilter - ✅ Authentication set for user: finance@udom.ac.tz
2026-09-23 11:34:47 [http-nio-8080-exec-6] DEBUG o.s.security.web.FilterChainProxy - Secured GET /control-plane/branding/current
2026-09-23 11:34:48 [http-nio-8080-exec-10] DEBUG o.s.security.web.FilterChainProxy - Securing GET /control-plane/branding/current
2026-09-23 11:34:48 [http-nio-8080-exec-10] INFO  c.U.B.config.JwtAuthenticationFilter - 🔑 JWT found in request: eyJhbGciOiJIUzI1NiJ9.eyJzdWIiO...
2026-09-23 11:34:48 [http-nio-8080-exec-10] INFO  c.U.B.config.JwtAuthenticationFilter - ✅ JWT validated for user: finance@udom.ac.tz
2026-09-23 11:34:48 [http-nio-8080-exec-10] INFO  c.U.B.S.CustomUserDetailsService - 🔍 Loading user by identifier: finance@udom.ac.tz
2026-09-23 11:34:48 [http-nio-8080-exec-10] INFO  c.U.B.S.CustomUserDetailsService - ✅ User found: finance@udom.ac.tz with role: FINANCE_OFFICER
2026-09-23 11:34:48 [http-nio-8080-exec-10] INFO  c.U.B.config.JwtAuthenticationFilter - ✅ Authentication set for user: finance@udom.ac.tz
2026-09-23 11:34:48 [http-nio-8080-exec-10] DEBUG o.s.security.web.FilterChainProxy - Secured GET /control-plane/branding/current
2026-09-23 11:34:49 [Thread-89] ERROR c.UDSM.BACKEND.Service.EmailService - ❌ Failed to send email to finance@udom.ac.tz: Authentication failed
2026-09-23 11:35:32 [http-nio-8080-exec-2] DEBUG o.s.security.web.FilterChainProxy - Securing GET /control-plane/branding/current
2026-09-23 11:35:32 [http-nio-8080-exec-2] INFO  c.U.B.config.JwtAuthenticationFilter - 🔑 JWT found in request: eyJhbGciOiJIUzI1NiJ9.eyJzdWIiO...
2026-09-23 11:35:32 [http-nio-8080-exec-2] INFO  c.U.B.config.JwtAuthenticationFilter - ✅ JWT validated for user: finance@udom.ac.tz
2026-09-23 11:35:32 [http-nio-8080-exec-2] INFO  c.U.B.S.CustomUserDetailsService - 🔍 Loading user by identifier: finance@udom.ac.tz
2026-09-23 11:35:32 [http-nio-8080-exec-2] INFO  c.U.B.S.CustomUserDetailsService - ✅ User found: finance@udom.ac.tz with role: FINANCE_OFFICER
2026-09-23 11:35:32 [http-nio-8080-exec-2] INFO  c.U.B.config.JwtAuthenticationFilter - ✅ Authentication set for user: finance@udom.ac.tz
2026-09-23 11:35:32 [http-nio-8080-exec-2] DEBUG o.s.security.web.FilterChainProxy - Secured GET /control-plane/branding/current
2026-09-23 11:35:43 [http-nio-8080-exec-4] DEBUG o.s.security.web.FilterChainProxy - Securing OPTIONS /auth/login
2026-09-23 11:35:43 [http-nio-8080-exec-3] DEBUG o.s.security.web.FilterChainProxy - Securing POST /auth/login
2026-09-23 11:35:43 [http-nio-8080-exec-3] DEBUG o.s.s.w.a.AnonymousAuthenticationFilter - Set SecurityContextHolder to anonymous SecurityContext
2026-09-23 11:35:43 [http-nio-8080-exec-3] DEBUG o.s.security.web.FilterChainProxy - Secured POST /auth/login
2026-09-23 11:35:43 [http-nio-8080-exec-3] INFO  c.U.B.Controller.AuthController - 🔐 Login attempt for: CONVOCATION@udom.ac.tz
2026-09-23 11:35:43 [http-nio-8080-exec-3] INFO  c.U.B.S.CustomUserDetailsService - 🔍 Loading user by identifier: CONVOCATION@udom.ac.tz
2026-09-23 11:35:43 [http-nio-8080-exec-3] INFO  c.U.B.S.CustomUserDetailsService - ✅ User found: convocation@udom.ac.tz with role: CONVOCATION_OFFICER
2026-09-23 11:35:43 [http-nio-8080-exec-3] DEBUG o.s.s.a.d.DaoAuthenticationProvider - Authenticated user
2026-09-23 11:35:43 [http-nio-8080-exec-3] DEBUG c.UDSM.BACKEND.Service.AuthService -  Finding user by identifier: CONVOCATION@udom.ac.tz
2026-09-23 11:35:43 [http-nio-8080-exec-1] DEBUG o.s.security.web.FilterChainProxy - Securing OPTIONS /convocation/pending
2026-09-23 11:35:43 [http-nio-8080-exec-9] DEBUG o.s.security.web.FilterChainProxy - Securing GET /convocation/pending
2026-09-23 11:35:43 [http-nio-8080-exec-9] INFO  c.U.B.config.JwtAuthenticationFilter - 🔑 JWT found in request: eyJhbGciOiJIUzI1NiJ9.eyJzdWIiO...
2026-09-23 11:35:44 [http-nio-8080-exec-9] INFO  c.U.B.config.JwtAuthenticationFilter - ✅ JWT validated for user: convocation@udom.ac.tz
2026-09-23 11:35:44 [http-nio-8080-exec-9] INFO  c.U.B.S.CustomUserDetailsService - 🔍 Loading user by identifier: convocation@udom.ac.tz
2026-09-23 11:35:44 [http-nio-8080-exec-5] DEBUG o.s.security.web.FilterChainProxy - Securing GET /control-plane/branding/current
2026-09-23 11:35:44 [http-nio-8080-exec-5] INFO  c.U.B.config.JwtAuthenticationFilter - 🔑 JWT found in request: eyJhbGciOiJIUzI1NiJ9.eyJzdWIiO...
2026-09-23 11:35:44 [http-nio-8080-exec-9] INFO  c.U.B.S.CustomUserDetailsService - ✅ User found: convocation@udom.ac.tz with role: CONVOCATION_OFFICER
2026-09-23 11:35:44 [http-nio-8080-exec-9] INFO  c.U.B.config.JwtAuthenticationFilter - ✅ Authentication set for user: convocation@udom.ac.tz
2026-09-23 11:35:44 [http-nio-8080-exec-5] INFO  c.U.B.config.JwtAuthenticationFilter - ✅ JWT validated for user: convocation@udom.ac.tz
2026-09-23 11:35:44 [http-nio-8080-exec-9] DEBUG o.s.security.web.FilterChainProxy - Secured GET /convocation/pending
2026-09-23 11:35:44 [http-nio-8080-exec-5] INFO  c.U.B.S.CustomUserDetailsService - 🔍 Loading user by identifier: convocation@udom.ac.tz
2026-09-23 11:35:44 [http-nio-8080-exec-5] INFO  c.U.B.S.CustomUserDetailsService - ✅ User found: convocation@udom.ac.tz with role: CONVOCATION_OFFICER
2026-09-23 11:35:44 [http-nio-8080-exec-5] INFO  c.U.B.config.JwtAuthenticationFilter - ✅ Authentication set for user: convocation@udom.ac.tz
2026-09-23 11:35:44 [http-nio-8080-exec-5] DEBUG o.s.security.web.FilterChainProxy - Secured GET /control-plane/branding/current
2026-09-23 11:35:44 [http-nio-8080-exec-9] INFO  c.U.B.C.ConvocationController - 📋 Getting pending convocation receipts for officer: convocation@udom.ac.tz
2026-09-23 11:35:44 [http-nio-8080-exec-9] INFO  c.U.B.Service.ConvocationService - 📋 Getting all pending convocation receipts
2026-09-23 11:35:46 [Thread-90] ERROR c.UDSM.BACKEND.Service.EmailService - ❌ Failed to send email to convocation@udom.ac.tz: Authentication failed
2026-09-23 11:39:28 [http-nio-8080-exec-7] DEBUG o.s.security.web.FilterChainProxy - Securing GET /control-plane/branding/current
2026-09-23 11:39:28 [http-nio-8080-exec-7] INFO  c.U.B.config.JwtAuthenticationFilter - 🔑 JWT found in request: eyJhbGciOiJIUzI1NiJ9.eyJzdWIiO...
2026-09-23 11:39:28 [http-nio-8080-exec-7] INFO  c.U.B.config.JwtAuthenticationFilter - ✅ JWT validated for user: convocation@udom.ac.tz
2026-09-23 11:39:28 [http-nio-8080-exec-7] INFO  c.U.B.S.CustomUserDetailsService - 🔍 Loading user by identifier: convocation@udom.ac.tz
2026-09-23 11:39:28 [http-nio-8080-exec-7] INFO  c.U.B.S.CustomUserDetailsService - ✅ User found: convocation@udom.ac.tz with role: CONVOCATION_OFFICER
2026-09-23 11:39:28 [http-nio-8080-exec-7] INFO  c.U.B.config.JwtAuthenticationFilter - ✅ Authentication set for user: convocation@udom.ac.tz
2026-09-23 11:39:28 [http-nio-8080-exec-7] DEBUG o.s.security.web.FilterChainProxy - Secured GET /control-plane/branding/current
2026-09-23 11:39:28 [http-nio-8080-exec-8] DEBUG o.s.security.web.FilterChainProxy - Securing GET /control-plane/branding/current
2026-09-23 11:39:28 [http-nio-8080-exec-8] INFO  c.U.B.config.JwtAuthenticationFilter - 🔑 JWT found in request: eyJhbGciOiJIUzI1NiJ9.eyJzdWIiO...
2026-09-23 11:39:28 [http-nio-8080-exec-2] DEBUG o.s.security.web.FilterChainProxy - Securing OPTIONS /auth/profile
2026-09-23 11:39:28 [http-nio-8080-exec-8] INFO  c.U.B.config.JwtAuthenticationFilter - ✅ JWT validated for user: convocation@udom.ac.tz
2026-09-23 11:39:28 [http-nio-8080-exec-8] INFO  c.U.B.S.CustomUserDetailsService - 🔍 Loading user by identifier: convocation@udom.ac.tz
2026-09-23 11:39:28 [http-nio-8080-exec-4] DEBUG o.s.security.web.FilterChainProxy - Securing GET /auth/profile
2026-09-23 11:39:28 [http-nio-8080-exec-8] INFO  c.U.B.S.CustomUserDetailsService - ✅ User found: convocation@udom.ac.tz with role: CONVOCATION_OFFICER
2026-09-23 11:39:28 [http-nio-8080-exec-8] INFO  c.U.B.config.JwtAuthenticationFilter - ✅ Authentication set for user: convocation@udom.ac.tz
2026-09-23 11:39:28 [http-nio-8080-exec-4] INFO  c.U.B.config.JwtAuthenticationFilter - 🔑 JWT found in request: eyJhbGciOiJIUzI1NiJ9.eyJzdWIiO...
2026-09-23 11:39:28 [http-nio-8080-exec-8] DEBUG o.s.security.web.FilterChainProxy - Secured GET /control-plane/branding/current
2026-09-23 11:39:28 [http-nio-8080-exec-4] INFO  c.U.B.config.JwtAuthenticationFilter - ✅ JWT validated for user: convocation@udom.ac.tz
2026-09-23 11:39:28 [http-nio-8080-exec-4] INFO  c.U.B.S.CustomUserDetailsService - 🔍 Loading user by identifier: convocation@udom.ac.tz
2026-09-23 11:39:28 [http-nio-8080-exec-4] INFO  c.U.B.S.CustomUserDetailsService - ✅ User found: convocation@udom.ac.tz with role: CONVOCATION_OFFICER
2026-09-23 11:39:28 [http-nio-8080-exec-4] INFO  c.U.B.config.JwtAuthenticationFilter - ✅ Authentication set for user: convocation@udom.ac.tz
2026-09-23 11:39:28 [http-nio-8080-exec-4] DEBUG o.s.security.web.FilterChainProxy - Secured GET /auth/profile
2026-09-23 11:39:28 [http-nio-8080-exec-4] INFO  c.U.B.Controller.AuthController - 👤 Get current user profile
2026-09-23 11:39:28 [http-nio-8080-exec-4] INFO  c.UDSM.BACKEND.Service.AuthService - Getting current user: convocation@udom.ac.tz
2026-09-23 11:39:28 [http-nio-8080-exec-4] DEBUG c.UDSM.BACKEND.Service.AuthService -  Finding user by identifier: convocation@udom.ac.tz
2026-09-23 11:39:46 [http-nio-8080-exec-1] DEBUG o.s.security.web.FilterChainProxy - Securing OPTIONS /auth/login
2026-09-23 11:39:46 [http-nio-8080-exec-5] DEBUG o.s.security.web.FilterChainProxy - Securing POST /auth/login
2026-09-23 11:39:47 [http-nio-8080-exec-5] DEBUG o.s.s.w.a.AnonymousAuthenticationFilter - Set SecurityContextHolder to anonymous SecurityContext
2026-09-23 11:39:47 [http-nio-8080-exec-5] DEBUG o.s.security.web.FilterChainProxy - Secured POST /auth/login
2026-09-23 11:39:47 [http-nio-8080-exec-5] INFO  c.U.B.Controller.AuthController - 🔐 Login attempt for: smaganga@udom.ac.tz
2026-09-23 11:39:47 [http-nio-8080-exec-5] INFO  c.U.B.S.CustomUserDetailsService - 🔍 Loading user by identifier: smaganga@udom.ac.tz
2026-09-23 11:39:47 [http-nio-8080-exec-5] INFO  c.U.B.S.CustomUserDetailsService - ✅ User found: smaganga@udom.ac.tz with role: STUDENT
2026-09-23 11:39:47 [http-nio-8080-exec-5] DEBUG o.s.s.a.d.DaoAuthenticationProvider - Authenticated user
2026-09-23 11:39:47 [http-nio-8080-exec-5] DEBUG c.UDSM.BACKEND.Service.AuthService -  Finding user by identifier: smaganga@udom.ac.tz
2026-09-23 11:39:47 [http-nio-8080-exec-9] DEBUG o.s.security.web.FilterChainProxy - Securing OPTIONS /auth/profile
2026-09-23 11:39:47 [http-nio-8080-exec-6] DEBUG o.s.security.web.FilterChainProxy - Securing GET /control-plane/branding/current
2026-09-23 11:39:47 [http-nio-8080-exec-6] INFO  c.U.B.config.JwtAuthenticationFilter - 🔑 JWT found in request: eyJhbGciOiJIUzI1NiJ9.eyJzdWIiO...
2026-09-23 11:39:47 [http-nio-8080-exec-10] DEBUG o.s.security.web.FilterChainProxy - Securing GET /auth/profile
2026-09-23 11:39:47 [http-nio-8080-exec-10] INFO  c.U.B.config.JwtAuthenticationFilter - 🔑 JWT found in request: eyJhbGciOiJIUzI1NiJ9.eyJzdWIiO...
2026-09-23 11:39:47 [http-nio-8080-exec-6] INFO  c.U.B.config.JwtAuthenticationFilter - ✅ JWT validated for user: smaganga@udom.ac.tz
2026-09-23 11:39:47 [http-nio-8080-exec-10] INFO  c.U.B.config.JwtAuthenticationFilter - ✅ JWT validated for user: smaganga@udom.ac.tz
2026-09-23 11:39:47 [http-nio-8080-exec-6] INFO  c.U.B.S.CustomUserDetailsService - 🔍 Loading user by identifier: smaganga@udom.ac.tz
2026-09-23 11:39:48 [http-nio-8080-exec-10] INFO  c.U.B.S.CustomUserDetailsService - 🔍 Loading user by identifier: smaganga@udom.ac.tz
2026-09-23 11:39:48 [http-nio-8080-exec-6] INFO  c.U.B.S.CustomUserDetailsService - ✅ User found: smaganga@udom.ac.tz with role: STUDENT
2026-09-23 11:39:48 [http-nio-8080-exec-6] INFO  c.U.B.config.JwtAuthenticationFilter - ✅ Authentication set for user: smaganga@udom.ac.tz
2026-09-23 11:39:48 [http-nio-8080-exec-10] INFO  c.U.B.S.CustomUserDetailsService - ✅ User found: smaganga@udom.ac.tz with role: STUDENT
2026-09-23 11:39:48 [http-nio-8080-exec-6] DEBUG o.s.security.web.FilterChainProxy - Secured GET /control-plane/branding/current
2026-09-23 11:39:48 [http-nio-8080-exec-10] INFO  c.U.B.config.JwtAuthenticationFilter - ✅ Authentication set for user: smaganga@udom.ac.tz
2026-09-23 11:39:48 [http-nio-8080-exec-10] DEBUG o.s.security.web.FilterChainProxy - Secured GET /auth/profile
2026-09-23 11:39:48 [http-nio-8080-exec-10] INFO  c.U.B.Controller.AuthController - 👤 Get current user profile
2026-09-23 11:39:48 [http-nio-8080-exec-10] INFO  c.UDSM.BACKEND.Service.AuthService - Getting current user: smaganga@udom.ac.tz
2026-09-23 11:39:48 [http-nio-8080-exec-10] DEBUG c.UDSM.BACKEND.Service.AuthService -  Finding user by identifier: smaganga@udom.ac.tz
2026-09-23 11:39:51 [Thread-91] ERROR c.UDSM.BACKEND.Service.EmailService - ❌ Failed to send email to smaganga@udom.ac.tz: Authentication failed
2026-09-23 11:39:51 [http-nio-8080-exec-7] DEBUG o.s.security.web.FilterChainProxy - Securing GET /control-plane/branding/current
2026-09-23 11:39:51 [http-nio-8080-exec-7] INFO  c.U.B.config.JwtAuthenticationFilter - 🔑 JWT found in request: eyJhbGciOiJIUzI1NiJ9.eyJzdWIiO...
2026-09-23 11:39:51 [http-nio-8080-exec-7] INFO  c.U.B.config.JwtAuthenticationFilter - ✅ JWT validated for user: smaganga@udom.ac.tz
2026-09-23 11:39:52 [http-nio-8080-exec-7] INFO  c.U.B.S.CustomUserDetailsService - 🔍 Loading user by identifier: smaganga@udom.ac.tz
2026-09-23 11:39:52 [http-nio-8080-exec-7] INFO  c.U.B.S.CustomUserDetailsService - ✅ User found: smaganga@udom.ac.tz with role: STUDENT
2026-09-23 11:39:52 [http-nio-8080-exec-7] INFO  c.U.B.config.JwtAuthenticationFilter - ✅ Authentication set for user: smaganga@udom.ac.tz
2026-09-23 11:39:52 [http-nio-8080-exec-7] DEBUG o.s.security.web.FilterChainProxy - Secured GET /control-plane/branding/current
2026-09-23 11:39:54 [http-nio-8080-exec-2] DEBUG o.s.security.web.FilterChainProxy - Securing GET /control-plane/branding/current
2026-09-23 11:39:54 [http-nio-8080-exec-2] INFO  c.U.B.config.JwtAuthenticationFilter - 🔑 JWT found in request: eyJhbGciOiJIUzI1NiJ9.eyJzdWIiO...
2026-09-23 11:39:54 [http-nio-8080-exec-2] INFO  c.U.B.config.JwtAuthenticationFilter - ✅ JWT validated for user: smaganga@udom.ac.tz
2026-09-23 11:39:54 [http-nio-8080-exec-2] INFO  c.U.B.S.CustomUserDetailsService - 🔍 Loading user by identifier: smaganga@udom.ac.tz
2026-09-23 11:39:54 [http-nio-8080-exec-2] INFO  c.U.B.S.CustomUserDetailsService - ✅ User found: smaganga@udom.ac.tz with role: STUDENT
2026-09-23 11:39:54 [http-nio-8080-exec-2] INFO  c.U.B.config.JwtAuthenticationFilter - ✅ Authentication set for user: smaganga@udom.ac.tz
2026-09-23 11:39:54 [http-nio-8080-exec-2] DEBUG o.s.security.web.FilterChainProxy - Secured GET /control-plane/branding/current
2026-09-23 11:39:56 [http-nio-8080-exec-8] DEBUG o.s.security.web.FilterChainProxy - Securing GET /control-plane/branding/current
2026-09-23 11:39:56 [http-nio-8080-exec-8] INFO  c.U.B.config.JwtAuthenticationFilter - 🔑 JWT found in request: eyJhbGciOiJIUzI1NiJ9.eyJzdWIiO...
2026-09-23 11:39:56 [http-nio-8080-exec-8] INFO  c.U.B.config.JwtAuthenticationFilter - ✅ JWT validated for user: smaganga@udom.ac.tz
2026-09-23 11:39:56 [http-nio-8080-exec-8] INFO  c.U.B.S.CustomUserDetailsService - 🔍 Loading user by identifier: smaganga@udom.ac.tz
2026-09-23 11:39:56 [http-nio-8080-exec-8] INFO  c.U.B.S.CustomUserDetailsService - ✅ User found: smaganga@udom.ac.tz with role: STUDENT
2026-09-23 11:39:56 [http-nio-8080-exec-8] INFO  c.U.B.config.JwtAuthenticationFilter - ✅ Authentication set for user: smaganga@udom.ac.tz
2026-09-23 11:39:56 [http-nio-8080-exec-8] DEBUG o.s.security.web.FilterChainProxy - Secured GET /control-plane/branding/current
2026-09-23 11:39:57 [http-nio-8080-exec-4] DEBUG o.s.security.web.FilterChainProxy - Securing OPTIONS /auth/profile
2026-09-23 11:39:57 [http-nio-8080-exec-3] DEBUG o.s.security.web.FilterChainProxy - Securing GET /control-plane/branding/current
2026-09-23 11:39:57 [http-nio-8080-exec-3] INFO  c.U.B.config.JwtAuthenticationFilter - 🔑 JWT found in request: eyJhbGciOiJIUzI1NiJ9.eyJzdWIiO...
2026-09-23 11:39:57 [http-nio-8080-exec-1] DEBUG o.s.security.web.FilterChainProxy - Securing GET /auth/profile
2026-09-23 11:39:57 [http-nio-8080-exec-3] INFO  c.U.B.config.JwtAuthenticationFilter - ✅ JWT validated for user: smaganga@udom.ac.tz
2026-09-23 11:39:57 [http-nio-8080-exec-1] INFO  c.U.B.config.JwtAuthenticationFilter - 🔑 JWT found in request: eyJhbGciOiJIUzI1NiJ9.eyJzdWIiO...
2026-09-23 11:39:57 [http-nio-8080-exec-3] INFO  c.U.B.S.CustomUserDetailsService - 🔍 Loading user by identifier: smaganga@udom.ac.tz
2026-09-23 11:39:57 [http-nio-8080-exec-1] INFO  c.U.B.config.JwtAuthenticationFilter - ✅ JWT validated for user: smaganga@udom.ac.tz
2026-09-23 11:39:57 [http-nio-8080-exec-1] INFO  c.U.B.S.CustomUserDetailsService - 🔍 Loading user by identifier: smaganga@udom.ac.tz
2026-09-23 11:39:57 [http-nio-8080-exec-3] INFO  c.U.B.S.CustomUserDetailsService - ✅ User found: smaganga@udom.ac.tz with role: STUDENT
2026-09-23 11:39:57 [http-nio-8080-exec-3] INFO  c.U.B.config.JwtAuthenticationFilter - ✅ Authentication set for user: smaganga@udom.ac.tz
2026-09-23 11:39:57 [http-nio-8080-exec-3] DEBUG o.s.security.web.FilterChainProxy - Secured GET /control-plane/branding/current
2026-09-23 11:39:57 [http-nio-8080-exec-1] INFO  c.U.B.S.CustomUserDetailsService - ✅ User found: smaganga@udom.ac.tz with role: STUDENT
2026-09-23 11:39:57 [http-nio-8080-exec-1] INFO  c.U.B.config.JwtAuthenticationFilter - ✅ Authentication set for user: smaganga@udom.ac.tz
2026-09-23 11:39:57 [http-nio-8080-exec-1] DEBUG o.s.security.web.FilterChainProxy - Secured GET /auth/profile
2026-09-23 11:39:57 [http-nio-8080-exec-1] INFO  c.U.B.Controller.AuthController - 👤 Get current user profile
2026-09-23 11:39:57 [http-nio-8080-exec-1] INFO  c.UDSM.BACKEND.Service.AuthService - Getting current user: smaganga@udom.ac.tz
2026-09-23 11:39:57 [http-nio-8080-exec-1] DEBUG c.UDSM.BACKEND.Service.AuthService -  Finding user by identifier: smaganga@udom.ac.tz
2026-09-23 11:40:00 [http-nio-8080-exec-5] DEBUG o.s.security.web.FilterChainProxy - Securing GET /control-plane/branding/current
2026-09-23 11:40:00 [http-nio-8080-exec-5] INFO  c.U.B.config.JwtAuthenticationFilter - 🔑 JWT found in request: eyJhbGciOiJIUzI1NiJ9.eyJzdWIiO...
2026-09-23 11:40:00 [http-nio-8080-exec-5] INFO  c.U.B.config.JwtAuthenticationFilter - ✅ JWT validated for user: smaganga@udom.ac.tz
2026-09-23 11:40:00 [http-nio-8080-exec-5] INFO  c.U.B.S.CustomUserDetailsService - 🔍 Loading user by identifier: smaganga@udom.ac.tz
2026-09-23 11:40:00 [http-nio-8080-exec-5] INFO  c.U.B.S.CustomUserDetailsService - ✅ User found: smaganga@udom.ac.tz with role: STUDENT
2026-09-23 11:40:00 [http-nio-8080-exec-5] INFO  c.U.B.config.JwtAuthenticationFilter - ✅ Authentication set for user: smaganga@udom.ac.tz
2026-09-23 11:40:00 [http-nio-8080-exec-5] DEBUG o.s.security.web.FilterChainProxy - Secured GET /control-plane/branding/current
2026-09-23 11:40:29 [http-nio-8080-exec-10] DEBUG o.s.security.web.FilterChainProxy - Securing GET /control-plane/branding/current
2026-09-23 11:40:29 [http-nio-8080-exec-10] INFO  c.U.B.config.JwtAuthenticationFilter - 🔑 JWT found in request: eyJhbGciOiJIUzI1NiJ9.eyJzdWIiO...
2026-09-23 11:40:29 [http-nio-8080-exec-10] INFO  c.U.B.config.JwtAuthenticationFilter - ✅ JWT validated for user: smaganga@udom.ac.tz
2026-09-23 11:40:29 [http-nio-8080-exec-10] INFO  c.U.B.S.CustomUserDetailsService - 🔍 Loading user by identifier: smaganga@udom.ac.tz
2026-09-23 11:40:29 [http-nio-8080-exec-10] INFO  c.U.B.S.CustomUserDetailsService - ✅ User found: smaganga@udom.ac.tz with role: STUDENT
2026-09-23 11:40:29 [http-nio-8080-exec-10] INFO  c.U.B.config.JwtAuthenticationFilter - ✅ Authentication set for user: smaganga@udom.ac.tz
2026-09-23 11:40:29 [http-nio-8080-exec-10] DEBUG o.s.security.web.FilterChainProxy - Secured GET /control-plane/branding/current
2026-09-23 11:40:29 [http-nio-8080-exec-7] DEBUG o.s.security.web.FilterChainProxy - Securing GET /control-plane/branding/current
2026-09-23 11:40:29 [http-nio-8080-exec-7] INFO  c.U.B.config.JwtAuthenticationFilter - 🔑 JWT found in request: eyJhbGciOiJIUzI1NiJ9.eyJzdWIiO...
2026-09-23 11:40:29 [http-nio-8080-exec-7] INFO  c.U.B.config.JwtAuthenticationFilter - ✅ JWT validated for user: smaganga@udom.ac.tz
2026-09-23 11:40:29 [http-nio-8080-exec-7] INFO  c.U.B.S.CustomUserDetailsService - 🔍 Loading user by identifier: smaganga@udom.ac.tz
2026-09-23 11:40:29 [http-nio-8080-exec-7] INFO  c.U.B.S.CustomUserDetailsService - ✅ User found: smaganga@udom.ac.tz with role: STUDENT
2026-09-23 11:40:29 [http-nio-8080-exec-7] INFO  c.U.B.config.JwtAuthenticationFilter - ✅ Authentication set for user: smaganga@udom.ac.tz
2026-09-23 11:40:29 [http-nio-8080-exec-7] DEBUG o.s.security.web.FilterChainProxy - Secured GET /control-plane/branding/current
2026-09-23 11:40:43 [http-nio-8080-exec-8] DEBUG o.s.security.web.FilterChainProxy - Securing OPTIONS /auth/profile
2026-09-23 11:40:43 [http-nio-8080-exec-2] DEBUG o.s.security.web.FilterChainProxy - Securing GET /control-plane/branding/current
2026-09-23 11:40:43 [http-nio-8080-exec-2] INFO  c.U.B.config.JwtAuthenticationFilter - 🔑 JWT found in request: eyJhbGciOiJIUzI1NiJ9.eyJzdWIiO...
2026-09-23 11:40:43 [http-nio-8080-exec-4] DEBUG o.s.security.web.FilterChainProxy - Securing GET /auth/profile
2026-09-23 11:40:43 [http-nio-8080-exec-4] INFO  c.U.B.config.JwtAuthenticationFilter - 🔑 JWT found in request: eyJhbGciOiJIUzI1NiJ9.eyJzdWIiO...
2026-09-23 11:40:43 [http-nio-8080-exec-2] INFO  c.U.B.config.JwtAuthenticationFilter - ✅ JWT validated for user: smaganga@udom.ac.tz
2026-09-23 11:40:43 [http-nio-8080-exec-2] INFO  c.U.B.S.CustomUserDetailsService - 🔍 Loading user by identifier: smaganga@udom.ac.tz
2026-09-23 11:40:43 [http-nio-8080-exec-4] INFO  c.U.B.config.JwtAuthenticationFilter - ✅ JWT validated for user: smaganga@udom.ac.tz
2026-09-23 11:40:43 [http-nio-8080-exec-4] INFO  c.U.B.S.CustomUserDetailsService - 🔍 Loading user by identifier: smaganga@udom.ac.tz
2026-09-23 11:40:43 [http-nio-8080-exec-4] INFO  c.U.B.S.CustomUserDetailsService - ✅ User found: smaganga@udom.ac.tz with role: STUDENT
2026-09-23 11:40:43 [http-nio-8080-exec-2] INFO  c.U.B.S.CustomUserDetailsService - ✅ User found: smaganga@udom.ac.tz with role: STUDENT
2026-09-23 11:40:43 [http-nio-8080-exec-4] INFO  c.U.B.config.JwtAuthenticationFilter - ✅ Authentication set for user: smaganga@udom.ac.tz
2026-09-23 11:40:43 [http-nio-8080-exec-2] INFO  c.U.B.config.JwtAuthenticationFilter - ✅ Authentication set for user: smaganga@udom.ac.tz
2026-09-23 11:40:43 [http-nio-8080-exec-4] DEBUG o.s.security.web.FilterChainProxy - Secured GET /auth/profile
2026-09-23 11:40:43 [http-nio-8080-exec-2] DEBUG o.s.security.web.FilterChainProxy - Secured GET /control-plane/branding/current
2026-09-23 11:40:43 [http-nio-8080-exec-4] INFO  c.U.B.Controller.AuthController - 👤 Get current user profile
2026-09-23 11:40:43 [http-nio-8080-exec-4] INFO  c.UDSM.BACKEND.Service.AuthService - Getting current user: smaganga@udom.ac.tz
2026-09-23 11:40:43 [http-nio-8080-exec-4] DEBUG c.UDSM.BACKEND.Service.AuthService -  Finding user by identifier: smaganga@udom.ac.tz
2026-09-23 12:15:47 [http-nio-8080-exec-5] DEBUG o.s.security.web.FilterChainProxy - Securing OPTIONS /auth/login
2026-09-23 12:15:47 [http-nio-8080-exec-5] DEBUG o.s.security.web.FilterChainProxy - Securing POST /auth/login
2026-09-23 12:15:47 [http-nio-8080-exec-5] DEBUG o.s.s.w.a.AnonymousAuthenticationFilter - Set SecurityContextHolder to anonymous SecurityContext
2026-09-23 12:15:47 [http-nio-8080-exec-5] DEBUG o.s.security.web.FilterChainProxy - Secured POST /auth/login
2026-09-23 12:15:48 [http-nio-8080-exec-5] INFO  c.U.B.Controller.AuthController - 🔐 Login attempt for: admin@udom.ac.tz
2026-09-23 12:15:48 [http-nio-8080-exec-5] INFO  c.U.B.S.CustomUserDetailsService - 🔍 Loading user by identifier: admin@udom.ac.tz
2026-09-23 12:15:48 [http-nio-8080-exec-5] INFO  c.U.B.S.CustomUserDetailsService - ✅ User found: admin@udom.ac.tz with role: ADMINISTRATOR
2026-09-23 12:15:49 [http-nio-8080-exec-5] DEBUG o.s.s.a.d.DaoAuthenticationProvider - Authenticated user
2026-09-23 12:15:49 [http-nio-8080-exec-5] DEBUG c.UDSM.BACKEND.Service.AuthService -  Finding user by identifier: admin@udom.ac.tz
2026-09-23 12:15:49 [http-nio-8080-exec-9] DEBUG o.s.security.web.FilterChainProxy - Securing OPTIONS /admin/users
2026-09-23 12:15:49 [http-nio-8080-exec-10] DEBUG o.s.security.web.FilterChainProxy - Securing OPTIONS /admin/clearance-requests
2026-09-23 12:15:49 [http-nio-8080-exec-6] DEBUG o.s.security.web.FilterChainProxy - Securing OPTIONS /admin/roles
2026-09-23 12:15:50 [http-nio-8080-exec-7] DEBUG o.s.security.web.FilterChainProxy - Securing GET /admin/clearance-requests
2026-09-23 12:15:50 [http-nio-8080-exec-8] DEBUG o.s.security.web.FilterChainProxy - Securing GET /admin/users
2026-09-23 12:15:50 [http-nio-8080-exec-8] INFO  c.U.B.config.JwtAuthenticationFilter - 🔑 JWT found in request: eyJhbGciOiJIUzI1NiJ9.eyJzdWIiO...
2026-09-23 12:15:50 [http-nio-8080-exec-7] INFO  c.U.B.config.JwtAuthenticationFilter - 🔑 JWT found in request: eyJhbGciOiJIUzI1NiJ9.eyJzdWIiO...
2026-09-23 12:15:50 [http-nio-8080-exec-4] DEBUG o.s.security.web.FilterChainProxy - Securing GET /admin/roles
2026-09-23 12:15:50 [http-nio-8080-exec-4] INFO  c.U.B.config.JwtAuthenticationFilter - 🔑 JWT found in request: eyJhbGciOiJIUzI1NiJ9.eyJzdWIiO...
2026-09-23 12:15:50 [http-nio-8080-exec-2] DEBUG o.s.security.web.FilterChainProxy - Securing GET /control-plane/overview
2026-09-23 12:15:50 [http-nio-8080-exec-3] DEBUG o.s.security.web.FilterChainProxy - Securing GET /control-plane/branding/current
2026-09-23 12:15:50 [http-nio-8080-exec-2] INFO  c.U.B.config.JwtAuthenticationFilter - 🔑 JWT found in request: eyJhbGciOiJIUzI1NiJ9.eyJzdWIiO...
2026-09-23 12:15:50 [http-nio-8080-exec-3] INFO  c.U.B.config.JwtAuthenticationFilter - 🔑 JWT found in request: eyJhbGciOiJIUzI1NiJ9.eyJzdWIiO...
2026-09-23 12:15:50 [http-nio-8080-exec-3] INFO  c.U.B.config.JwtAuthenticationFilter - ✅ JWT validated for user: admin@udom.ac.tz
2026-09-23 12:15:50 [http-nio-8080-exec-3] INFO  c.U.B.S.CustomUserDetailsService - 🔍 Loading user by identifier: admin@udom.ac.tz
2026-09-23 12:15:50 [http-nio-8080-exec-2] INFO  c.U.B.config.JwtAuthenticationFilter - ✅ JWT validated for user: admin@udom.ac.tz
2026-09-23 12:15:50 [http-nio-8080-exec-4] INFO  c.U.B.config.JwtAuthenticationFilter - ✅ JWT validated for user: admin@udom.ac.tz
2026-09-23 12:15:50 [http-nio-8080-exec-4] INFO  c.U.B.S.CustomUserDetailsService - 🔍 Loading user by identifier: admin@udom.ac.tz
2026-09-23 12:15:50 [http-nio-8080-exec-7] INFO  c.U.B.config.JwtAuthenticationFilter - ✅ JWT validated for user: admin@udom.ac.tz
2026-09-23 12:15:50 [http-nio-8080-exec-2] INFO  c.U.B.S.CustomUserDetailsService - 🔍 Loading user by identifier: admin@udom.ac.tz
2026-09-23 12:15:50 [http-nio-8080-exec-8] INFO  c.U.B.config.JwtAuthenticationFilter - ✅ JWT validated for user: admin@udom.ac.tz
2026-09-23 12:15:50 [http-nio-8080-exec-8] INFO  c.U.B.S.CustomUserDetailsService - 🔍 Loading user by identifier: admin@udom.ac.tz
2026-09-23 12:15:50 [http-nio-8080-exec-7] INFO  c.U.B.S.CustomUserDetailsService - 🔍 Loading user by identifier: admin@udom.ac.tz
2026-09-23 12:15:50 [http-nio-8080-exec-8] INFO  c.U.B.S.CustomUserDetailsService - ✅ User found: admin@udom.ac.tz with role: ADMINISTRATOR
2026-09-23 12:15:50 [http-nio-8080-exec-8] INFO  c.U.B.config.JwtAuthenticationFilter - ✅ Authentication set for user: admin@udom.ac.tz
2026-09-23 12:15:50 [http-nio-8080-exec-7] INFO  c.U.B.S.CustomUserDetailsService - ✅ User found: admin@udom.ac.tz with role: ADMINISTRATOR
2026-09-23 12:15:50 [http-nio-8080-exec-8] DEBUG o.s.security.web.FilterChainProxy - Secured GET /admin/users
2026-09-23 12:15:50 [http-nio-8080-exec-3] INFO  c.U.B.S.CustomUserDetailsService - ✅ User found: admin@udom.ac.tz with role: ADMINISTRATOR
2026-09-23 12:15:50 [http-nio-8080-exec-3] INFO  c.U.B.config.JwtAuthenticationFilter - ✅ Authentication set for user: admin@udom.ac.tz
2026-09-23 12:15:50 [http-nio-8080-exec-7] INFO  c.U.B.config.JwtAuthenticationFilter - ✅ Authentication set for user: admin@udom.ac.tz
2026-09-23 12:15:50 [http-nio-8080-exec-2] INFO  c.U.B.S.CustomUserDetailsService - ✅ User found: admin@udom.ac.tz with role: ADMINISTRATOR
2026-09-23 12:15:50 [http-nio-8080-exec-3] DEBUG o.s.security.web.FilterChainProxy - Secured GET /control-plane/branding/current
2026-09-23 12:15:50 [http-nio-8080-exec-7] DEBUG o.s.security.web.FilterChainProxy - Secured GET /admin/clearance-requests
2026-09-23 12:15:50 [http-nio-8080-exec-2] INFO  c.U.B.config.JwtAuthenticationFilter - ✅ Authentication set for user: admin@udom.ac.tz
2026-09-23 12:15:50 [http-nio-8080-exec-2] DEBUG o.s.security.web.FilterChainProxy - Secured GET /control-plane/overview
2026-09-23 12:15:50 [http-nio-8080-exec-2] DEBUG o.s.s.a.m.AuthorizationManagerBeforeMethodInterceptor - Authorizing method invocation ReflectiveMethodInvocation: public org.springframework.http.ResponseEntity com.UDSM.BACKEND.Controller.ControlPlaneController.overview(); target is of class [com.UDSM.BACKEND.Controller.ControlPlaneController]
2026-09-23 12:15:50 [http-nio-8080-exec-8] DEBUG o.s.s.a.m.AuthorizationManagerBeforeMethodInterceptor - Authorizing method invocation ReflectiveMethodInvocation: public org.springframework.http.ResponseEntity com.UDSM.BACKEND.Controller.AdminController.getAllUsers(); target is of class [com.UDSM.BACKEND.Controller.AdminController]
2026-09-23 12:15:50 [http-nio-8080-exec-7] DEBUG o.s.s.a.m.AuthorizationManagerBeforeMethodInterceptor - Authorizing method invocation ReflectiveMethodInvocation: public org.springframework.http.ResponseEntity com.UDSM.BACKEND.Controller.AdminController.getAllClearanceRequests(); target is of class [com.UDSM.BACKEND.Controller.AdminController]
2026-09-23 12:15:50 [http-nio-8080-exec-4] INFO  c.U.B.S.CustomUserDetailsService - ✅ User found: admin@udom.ac.tz with role: ADMINISTRATOR
2026-09-23 12:15:50 [http-nio-8080-exec-4] INFO  c.U.B.config.JwtAuthenticationFilter - ✅ Authentication set for user: admin@udom.ac.tz
2026-09-23 12:15:50 [http-nio-8080-exec-4] DEBUG o.s.security.web.FilterChainProxy - Secured GET /admin/roles
2026-09-23 12:15:50 [http-nio-8080-exec-4] DEBUG o.s.s.a.m.AuthorizationManagerBeforeMethodInterceptor - Authorizing method invocation ReflectiveMethodInvocation: public org.springframework.http.ResponseEntity com.UDSM.BACKEND.Controller.AdminController.getAllRoles(); target is of class [com.UDSM.BACKEND.Controller.AdminController]
2026-09-23 12:15:50 [http-nio-8080-exec-2] DEBUG o.s.s.a.m.AuthorizationManagerBeforeMethodInterceptor - Authorized method invocation ReflectiveMethodInvocation: public org.springframework.http.ResponseEntity com.UDSM.BACKEND.Controller.ControlPlaneController.overview(); target is of class [com.UDSM.BACKEND.Controller.ControlPlaneController]
2026-09-23 12:15:50 [http-nio-8080-exec-8] DEBUG o.s.s.a.m.AuthorizationManagerBeforeMethodInterceptor - Authorized method invocation ReflectiveMethodInvocation: public org.springframework.http.ResponseEntity com.UDSM.BACKEND.Controller.AdminController.getAllUsers(); target is of class [com.UDSM.BACKEND.Controller.AdminController]
2026-09-23 12:15:50 [http-nio-8080-exec-4] DEBUG o.s.s.a.m.AuthorizationManagerBeforeMethodInterceptor - Authorized method invocation ReflectiveMethodInvocation: public org.springframework.http.ResponseEntity com.UDSM.BACKEND.Controller.AdminController.getAllRoles(); target is of class [com.UDSM.BACKEND.Controller.AdminController]
2026-09-23 12:15:50 [http-nio-8080-exec-7] DEBUG o.s.s.a.m.AuthorizationManagerBeforeMethodInterceptor - Authorized method invocation ReflectiveMethodInvocation: public org.springframework.http.ResponseEntity com.UDSM.BACKEND.Controller.AdminController.getAllClearanceRequests(); target is of class [com.UDSM.BACKEND.Controller.AdminController]
2026-09-23 12:15:50 [http-nio-8080-exec-7] INFO  c.U.B.Controller.AdminController - Admin: Fetching all clearance requests
2026-09-23 12:15:50 [http-nio-8080-exec-8] INFO  c.U.B.Controller.AdminController - Admin: Fetching all users via service
2026-09-23 12:15:50 [http-nio-8080-exec-4] INFO  c.U.B.Controller.AdminController - Admin: Fetching all available roles
2026-09-23 12:15:50 [http-nio-8080-exec-8] INFO  c.UDSM.BACKEND.Service.AdminService - Admin: Fetching users for project scope: project-50194d03-eada-4e34-9518-37b328c325c2
2026-09-23 12:15:50 [http-nio-8080-exec-8] INFO  c.UDSM.BACKEND.Service.AdminService - Admin: Query returned 14 users
2026-09-23 12:15:50 [http-nio-8080-exec-8] DEBUG c.UDSM.BACKEND.Service.AdminService - Admin: First user found: smaganga@udom.ac.tz, project: project-50194d03-eada-4e34-9518-37b328c325c2
2026-09-23 12:15:53 [Thread-92] ERROR c.UDSM.BACKEND.Service.EmailService - ❌ Failed to send email to admin@udom.ac.tz: Authentication failed
2026-09-23 12:17:04 [http-nio-8080-exec-3] DEBUG o.s.security.web.FilterChainProxy - Securing GET /control-plane/branding/current
2026-09-23 12:17:04 [http-nio-8080-exec-3] INFO  c.U.B.config.JwtAuthenticationFilter - 🔑 JWT found in request: eyJhbGciOiJIUzI1NiJ9.eyJzdWIiO...
2026-09-23 12:17:04 [http-nio-8080-exec-3] INFO  c.U.B.config.JwtAuthenticationFilter - ✅ JWT validated for user: admin@udom.ac.tz
2026-09-23 12:17:04 [http-nio-8080-exec-3] INFO  c.U.B.S.CustomUserDetailsService - 🔍 Loading user by identifier: admin@udom.ac.tz
2026-09-23 12:17:04 [http-nio-8080-exec-3] INFO  c.U.B.S.CustomUserDetailsService - ✅ User found: admin@udom.ac.tz with role: ADMINISTRATOR
2026-09-23 12:17:04 [http-nio-8080-exec-3] INFO  c.U.B.config.JwtAuthenticationFilter - ✅ Authentication set for user: admin@udom.ac.tz
2026-09-23 12:17:04 [http-nio-8080-exec-3] DEBUG o.s.security.web.FilterChainProxy - Secured GET /control-plane/branding/current
2026-09-23 12:17:04 [http-nio-8080-exec-4] DEBUG o.s.security.web.FilterChainProxy - Securing OPTIONS /admin/users
2026-09-23 12:17:04 [http-nio-8080-exec-8] DEBUG o.s.security.web.FilterChainProxy - Securing OPTIONS /admin/clearance-requests
2026-09-23 12:17:04 [http-nio-8080-exec-2] DEBUG o.s.security.web.FilterChainProxy - Securing GET /control-plane/branding/current
2026-09-23 12:17:04 [http-nio-8080-exec-7] DEBUG o.s.security.web.FilterChainProxy - Securing OPTIONS /admin/roles
2026-09-23 12:17:04 [http-nio-8080-exec-5] DEBUG o.s.security.web.FilterChainProxy - Securing GET /admin/users
2026-09-23 12:17:04 [http-nio-8080-exec-1] DEBUG o.s.security.web.FilterChainProxy - Securing GET /control-plane/overview
2026-09-23 12:17:04 [http-nio-8080-exec-2] INFO  c.U.B.config.JwtAuthenticationFilter - 🔑 JWT found in request: eyJhbGciOiJIUzI1NiJ9.eyJzdWIiO...
2026-09-23 12:17:04 [http-nio-8080-exec-5] INFO  c.U.B.config.JwtAuthenticationFilter - 🔑 JWT found in request: eyJhbGciOiJIUzI1NiJ9.eyJzdWIiO...
2026-09-23 12:17:04 [http-nio-8080-exec-6] DEBUG o.s.security.web.FilterChainProxy - Securing GET /admin/clearance-requests
2026-09-23 12:17:04 [http-nio-8080-exec-10] DEBUG o.s.security.web.FilterChainProxy - Securing GET /admin/roles
2026-09-23 12:17:04 [http-nio-8080-exec-5] INFO  c.U.B.config.JwtAuthenticationFilter - ✅ JWT validated for user: admin@udom.ac.tz
2026-09-23 12:17:04 [http-nio-8080-exec-5] INFO  c.U.B.S.CustomUserDetailsService - 🔍 Loading user by identifier: admin@udom.ac.tz
2026-09-23 12:17:04 [http-nio-8080-exec-1] INFO  c.U.B.config.JwtAuthenticationFilter - 🔑 JWT found in request: eyJhbGciOiJIUzI1NiJ9.eyJzdWIiO...
2026-09-23 12:17:04 [http-nio-8080-exec-2] INFO  c.U.B.config.JwtAuthenticationFilter - ✅ JWT validated for user: admin@udom.ac.tz
2026-09-23 12:17:04 [http-nio-8080-exec-6] INFO  c.U.B.config.JwtAuthenticationFilter - 🔑 JWT found in request: eyJhbGciOiJIUzI1NiJ9.eyJzdWIiO...
2026-09-23 12:17:04 [http-nio-8080-exec-10] INFO  c.U.B.config.JwtAuthenticationFilter - 🔑 JWT found in request: eyJhbGciOiJIUzI1NiJ9.eyJzdWIiO...
2026-09-23 12:17:04 [http-nio-8080-exec-2] INFO  c.U.B.S.CustomUserDetailsService - 🔍 Loading user by identifier: admin@udom.ac.tz
2026-09-23 12:17:04 [http-nio-8080-exec-1] INFO  c.U.B.config.JwtAuthenticationFilter - ✅ JWT validated for user: admin@udom.ac.tz
2026-09-23 12:17:04 [http-nio-8080-exec-5] INFO  c.U.B.S.CustomUserDetailsService - ✅ User found: admin@udom.ac.tz with role: ADMINISTRATOR
2026-09-23 12:17:04 [http-nio-8080-exec-5] INFO  c.U.B.config.JwtAuthenticationFilter - ✅ Authentication set for user: admin@udom.ac.tz
2026-09-23 12:17:04 [http-nio-8080-exec-2] INFO  c.U.B.S.CustomUserDetailsService - ✅ User found: admin@udom.ac.tz with role: ADMINISTRATOR
2026-09-23 12:17:04 [http-nio-8080-exec-6] INFO  c.U.B.config.JwtAuthenticationFilter - ✅ JWT validated for user: admin@udom.ac.tz
2026-09-23 12:17:04 [http-nio-8080-exec-10] INFO  c.U.B.config.JwtAuthenticationFilter - ✅ JWT validated for user: admin@udom.ac.tz
2026-09-23 12:17:04 [http-nio-8080-exec-1] INFO  c.U.B.S.CustomUserDetailsService - 🔍 Loading user by identifier: admin@udom.ac.tz
2026-09-23 12:17:04 [http-nio-8080-exec-5] DEBUG o.s.security.web.FilterChainProxy - Secured GET /admin/users
2026-09-23 12:17:04 [http-nio-8080-exec-2] INFO  c.U.B.config.JwtAuthenticationFilter - ✅ Authentication set for user: admin@udom.ac.tz
2026-09-23 12:17:04 [http-nio-8080-exec-6] INFO  c.U.B.S.CustomUserDetailsService - 🔍 Loading user by identifier: admin@udom.ac.tz
2026-09-23 12:17:04 [http-nio-8080-exec-10] INFO  c.U.B.S.CustomUserDetailsService - 🔍 Loading user by identifier: admin@udom.ac.tz
2026-09-23 12:17:04 [http-nio-8080-exec-5] DEBUG o.s.s.a.m.AuthorizationManagerBeforeMethodInterceptor - Authorizing method invocation ReflectiveMethodInvocation: public org.springframework.http.ResponseEntity com.UDSM.BACKEND.Controller.AdminController.getAllUsers(); target is of class [com.UDSM.BACKEND.Controller.AdminController]
2026-09-23 12:17:04 [http-nio-8080-exec-2] DEBUG o.s.security.web.FilterChainProxy - Secured GET /control-plane/branding/current
2026-09-23 12:17:04 [http-nio-8080-exec-1] INFO  c.U.B.S.CustomUserDetailsService - ✅ User found: admin@udom.ac.tz with role: ADMINISTRATOR
2026-09-23 12:17:04 [http-nio-8080-exec-5] DEBUG o.s.s.a.m.AuthorizationManagerBeforeMethodInterceptor - Authorized method invocation ReflectiveMethodInvocation: public org.springframework.http.ResponseEntity com.UDSM.BACKEND.Controller.AdminController.getAllUsers(); target is of class [com.UDSM.BACKEND.Controller.AdminController]
2026-09-23 12:17:04 [http-nio-8080-exec-1] INFO  c.U.B.config.JwtAuthenticationFilter - ✅ Authentication set for user: admin@udom.ac.tz
2026-09-23 12:17:04 [http-nio-8080-exec-5] INFO  c.U.B.Controller.AdminController - Admin: Fetching all users via service
2026-09-23 12:17:04 [http-nio-8080-exec-6] INFO  c.U.B.S.CustomUserDetailsService - ✅ User found: admin@udom.ac.tz with role: ADMINISTRATOR
2026-09-23 12:17:04 [http-nio-8080-exec-10] INFO  c.U.B.S.CustomUserDetailsService - ✅ User found: admin@udom.ac.tz with role: ADMINISTRATOR
2026-09-23 12:17:04 [http-nio-8080-exec-1] DEBUG o.s.security.web.FilterChainProxy - Secured GET /control-plane/overview
2026-09-23 12:17:04 [http-nio-8080-exec-5] INFO  c.UDSM.BACKEND.Service.AdminService - Admin: Fetching users for project scope: project-50194d03-eada-4e34-9518-37b328c325c2
2026-09-23 12:17:04 [http-nio-8080-exec-6] INFO  c.U.B.config.JwtAuthenticationFilter - ✅ Authentication set for user: admin@udom.ac.tz
2026-09-23 12:17:04 [http-nio-8080-exec-10] INFO  c.U.B.config.JwtAuthenticationFilter - ✅ Authentication set for user: admin@udom.ac.tz
2026-09-23 12:17:04 [http-nio-8080-exec-1] DEBUG o.s.s.a.m.AuthorizationManagerBeforeMethodInterceptor - Authorizing method invocation ReflectiveMethodInvocation: public org.springframework.http.ResponseEntity com.UDSM.BACKEND.Controller.ControlPlaneController.overview(); target is of class [com.UDSM.BACKEND.Controller.ControlPlaneController]
2026-09-23 12:17:04 [http-nio-8080-exec-6] DEBUG o.s.security.web.FilterChainProxy - Secured GET /admin/clearance-requests
2026-09-23 12:17:04 [http-nio-8080-exec-10] DEBUG o.s.security.web.FilterChainProxy - Secured GET /admin/roles
2026-09-23 12:17:04 [http-nio-8080-exec-5] INFO  c.UDSM.BACKEND.Service.AdminService - Admin: Query returned 14 users
2026-09-23 12:17:04 [http-nio-8080-exec-1] DEBUG o.s.s.a.m.AuthorizationManagerBeforeMethodInterceptor - Authorized method invocation ReflectiveMethodInvocation: public org.springframework.http.ResponseEntity com.UDSM.BACKEND.Controller.ControlPlaneController.overview(); target is of class [com.UDSM.BACKEND.Controller.ControlPlaneController]
2026-09-23 12:17:04 [http-nio-8080-exec-6] DEBUG o.s.s.a.m.AuthorizationManagerBeforeMethodInterceptor - Authorizing method invocation ReflectiveMethodInvocation: public org.springframework.http.ResponseEntity com.UDSM.BACKEND.Controller.AdminController.getAllClearanceRequests(); target is of class [com.UDSM.BACKEND.Controller.AdminController]
2026-09-23 12:17:04 [http-nio-8080-exec-10] DEBUG o.s.s.a.m.AuthorizationManagerBeforeMethodInterceptor - Authorizing method invocation ReflectiveMethodInvocation: public org.springframework.http.ResponseEntity com.UDSM.BACKEND.Controller.AdminController.getAllRoles(); target is of class [com.UDSM.BACKEND.Controller.AdminController]
2026-09-23 12:17:04 [http-nio-8080-exec-5] DEBUG c.UDSM.BACKEND.Service.AdminService - Admin: First user found: smaganga@udom.ac.tz, project: project-50194d03-eada-4e34-9518-37b328c325c2
2026-09-23 12:17:04 [http-nio-8080-exec-6] DEBUG o.s.s.a.m.AuthorizationManagerBeforeMethodInterceptor - Authorized method invocation ReflectiveMethodInvocation: public org.springframework.http.ResponseEntity com.UDSM.BACKEND.Controller.AdminController.getAllClearanceRequests(); target is of class [com.UDSM.BACKEND.Controller.AdminController]
2026-09-23 12:17:04 [http-nio-8080-exec-10] DEBUG o.s.s.a.m.AuthorizationManagerBeforeMethodInterceptor - Authorized method invocation ReflectiveMethodInvocation: public org.springframework.http.ResponseEntity com.UDSM.BACKEND.Controller.AdminController.getAllRoles(); target is of class [com.UDSM.BACKEND.Controller.AdminController]
2026-09-23 12:17:04 [http-nio-8080-exec-6] INFO  c.U.B.Controller.AdminController - Admin: Fetching all clearance requests
2026-09-23 12:17:04 [http-nio-8080-exec-10] INFO  c.U.B.Controller.AdminController - Admin: Fetching all available roles
2026-09-23 12:23:18 [http-nio-8080-exec-2] DEBUG o.s.security.web.FilterChainProxy - Securing GET /control-plane/branding/current
2026-09-23 12:23:18 [http-nio-8080-exec-2] INFO  c.U.B.config.JwtAuthenticationFilter - 🔑 JWT found in request: eyJhbGciOiJIUzI1NiJ9.eyJzdWIiO...
2026-09-23 12:23:18 [http-nio-8080-exec-2] INFO  c.U.B.config.JwtAuthenticationFilter - ✅ JWT validated for user: admin@udom.ac.tz
2026-09-23 12:23:18 [http-nio-8080-exec-2] INFO  c.U.B.S.CustomUserDetailsService - 🔍 Loading user by identifier: admin@udom.ac.tz
2026-09-23 12:23:18 [http-nio-8080-exec-5] DEBUG o.s.security.web.FilterChainProxy - Securing OPTIONS /admin/users
2026-09-23 12:23:18 [http-nio-8080-exec-10] DEBUG o.s.security.web.FilterChainProxy - Securing OPTIONS /admin/roles
2026-09-23 12:23:18 [http-nio-8080-exec-2] INFO  c.U.B.S.CustomUserDetailsService - ✅ User found: admin@udom.ac.tz with role: ADMINISTRATOR
2026-09-23 12:23:18 [http-nio-8080-exec-6] DEBUG o.s.security.web.FilterChainProxy - Securing OPTIONS /admin/clearance-requests
2026-09-23 12:23:18 [http-nio-8080-exec-2] INFO  c.U.B.config.JwtAuthenticationFilter - ✅ Authentication set for user: admin@udom.ac.tz
2026-09-23 12:23:18 [http-nio-8080-exec-2] DEBUG o.s.security.web.FilterChainProxy - Secured GET /control-plane/branding/current
2026-09-23 12:23:18 [http-nio-8080-exec-1] DEBUG o.s.security.web.FilterChainProxy - Securing GET /admin/users
2026-09-23 12:23:18 [http-nio-8080-exec-7] DEBUG o.s.security.web.FilterChainProxy - Securing GET /control-plane/overview
2026-09-23 12:23:18 [http-nio-8080-exec-9] DEBUG o.s.security.web.FilterChainProxy - Securing GET /admin/roles
2026-09-23 12:23:18 [http-nio-8080-exec-3] DEBUG o.s.security.web.FilterChainProxy - Securing GET /admin/clearance-requests
2026-09-23 12:23:18 [http-nio-8080-exec-7] INFO  c.U.B.config.JwtAuthenticationFilter - 🔑 JWT found in request: eyJhbGciOiJIUzI1NiJ9.eyJzdWIiO...
2026-09-23 12:23:18 [http-nio-8080-exec-1] INFO  c.U.B.config.JwtAuthenticationFilter - 🔑 JWT found in request: eyJhbGciOiJIUzI1NiJ9.eyJzdWIiO...
2026-09-23 12:23:18 [http-nio-8080-exec-3] INFO  c.U.B.config.JwtAuthenticationFilter - 🔑 JWT found in request: eyJhbGciOiJIUzI1NiJ9.eyJzdWIiO...
2026-09-23 12:23:18 [http-nio-8080-exec-9] INFO  c.U.B.config.JwtAuthenticationFilter - 🔑 JWT found in request: eyJhbGciOiJIUzI1NiJ9.eyJzdWIiO...
2026-09-23 12:23:18 [http-nio-8080-exec-7] INFO  c.U.B.config.JwtAuthenticationFilter - ✅ JWT validated for user: admin@udom.ac.tz
2026-09-23 12:23:18 [http-nio-8080-exec-1] INFO  c.U.B.config.JwtAuthenticationFilter - ✅ JWT validated for user: admin@udom.ac.tz
2026-09-23 12:23:18 [http-nio-8080-exec-3] INFO  c.U.B.config.JwtAuthenticationFilter - ✅ JWT validated for user: admin@udom.ac.tz
2026-09-23 12:23:18 [http-nio-8080-exec-3] INFO  c.U.B.S.CustomUserDetailsService - 🔍 Loading user by identifier: admin@udom.ac.tz
2026-09-23 12:23:18 [http-nio-8080-exec-7] INFO  c.U.B.S.CustomUserDetailsService - 🔍 Loading user by identifier: admin@udom.ac.tz
2026-09-23 12:23:18 [http-nio-8080-exec-1] INFO  c.U.B.S.CustomUserDetailsService - 🔍 Loading user by identifier: admin@udom.ac.tz
2026-09-23 12:23:18 [http-nio-8080-exec-9] INFO  c.U.B.config.JwtAuthenticationFilter - ✅ JWT validated for user: admin@udom.ac.tz
2026-09-23 12:23:18 [http-nio-8080-exec-3] INFO  c.U.B.S.CustomUserDetailsService - ✅ User found: admin@udom.ac.tz with role: ADMINISTRATOR
2026-09-23 12:23:18 [http-nio-8080-exec-9] INFO  c.U.B.S.CustomUserDetailsService - 🔍 Loading user by identifier: admin@udom.ac.tz
2026-09-23 12:23:18 [http-nio-8080-exec-3] INFO  c.U.B.config.JwtAuthenticationFilter - ✅ Authentication set for user: admin@udom.ac.tz
2026-09-23 12:23:18 [http-nio-8080-exec-3] DEBUG o.s.security.web.FilterChainProxy - Secured GET /admin/clearance-requests
2026-09-23 12:23:18 [http-nio-8080-exec-3] DEBUG o.s.s.a.m.AuthorizationManagerBeforeMethodInterceptor - Authorizing method invocation ReflectiveMethodInvocation: public org.springframework.http.ResponseEntity com.UDSM.BACKEND.Controller.AdminController.getAllClearanceRequests(); target is of class [com.UDSM.BACKEND.Controller.AdminController]
2026-09-23 12:23:18 [http-nio-8080-exec-3] DEBUG o.s.s.a.m.AuthorizationManagerBeforeMethodInterceptor - Authorized method invocation ReflectiveMethodInvocation: public org.springframework.http.ResponseEntity com.UDSM.BACKEND.Controller.AdminController.getAllClearanceRequests(); target is of class [com.UDSM.BACKEND.Controller.AdminController]
2026-09-23 12:23:18 [http-nio-8080-exec-9] INFO  c.U.B.S.CustomUserDetailsService - ✅ User found: admin@udom.ac.tz with role: ADMINISTRATOR
2026-09-23 12:23:18 [http-nio-8080-exec-3] INFO  c.U.B.Controller.AdminController - Admin: Fetching all clearance requests
2026-09-23 12:23:18 [http-nio-8080-exec-9] INFO  c.U.B.config.JwtAuthenticationFilter - ✅ Authentication set for user: admin@udom.ac.tz
2026-09-23 12:23:18 [http-nio-8080-exec-9] DEBUG o.s.security.web.FilterChainProxy - Secured GET /admin/roles
2026-09-23 12:23:18 [http-nio-8080-exec-4] DEBUG o.s.security.web.FilterChainProxy - Securing GET /control-plane/branding/current
2026-09-23 12:23:18 [http-nio-8080-exec-9] DEBUG o.s.s.a.m.AuthorizationManagerBeforeMethodInterceptor - Authorizing method invocation ReflectiveMethodInvocation: public org.springframework.http.ResponseEntity com.UDSM.BACKEND.Controller.AdminController.getAllRoles(); target is of class [com.UDSM.BACKEND.Controller.AdminController]
2026-09-23 12:23:18 [http-nio-8080-exec-4] INFO  c.U.B.config.JwtAuthenticationFilter - 🔑 JWT found in request: eyJhbGciOiJIUzI1NiJ9.eyJzdWIiO...
2026-09-23 12:23:18 [http-nio-8080-exec-1] INFO  c.U.B.S.CustomUserDetailsService - ✅ User found: admin@udom.ac.tz with role: ADMINISTRATOR
2026-09-23 12:23:18 [http-nio-8080-exec-9] DEBUG o.s.s.a.m.AuthorizationManagerBeforeMethodInterceptor - Authorized method invocation ReflectiveMethodInvocation: public org.springframework.http.ResponseEntity com.UDSM.BACKEND.Controller.AdminController.getAllRoles(); target is of class [com.UDSM.BACKEND.Controller.AdminController]
2026-09-23 12:23:18 [http-nio-8080-exec-7] INFO  c.U.B.S.CustomUserDetailsService - ✅ User found: admin@udom.ac.tz with role: ADMINISTRATOR
2026-09-23 12:23:18 [http-nio-8080-exec-7] INFO  c.U.B.config.JwtAuthenticationFilter - ✅ Authentication set for user: admin@udom.ac.tz
2026-09-23 12:23:18 [http-nio-8080-exec-7] DEBUG o.s.security.web.FilterChainProxy - Secured GET /control-plane/overview
2026-09-23 12:23:18 [http-nio-8080-exec-1] INFO  c.U.B.config.JwtAuthenticationFilter - ✅ Authentication set for user: admin@udom.ac.tz
2026-09-23 12:23:18 [http-nio-8080-exec-9] INFO  c.U.B.Controller.AdminController - Admin: Fetching all available roles
2026-09-23 12:23:18 [http-nio-8080-exec-7] DEBUG o.s.s.a.m.AuthorizationManagerBeforeMethodInterceptor - Authorizing method invocation ReflectiveMethodInvocation: public org.springframework.http.ResponseEntity com.UDSM.BACKEND.Controller.ControlPlaneController.overview(); target is of class [com.UDSM.BACKEND.Controller.ControlPlaneController]
2026-09-23 12:23:18 [http-nio-8080-exec-7] DEBUG o.s.s.a.m.AuthorizationManagerBeforeMethodInterceptor - Authorized method invocation ReflectiveMethodInvocation: public org.springframework.http.ResponseEntity com.UDSM.BACKEND.Controller.ControlPlaneController.overview(); target is of class [com.UDSM.BACKEND.Controller.ControlPlaneController]
2026-09-23 12:23:18 [http-nio-8080-exec-4] INFO  c.U.B.config.JwtAuthenticationFilter - ✅ JWT validated for user: admin@udom.ac.tz
2026-09-23 12:23:18 [http-nio-8080-exec-1] DEBUG o.s.security.web.FilterChainProxy - Secured GET /admin/users
2026-09-23 12:23:18 [http-nio-8080-exec-4] INFO  c.U.B.S.CustomUserDetailsService - 🔍 Loading user by identifier: admin@udom.ac.tz
2026-09-23 12:23:18 [http-nio-8080-exec-4] INFO  c.U.B.S.CustomUserDetailsService - ✅ User found: admin@udom.ac.tz with role: ADMINISTRATOR
2026-09-23 12:23:18 [http-nio-8080-exec-4] INFO  c.U.B.config.JwtAuthenticationFilter - ✅ Authentication set for user: admin@udom.ac.tz
2026-09-23 12:23:18 [http-nio-8080-exec-4] DEBUG o.s.security.web.FilterChainProxy - Secured GET /control-plane/branding/current
2026-09-23 12:23:18 [http-nio-8080-exec-1] DEBUG o.s.s.a.m.AuthorizationManagerBeforeMethodInterceptor - Authorizing method invocation ReflectiveMethodInvocation: public org.springframework.http.ResponseEntity com.UDSM.BACKEND.Controller.AdminController.getAllUsers(); target is of class [com.UDSM.BACKEND.Controller.AdminController]
2026-09-23 12:23:18 [http-nio-8080-exec-1] DEBUG o.s.s.a.m.AuthorizationManagerBeforeMethodInterceptor - Authorized method invocation ReflectiveMethodInvocation: public org.springframework.http.ResponseEntity com.UDSM.BACKEND.Controller.AdminController.getAllUsers(); target is of class [com.UDSM.BACKEND.Controller.AdminController]
2026-09-23 12:23:18 [http-nio-8080-exec-1] INFO  c.U.B.Controller.AdminController - Admin: Fetching all users via service
2026-09-23 12:23:18 [http-nio-8080-exec-1] INFO  c.UDSM.BACKEND.Service.AdminService - Admin: Fetching users for project scope: project-50194d03-eada-4e34-9518-37b328c325c2
2026-09-23 12:23:19 [http-nio-8080-exec-1] INFO  c.UDSM.BACKEND.Service.AdminService - Admin: Query returned 14 users
2026-09-23 12:23:19 [http-nio-8080-exec-1] DEBUG c.UDSM.BACKEND.Service.AdminService - Admin: First user found: smaganga@udom.ac.tz, project: project-50194d03-eada-4e34-9518-37b328c325c2
2026-09-23 12:34:09 [http-nio-8080-exec-3] DEBUG o.s.security.web.FilterChainProxy - Securing GET /control-plane/branding/current
2026-09-23 12:34:09 [http-nio-8080-exec-3] INFO  c.U.B.config.JwtAuthenticationFilter - 🔑 JWT found in request: eyJhbGciOiJIUzI1NiJ9.eyJzdWIiO...
2026-09-23 12:34:09 [http-nio-8080-exec-3] INFO  c.U.B.config.JwtAuthenticationFilter - ✅ JWT validated for user: admin@udom.ac.tz
2026-09-23 12:34:09 [http-nio-8080-exec-3] INFO  c.U.B.S.CustomUserDetailsService - 🔍 Loading user by identifier: admin@udom.ac.tz
2026-09-23 12:34:09 [http-nio-8080-exec-9] DEBUG o.s.security.web.FilterChainProxy - Securing OPTIONS /admin/users
2026-09-23 12:34:09 [http-nio-8080-exec-1] DEBUG o.s.security.web.FilterChainProxy - Securing OPTIONS /admin/clearance-requests
2026-09-23 12:34:09 [http-nio-8080-exec-4] DEBUG o.s.security.web.FilterChainProxy - Securing OPTIONS /admin/roles
2026-09-23 12:34:09 [http-nio-8080-exec-7] DEBUG o.s.security.web.FilterChainProxy - Securing GET /control-plane/overview
2026-09-23 12:34:09 [http-nio-8080-exec-7] INFO  c.U.B.config.JwtAuthenticationFilter - 🔑 JWT found in request: eyJhbGciOiJIUzI1NiJ9.eyJzdWIiO...
2026-09-23 12:34:09 [http-nio-8080-exec-7] INFO  c.U.B.config.JwtAuthenticationFilter - ✅ JWT validated for user: admin@udom.ac.tz
2026-09-23 12:34:09 [http-nio-8080-exec-7] INFO  c.U.B.S.CustomUserDetailsService - 🔍 Loading user by identifier: admin@udom.ac.tz
2026-09-23 12:34:09 [http-nio-8080-exec-3] INFO  c.U.B.S.CustomUserDetailsService - ✅ User found: admin@udom.ac.tz with role: ADMINISTRATOR
2026-09-23 12:34:09 [http-nio-8080-exec-3] INFO  c.U.B.config.JwtAuthenticationFilter - ✅ Authentication set for user: admin@udom.ac.tz
2026-09-23 12:34:09 [http-nio-8080-exec-3] DEBUG o.s.security.web.FilterChainProxy - Secured GET /control-plane/branding/current
2026-09-23 12:34:09 [http-nio-8080-exec-7] INFO  c.U.B.S.CustomUserDetailsService - ✅ User found: admin@udom.ac.tz with role: ADMINISTRATOR
2026-09-23 12:34:09 [http-nio-8080-exec-7] INFO  c.U.B.config.JwtAuthenticationFilter - ✅ Authentication set for user: admin@udom.ac.tz
2026-09-23 12:34:09 [http-nio-8080-exec-7] DEBUG o.s.security.web.FilterChainProxy - Secured GET /control-plane/overview
2026-09-23 12:34:09 [http-nio-8080-exec-7] DEBUG o.s.s.a.m.AuthorizationManagerBeforeMethodInterceptor - Authorizing method invocation ReflectiveMethodInvocation: public org.springframework.http.ResponseEntity com.UDSM.BACKEND.Controller.ControlPlaneController.overview(); target is of class [com.UDSM.BACKEND.Controller.ControlPlaneController]
2026-09-23 12:34:09 [http-nio-8080-exec-5] DEBUG o.s.security.web.FilterChainProxy - Securing GET /admin/users
2026-09-23 12:34:09 [http-nio-8080-exec-8] DEBUG o.s.security.web.FilterChainProxy - Securing GET /admin/roles
2026-09-23 12:34:09 [http-nio-8080-exec-2] DEBUG o.s.security.web.FilterChainProxy - Securing GET /admin/clearance-requests
2026-09-23 12:34:09 [http-nio-8080-exec-5] INFO  c.U.B.config.JwtAuthenticationFilter - 🔑 JWT found in request: eyJhbGciOiJIUzI1NiJ9.eyJzdWIiO...
2026-09-23 12:34:09 [http-nio-8080-exec-8] INFO  c.U.B.config.JwtAuthenticationFilter - 🔑 JWT found in request: eyJhbGciOiJIUzI1NiJ9.eyJzdWIiO...
2026-09-23 12:34:09 [http-nio-8080-exec-2] INFO  c.U.B.config.JwtAuthenticationFilter - 🔑 JWT found in request: eyJhbGciOiJIUzI1NiJ9.eyJzdWIiO...
2026-09-23 12:34:09 [http-nio-8080-exec-5] INFO  c.U.B.config.JwtAuthenticationFilter - ✅ JWT validated for user: admin@udom.ac.tz
2026-09-23 12:34:09 [http-nio-8080-exec-5] INFO  c.U.B.S.CustomUserDetailsService - 🔍 Loading user by identifier: admin@udom.ac.tz
2026-09-23 12:34:09 [http-nio-8080-exec-8] INFO  c.U.B.config.JwtAuthenticationFilter - ✅ JWT validated for user: admin@udom.ac.tz
2026-09-23 12:34:09 [http-nio-8080-exec-8] INFO  c.U.B.S.CustomUserDetailsService - 🔍 Loading user by identifier: admin@udom.ac.tz
2026-09-23 12:34:09 [http-nio-8080-exec-2] INFO  c.U.B.config.JwtAuthenticationFilter - ✅ JWT validated for user: admin@udom.ac.tz
2026-09-23 12:34:09 [http-nio-8080-exec-7] DEBUG o.s.s.a.m.AuthorizationManagerBeforeMethodInterceptor - Authorized method invocation ReflectiveMethodInvocation: public org.springframework.http.ResponseEntity com.UDSM.BACKEND.Controller.ControlPlaneController.overview(); target is of class [com.UDSM.BACKEND.Controller.ControlPlaneController]
2026-09-23 12:34:09 [http-nio-8080-exec-5] INFO  c.U.B.S.CustomUserDetailsService - ✅ User found: admin@udom.ac.tz with role: ADMINISTRATOR
2026-09-23 12:34:09 [http-nio-8080-exec-2] INFO  c.U.B.S.CustomUserDetailsService - 🔍 Loading user by identifier: admin@udom.ac.tz
2026-09-23 12:34:09 [http-nio-8080-exec-8] INFO  c.U.B.S.CustomUserDetailsService - ✅ User found: admin@udom.ac.tz with role: ADMINISTRATOR
2026-09-23 12:34:09 [http-nio-8080-exec-5] INFO  c.U.B.config.JwtAuthenticationFilter - ✅ Authentication set for user: admin@udom.ac.tz
2026-09-23 12:34:09 [http-nio-8080-exec-8] INFO  c.U.B.config.JwtAuthenticationFilter - ✅ Authentication set for user: admin@udom.ac.tz
2026-09-23 12:34:09 [http-nio-8080-exec-5] DEBUG o.s.security.web.FilterChainProxy - Secured GET /admin/users
2026-09-23 12:34:09 [http-nio-8080-exec-8] DEBUG o.s.security.web.FilterChainProxy - Secured GET /admin/roles
2026-09-23 12:34:09 [http-nio-8080-exec-5] DEBUG o.s.s.a.m.AuthorizationManagerBeforeMethodInterceptor - Authorizing method invocation ReflectiveMethodInvocation: public org.springframework.http.ResponseEntity com.UDSM.BACKEND.Controller.AdminController.getAllUsers(); target is of class [com.UDSM.BACKEND.Controller.AdminController]
2026-09-23 12:34:09 [http-nio-8080-exec-2] INFO  c.U.B.S.CustomUserDetailsService - ✅ User found: admin@udom.ac.tz with role: ADMINISTRATOR
2026-09-23 12:34:09 [http-nio-8080-exec-8] DEBUG o.s.s.a.m.AuthorizationManagerBeforeMethodInterceptor - Authorizing method invocation ReflectiveMethodInvocation: public org.springframework.http.ResponseEntity com.UDSM.BACKEND.Controller.AdminController.getAllRoles(); target is of class [com.UDSM.BACKEND.Controller.AdminController]
2026-09-23 12:34:09 [http-nio-8080-exec-5] DEBUG o.s.s.a.m.AuthorizationManagerBeforeMethodInterceptor - Authorized method invocation ReflectiveMethodInvocation: public org.springframework.http.ResponseEntity com.UDSM.BACKEND.Controller.AdminController.getAllUsers(); target is of class [com.UDSM.BACKEND.Controller.AdminController]
2026-09-23 12:34:09 [http-nio-8080-exec-2] INFO  c.U.B.config.JwtAuthenticationFilter - ✅ Authentication set for user: admin@udom.ac.tz
2026-09-23 12:34:09 [http-nio-8080-exec-8] DEBUG o.s.s.a.m.AuthorizationManagerBeforeMethodInterceptor - Authorized method invocation ReflectiveMethodInvocation: public org.springframework.http.ResponseEntity com.UDSM.BACKEND.Controller.AdminController.getAllRoles(); target is of class [com.UDSM.BACKEND.Controller.AdminController]
2026-09-23 12:34:09 [http-nio-8080-exec-5] INFO  c.U.B.Controller.AdminController - Admin: Fetching all users via service
2026-09-23 12:34:09 [http-nio-8080-exec-2] DEBUG o.s.security.web.FilterChainProxy - Secured GET /admin/clearance-requests
2026-09-23 12:34:09 [http-nio-8080-exec-8] INFO  c.U.B.Controller.AdminController - Admin: Fetching all available roles
2026-09-23 12:34:09 [http-nio-8080-exec-5] INFO  c.UDSM.BACKEND.Service.AdminService - Admin: Fetching users for project scope: project-50194d03-eada-4e34-9518-37b328c325c2
2026-09-23 12:34:09 [http-nio-8080-exec-2] DEBUG o.s.s.a.m.AuthorizationManagerBeforeMethodInterceptor - Authorizing method invocation ReflectiveMethodInvocation: public org.springframework.http.ResponseEntity com.UDSM.BACKEND.Controller.AdminController.getAllClearanceRequests(); target is of class [com.UDSM.BACKEND.Controller.AdminController]
2026-09-23 12:34:09 [http-nio-8080-exec-2] DEBUG o.s.s.a.m.AuthorizationManagerBeforeMethodInterceptor - Authorized method invocation ReflectiveMethodInvocation: public org.springframework.http.ResponseEntity com.UDSM.BACKEND.Controller.AdminController.getAllClearanceRequests(); target is of class [com.UDSM.BACKEND.Controller.AdminController]
2026-09-23 12:34:09 [http-nio-8080-exec-2] INFO  c.U.B.Controller.AdminController - Admin: Fetching all clearance requests
2026-09-23 12:34:09 [http-nio-8080-exec-5] INFO  c.UDSM.BACKEND.Service.AdminService - Admin: Query returned 14 users
2026-09-23 12:34:09 [http-nio-8080-exec-5] DEBUG c.UDSM.BACKEND.Service.AdminService - Admin: First user found: smaganga@udom.ac.tz, project: project-50194d03-eada-4e34-9518-37b328c325c2
2026-09-23 12:34:09 [http-nio-8080-exec-6] DEBUG o.s.security.web.FilterChainProxy - Securing GET /control-plane/branding/current
2026-09-23 12:34:09 [http-nio-8080-exec-6] INFO  c.U.B.config.JwtAuthenticationFilter - 🔑 JWT found in request: eyJhbGciOiJIUzI1NiJ9.eyJzdWIiO...
2026-09-23 12:34:09 [http-nio-8080-exec-6] INFO  c.U.B.config.JwtAuthenticationFilter - ✅ JWT validated for user: admin@udom.ac.tz
2026-09-23 12:34:09 [http-nio-8080-exec-6] INFO  c.U.B.S.CustomUserDetailsService - 🔍 Loading user by identifier: admin@udom.ac.tz
2026-09-23 12:34:09 [http-nio-8080-exec-6] INFO  c.U.B.S.CustomUserDetailsService - ✅ User found: admin@udom.ac.tz with role: ADMINISTRATOR
2026-09-23 12:34:09 [http-nio-8080-exec-6] INFO  c.U.B.config.JwtAuthenticationFilter - ✅ Authentication set for user: admin@udom.ac.tz
2026-09-23 12:34:09 [http-nio-8080-exec-6] DEBUG o.s.security.web.FilterChainProxy - Secured GET /control-plane/branding/current
2026-09-23 12:39:40 [http-nio-8080-exec-8] DEBUG o.s.security.web.FilterChainProxy - Securing GET /control-plane/branding/current
2026-09-23 12:39:40 [http-nio-8080-exec-8] INFO  c.U.B.config.JwtAuthenticationFilter - 🔑 JWT found in request: eyJhbGciOiJIUzI1NiJ9.eyJzdWIiO...
2026-09-23 12:39:40 [http-nio-8080-exec-8] INFO  c.U.B.config.JwtAuthenticationFilter - ✅ JWT validated for user: admin@udom.ac.tz
2026-09-23 12:39:40 [http-nio-8080-exec-8] INFO  c.U.B.S.CustomUserDetailsService - 🔍 Loading user by identifier: admin@udom.ac.tz
2026-09-23 12:39:40 [http-nio-8080-exec-8] INFO  c.U.B.S.CustomUserDetailsService - ✅ User found: admin@udom.ac.tz with role: ADMINISTRATOR
2026-09-23 12:39:40 [http-nio-8080-exec-8] INFO  c.U.B.config.JwtAuthenticationFilter - ✅ Authentication set for user: admin@udom.ac.tz
2026-09-23 12:39:40 [http-nio-8080-exec-8] DEBUG o.s.security.web.FilterChainProxy - Secured GET /control-plane/branding/current
2026-09-23 12:39:40 [http-nio-8080-exec-5] DEBUG o.s.security.web.FilterChainProxy - Securing OPTIONS /admin/users
2026-09-23 12:39:40 [http-nio-8080-exec-2] DEBUG o.s.security.web.FilterChainProxy - Securing OPTIONS /admin/roles
2026-09-23 12:39:40 [http-nio-8080-exec-6] DEBUG o.s.security.web.FilterChainProxy - Securing OPTIONS /admin/clearance-requests
2026-09-23 12:39:40 [http-nio-8080-exec-8] DEBUG o.s.security.web.FilterChainProxy - Securing GET /admin/users
2026-09-23 12:39:40 [http-nio-8080-exec-10] DEBUG o.s.security.web.FilterChainProxy - Securing GET /control-plane/overview
2026-09-23 12:39:40 [http-nio-8080-exec-4] DEBUG o.s.security.web.FilterChainProxy - Securing GET /admin/roles
2026-09-23 12:39:40 [http-nio-8080-exec-1] DEBUG o.s.security.web.FilterChainProxy - Securing GET /control-plane/branding/current
2026-09-23 12:39:40 [http-nio-8080-exec-8] INFO  c.U.B.config.JwtAuthenticationFilter - 🔑 JWT found in request: eyJhbGciOiJIUzI1NiJ9.eyJzdWIiO...
2026-09-23 12:39:40 [http-nio-8080-exec-10] INFO  c.U.B.config.JwtAuthenticationFilter - 🔑 JWT found in request: eyJhbGciOiJIUzI1NiJ9.eyJzdWIiO...
2026-09-23 12:39:40 [http-nio-8080-exec-1] INFO  c.U.B.config.JwtAuthenticationFilter - 🔑 JWT found in request: eyJhbGciOiJIUzI1NiJ9.eyJzdWIiO...
2026-09-23 12:39:40 [http-nio-8080-exec-4] INFO  c.U.B.config.JwtAuthenticationFilter - 🔑 JWT found in request: eyJhbGciOiJIUzI1NiJ9.eyJzdWIiO...
2026-09-23 12:39:40 [http-nio-8080-exec-8] INFO  c.U.B.config.JwtAuthenticationFilter - ✅ JWT validated for user: admin@udom.ac.tz
2026-09-23 12:39:40 [http-nio-8080-exec-10] INFO  c.U.B.config.JwtAuthenticationFilter - ✅ JWT validated for user: admin@udom.ac.tz
2026-09-23 12:39:40 [http-nio-8080-exec-1] INFO  c.U.B.config.JwtAuthenticationFilter - ✅ JWT validated for user: admin@udom.ac.tz
2026-09-23 12:39:40 [http-nio-8080-exec-8] INFO  c.U.B.S.CustomUserDetailsService - 🔍 Loading user by identifier: admin@udom.ac.tz
2026-09-23 12:39:40 [http-nio-8080-exec-4] INFO  c.U.B.config.JwtAuthenticationFilter - ✅ JWT validated for user: admin@udom.ac.tz
2026-09-23 12:39:40 [http-nio-8080-exec-9] DEBUG o.s.security.web.FilterChainProxy - Securing GET /admin/clearance-requests
2026-09-23 12:39:40 [http-nio-8080-exec-10] INFO  c.U.B.S.CustomUserDetailsService - 🔍 Loading user by identifier: admin@udom.ac.tz
2026-09-23 12:39:40 [http-nio-8080-exec-9] INFO  c.U.B.config.JwtAuthenticationFilter - 🔑 JWT found in request: eyJhbGciOiJIUzI1NiJ9.eyJzdWIiO...
2026-09-23 12:39:40 [http-nio-8080-exec-8] INFO  c.U.B.S.CustomUserDetailsService - ✅ User found: admin@udom.ac.tz with role: ADMINISTRATOR
2026-09-23 12:39:40 [http-nio-8080-exec-8] INFO  c.U.B.config.JwtAuthenticationFilter - ✅ Authentication set for user: admin@udom.ac.tz
2026-09-23 12:39:40 [http-nio-8080-exec-1] INFO  c.U.B.S.CustomUserDetailsService - 🔍 Loading user by identifier: admin@udom.ac.tz
2026-09-23 12:39:40 [http-nio-8080-exec-8] DEBUG o.s.security.web.FilterChainProxy - Secured GET /admin/users
2026-09-23 12:39:40 [http-nio-8080-exec-4] INFO  c.U.B.S.CustomUserDetailsService - 🔍 Loading user by identifier: admin@udom.ac.tz
2026-09-23 12:39:40 [http-nio-8080-exec-9] INFO  c.U.B.config.JwtAuthenticationFilter - ✅ JWT validated for user: admin@udom.ac.tz
2026-09-23 12:39:40 [http-nio-8080-exec-8] DEBUG o.s.s.a.m.AuthorizationManagerBeforeMethodInterceptor - Authorizing method invocation ReflectiveMethodInvocation: public org.springframework.http.ResponseEntity com.UDSM.BACKEND.Controller.AdminController.getAllUsers(); target is of class [com.UDSM.BACKEND.Controller.AdminController]
2026-09-23 12:39:40 [http-nio-8080-exec-10] INFO  c.U.B.S.CustomUserDetailsService - ✅ User found: admin@udom.ac.tz with role: ADMINISTRATOR
2026-09-23 12:39:40 [http-nio-8080-exec-1] INFO  c.U.B.S.CustomUserDetailsService - ✅ User found: admin@udom.ac.tz with role: ADMINISTRATOR
2026-09-23 12:39:40 [http-nio-8080-exec-9] INFO  c.U.B.S.CustomUserDetailsService - 🔍 Loading user by identifier: admin@udom.ac.tz
2026-09-23 12:39:40 [http-nio-8080-exec-10] INFO  c.U.B.config.JwtAuthenticationFilter - ✅ Authentication set for user: admin@udom.ac.tz
2026-09-23 12:39:40 [http-nio-8080-exec-4] INFO  c.U.B.S.CustomUserDetailsService - ✅ User found: admin@udom.ac.tz with role: ADMINISTRATOR
2026-09-23 12:39:40 [http-nio-8080-exec-1] INFO  c.U.B.config.JwtAuthenticationFilter - ✅ Authentication set for user: admin@udom.ac.tz
2026-09-23 12:39:40 [http-nio-8080-exec-8] DEBUG o.s.s.a.m.AuthorizationManagerBeforeMethodInterceptor - Authorized method invocation ReflectiveMethodInvocation: public org.springframework.http.ResponseEntity com.UDSM.BACKEND.Controller.AdminController.getAllUsers(); target is of class [com.UDSM.BACKEND.Controller.AdminController]
2026-09-23 12:39:40 [http-nio-8080-exec-10] DEBUG o.s.security.web.FilterChainProxy - Secured GET /control-plane/overview
2026-09-23 12:39:40 [http-nio-8080-exec-4] INFO  c.U.B.config.JwtAuthenticationFilter - ✅ Authentication set for user: admin@udom.ac.tz
2026-09-23 12:39:40 [http-nio-8080-exec-8] INFO  c.U.B.Controller.AdminController - Admin: Fetching all users via service
2026-09-23 12:39:40 [http-nio-8080-exec-1] DEBUG o.s.security.web.FilterChainProxy - Secured GET /control-plane/branding/current
2026-09-23 12:39:40 [http-nio-8080-exec-4] DEBUG o.s.security.web.FilterChainProxy - Secured GET /admin/roles
2026-09-23 12:39:40 [http-nio-8080-exec-10] DEBUG o.s.s.a.m.AuthorizationManagerBeforeMethodInterceptor - Authorizing method invocation ReflectiveMethodInvocation: public org.springframework.http.ResponseEntity com.UDSM.BACKEND.Controller.ControlPlaneController.overview(); target is of class [com.UDSM.BACKEND.Controller.ControlPlaneController]
2026-09-23 12:39:40 [http-nio-8080-exec-8] INFO  c.UDSM.BACKEND.Service.AdminService - Admin: Fetching users for project scope: project-50194d03-eada-4e34-9518-37b328c325c2
2026-09-23 12:39:40 [http-nio-8080-exec-4] DEBUG o.s.s.a.m.AuthorizationManagerBeforeMethodInterceptor - Authorizing method invocation ReflectiveMethodInvocation: public org.springframework.http.ResponseEntity com.UDSM.BACKEND.Controller.AdminController.getAllRoles(); target is of class [com.UDSM.BACKEND.Controller.AdminController]
2026-09-23 12:39:40 [http-nio-8080-exec-10] DEBUG o.s.s.a.m.AuthorizationManagerBeforeMethodInterceptor - Authorized method invocation ReflectiveMethodInvocation: public org.springframework.http.ResponseEntity com.UDSM.BACKEND.Controller.ControlPlaneController.overview(); target is of class [com.UDSM.BACKEND.Controller.ControlPlaneController]
2026-09-23 12:39:40 [http-nio-8080-exec-4] DEBUG o.s.s.a.m.AuthorizationManagerBeforeMethodInterceptor - Authorized method invocation ReflectiveMethodInvocation: public org.springframework.http.ResponseEntity com.UDSM.BACKEND.Controller.AdminController.getAllRoles(); target is of class [com.UDSM.BACKEND.Controller.AdminController]
2026-09-23 12:39:40 [http-nio-8080-exec-4] INFO  c.U.B.Controller.AdminController - Admin: Fetching all available roles
2026-09-23 12:39:40 [http-nio-8080-exec-9] INFO  c.U.B.S.CustomUserDetailsService - ✅ User found: admin@udom.ac.tz with role: ADMINISTRATOR
2026-09-23 12:39:40 [http-nio-8080-exec-9] INFO  c.U.B.config.JwtAuthenticationFilter - ✅ Authentication set for user: admin@udom.ac.tz
2026-09-23 12:39:40 [http-nio-8080-exec-9] DEBUG o.s.security.web.FilterChainProxy - Secured GET /admin/clearance-requests
2026-09-23 12:39:40 [http-nio-8080-exec-9] DEBUG o.s.s.a.m.AuthorizationManagerBeforeMethodInterceptor - Authorizing method invocation ReflectiveMethodInvocation: public org.springframework.http.ResponseEntity com.UDSM.BACKEND.Controller.AdminController.getAllClearanceRequests(); target is of class [com.UDSM.BACKEND.Controller.AdminController]
2026-09-23 12:39:40 [http-nio-8080-exec-9] DEBUG o.s.s.a.m.AuthorizationManagerBeforeMethodInterceptor - Authorized method invocation ReflectiveMethodInvocation: public org.springframework.http.ResponseEntity com.UDSM.BACKEND.Controller.AdminController.getAllClearanceRequests(); target is of class [com.UDSM.BACKEND.Controller.AdminController]
2026-09-23 12:39:40 [http-nio-8080-exec-9] INFO  c.U.B.Controller.AdminController - Admin: Fetching all clearance requests
2026-09-23 12:39:40 [http-nio-8080-exec-8] INFO  c.UDSM.BACKEND.Service.AdminService - Admin: Query returned 14 users
2026-09-23 12:39:40 [http-nio-8080-exec-8] DEBUG c.UDSM.BACKEND.Service.AdminService - Admin: First user found: smaganga@udom.ac.tz, project: project-50194d03-eada-4e34-9518-37b328c325c2
2026-09-23 12:46:24 [http-nio-8080-exec-4] DEBUG o.s.security.web.FilterChainProxy - Securing OPTIONS /auth/login
2026-09-23 12:46:24 [http-nio-8080-exec-1] DEBUG o.s.security.web.FilterChainProxy - Securing POST /auth/login
2026-09-23 12:46:24 [http-nio-8080-exec-1] DEBUG o.s.s.w.a.AnonymousAuthenticationFilter - Set SecurityContextHolder to anonymous SecurityContext
2026-09-23 12:46:24 [http-nio-8080-exec-1] DEBUG o.s.security.web.FilterChainProxy - Secured POST /auth/login
2026-09-23 12:46:24 [http-nio-8080-exec-1] INFO  c.U.B.Controller.AuthController - 🔐 Login attempt for: smaganga@udom.ac.tz
2026-09-23 12:46:24 [http-nio-8080-exec-1] INFO  c.U.B.S.CustomUserDetailsService - 🔍 Loading user by identifier: smaganga@udom.ac.tz
2026-09-23 12:46:24 [http-nio-8080-exec-1] INFO  c.U.B.S.CustomUserDetailsService - ✅ User found: smaganga@udom.ac.tz with role: STUDENT
2026-09-23 12:46:24 [http-nio-8080-exec-1] DEBUG o.s.s.a.d.DaoAuthenticationProvider - Authenticated user
2026-09-23 12:46:24 [http-nio-8080-exec-1] DEBUG c.UDSM.BACKEND.Service.AuthService -  Finding user by identifier: smaganga@udom.ac.tz
2026-09-23 12:46:24 [http-nio-8080-exec-9] DEBUG o.s.security.web.FilterChainProxy - Securing OPTIONS /auth/profile
2026-09-23 12:46:24 [http-nio-8080-exec-10] DEBUG o.s.security.web.FilterChainProxy - Securing GET /auth/profile
2026-09-23 12:46:24 [http-nio-8080-exec-10] INFO  c.U.B.config.JwtAuthenticationFilter - 🔑 JWT found in request: eyJhbGciOiJIUzI1NiJ9.eyJzdWIiO...
2026-09-23 12:46:24 [http-nio-8080-exec-8] DEBUG o.s.security.web.FilterChainProxy - Securing GET /control-plane/branding/current
2026-09-23 12:46:24 [http-nio-8080-exec-10] INFO  c.U.B.config.JwtAuthenticationFilter - ✅ JWT validated for user: smaganga@udom.ac.tz
2026-09-23 12:46:24 [http-nio-8080-exec-8] INFO  c.U.B.config.JwtAuthenticationFilter - 🔑 JWT found in request: eyJhbGciOiJIUzI1NiJ9.eyJzdWIiO...
2026-09-23 12:46:24 [http-nio-8080-exec-10] INFO  c.U.B.S.CustomUserDetailsService - 🔍 Loading user by identifier: smaganga@udom.ac.tz
2026-09-23 12:46:24 [http-nio-8080-exec-8] INFO  c.U.B.config.JwtAuthenticationFilter - ✅ JWT validated for user: smaganga@udom.ac.tz
2026-09-23 12:46:24 [http-nio-8080-exec-8] INFO  c.U.B.S.CustomUserDetailsService - 🔍 Loading user by identifier: smaganga@udom.ac.tz
2026-09-23 12:46:25 [http-nio-8080-exec-8] INFO  c.U.B.S.CustomUserDetailsService - ✅ User found: smaganga@udom.ac.tz with role: STUDENT
2026-09-23 12:46:25 [http-nio-8080-exec-8] INFO  c.U.B.config.JwtAuthenticationFilter - ✅ Authentication set for user: smaganga@udom.ac.tz
2026-09-23 12:46:25 [http-nio-8080-exec-8] DEBUG o.s.security.web.FilterChainProxy - Secured GET /control-plane/branding/current
2026-09-23 12:46:25 [http-nio-8080-exec-10] INFO  c.U.B.S.CustomUserDetailsService - ✅ User found: smaganga@udom.ac.tz with role: STUDENT
2026-09-23 12:46:25 [http-nio-8080-exec-10] INFO  c.U.B.config.JwtAuthenticationFilter - ✅ Authentication set for user: smaganga@udom.ac.tz
2026-09-23 12:46:25 [http-nio-8080-exec-10] DEBUG o.s.security.web.FilterChainProxy - Secured GET /auth/profile
2026-09-23 12:46:25 [http-nio-8080-exec-10] INFO  c.U.B.Controller.AuthController - 👤 Get current user profile
2026-09-23 12:46:25 [http-nio-8080-exec-10] INFO  c.UDSM.BACKEND.Service.AuthService - Getting current user: smaganga@udom.ac.tz
2026-09-23 12:46:25 [http-nio-8080-exec-10] DEBUG c.UDSM.BACKEND.Service.AuthService -  Finding user by identifier: smaganga@udom.ac.tz
2026-09-23 12:46:27 [Thread-93] ERROR c.UDSM.BACKEND.Service.EmailService - ❌ Failed to send email to smaganga@udom.ac.tz: Authentication failed
2026-09-23 12:46:45 [http-nio-8080-exec-7] DEBUG o.s.security.web.FilterChainProxy - Securing OPTIONS /auth/login
2026-09-23 12:46:45 [http-nio-8080-exec-2] DEBUG o.s.security.web.FilterChainProxy - Securing POST /auth/login
2026-09-23 12:46:45 [http-nio-8080-exec-2] DEBUG o.s.s.w.a.AnonymousAuthenticationFilter - Set SecurityContextHolder to anonymous SecurityContext
2026-09-23 12:46:45 [http-nio-8080-exec-2] DEBUG o.s.security.web.FilterChainProxy - Secured POST /auth/login
2026-09-23 12:46:45 [http-nio-8080-exec-2] INFO  c.U.B.Controller.AuthController - 🔐 Login attempt for: admin@udom.ac.tz
2026-09-23 12:46:45 [http-nio-8080-exec-2] INFO  c.U.B.S.CustomUserDetailsService - 🔍 Loading user by identifier: admin@udom.ac.tz
2026-09-23 12:46:45 [http-nio-8080-exec-2] INFO  c.U.B.S.CustomUserDetailsService - ✅ User found: admin@udom.ac.tz with role: ADMINISTRATOR
2026-09-23 12:46:45 [http-nio-8080-exec-2] DEBUG o.s.s.a.d.DaoAuthenticationProvider - Authenticated user
2026-09-23 12:46:45 [http-nio-8080-exec-2] DEBUG c.UDSM.BACKEND.Service.AuthService -  Finding user by identifier: admin@udom.ac.tz
2026-09-23 12:46:46 [http-nio-8080-exec-6] DEBUG o.s.security.web.FilterChainProxy - Securing OPTIONS /admin/users
2026-09-23 12:46:46 [http-nio-8080-exec-1] DEBUG o.s.security.web.FilterChainProxy - Securing OPTIONS /admin/clearance-requests
2026-09-23 12:46:46 [http-nio-8080-exec-4] DEBUG o.s.security.web.FilterChainProxy - Securing OPTIONS /admin/roles
2026-09-23 12:46:46 [http-nio-8080-exec-9] DEBUG o.s.security.web.FilterChainProxy - Securing GET /admin/users
2026-09-23 12:46:46 [http-nio-8080-exec-9] INFO  c.U.B.config.JwtAuthenticationFilter - 🔑 JWT found in request: eyJhbGciOiJIUzI1NiJ9.eyJzdWIiO...
2026-09-23 12:46:46 [http-nio-8080-exec-8] DEBUG o.s.security.web.FilterChainProxy - Securing GET /control-plane/branding/current
2026-09-23 12:46:46 [http-nio-8080-exec-10] DEBUG o.s.security.web.FilterChainProxy - Securing GET /control-plane/overview
2026-09-23 12:46:46 [http-nio-8080-exec-8] INFO  c.U.B.config.JwtAuthenticationFilter - 🔑 JWT found in request: eyJhbGciOiJIUzI1NiJ9.eyJzdWIiO...
2026-09-23 12:46:46 [http-nio-8080-exec-10] INFO  c.U.B.config.JwtAuthenticationFilter - 🔑 JWT found in request: eyJhbGciOiJIUzI1NiJ9.eyJzdWIiO...
2026-09-23 12:46:46 [http-nio-8080-exec-5] DEBUG o.s.security.web.FilterChainProxy - Securing GET /admin/roles
2026-09-23 12:46:46 [http-nio-8080-exec-10] INFO  c.U.B.config.JwtAuthenticationFilter - ✅ JWT validated for user: admin@udom.ac.tz
2026-09-23 12:46:46 [http-nio-8080-exec-3] DEBUG o.s.security.web.FilterChainProxy - Securing GET /admin/clearance-requests
2026-09-23 12:46:46 [http-nio-8080-exec-9] INFO  c.U.B.config.JwtAuthenticationFilter - ✅ JWT validated for user: admin@udom.ac.tz
2026-09-23 12:46:46 [http-nio-8080-exec-8] INFO  c.U.B.config.JwtAuthenticationFilter - ✅ JWT validated for user: admin@udom.ac.tz
2026-09-23 12:46:46 [http-nio-8080-exec-9] INFO  c.U.B.S.CustomUserDetailsService - 🔍 Loading user by identifier: admin@udom.ac.tz
2026-09-23 12:46:46 [http-nio-8080-exec-3] INFO  c.U.B.config.JwtAuthenticationFilter - 🔑 JWT found in request: eyJhbGciOiJIUzI1NiJ9.eyJzdWIiO...
2026-09-23 12:46:46 [http-nio-8080-exec-5] INFO  c.U.B.config.JwtAuthenticationFilter - 🔑 JWT found in request: eyJhbGciOiJIUzI1NiJ9.eyJzdWIiO...
2026-09-23 12:46:46 [http-nio-8080-exec-10] INFO  c.U.B.S.CustomUserDetailsService - 🔍 Loading user by identifier: admin@udom.ac.tz
2026-09-23 12:46:46 [http-nio-8080-exec-8] INFO  c.U.B.S.CustomUserDetailsService - 🔍 Loading user by identifier: admin@udom.ac.tz
2026-09-23 12:46:46 [http-nio-8080-exec-3] INFO  c.U.B.config.JwtAuthenticationFilter - ✅ JWT validated for user: admin@udom.ac.tz
2026-09-23 12:46:46 [http-nio-8080-exec-5] INFO  c.U.B.config.JwtAuthenticationFilter - ✅ JWT validated for user: admin@udom.ac.tz
2026-09-23 12:46:46 [http-nio-8080-exec-3] INFO  c.U.B.S.CustomUserDetailsService - 🔍 Loading user by identifier: admin@udom.ac.tz
2026-09-23 12:46:46 [http-nio-8080-exec-5] INFO  c.U.B.S.CustomUserDetailsService - 🔍 Loading user by identifier: admin@udom.ac.tz
2026-09-23 12:46:46 [http-nio-8080-exec-10] INFO  c.U.B.S.CustomUserDetailsService - ✅ User found: admin@udom.ac.tz with role: ADMINISTRATOR
2026-09-23 12:46:46 [http-nio-8080-exec-5] INFO  c.U.B.S.CustomUserDetailsService - ✅ User found: admin@udom.ac.tz with role: ADMINISTRATOR
2026-09-23 12:46:46 [http-nio-8080-exec-10] INFO  c.U.B.config.JwtAuthenticationFilter - ✅ Authentication set for user: admin@udom.ac.tz
2026-09-23 12:46:46 [http-nio-8080-exec-8] INFO  c.U.B.S.CustomUserDetailsService - ✅ User found: admin@udom.ac.tz with role: ADMINISTRATOR
2026-09-23 12:46:46 [http-nio-8080-exec-5] INFO  c.U.B.config.JwtAuthenticationFilter - ✅ Authentication set for user: admin@udom.ac.tz
2026-09-23 12:46:46 [http-nio-8080-exec-3] INFO  c.U.B.S.CustomUserDetailsService - ✅ User found: admin@udom.ac.tz with role: ADMINISTRATOR
2026-09-23 12:46:46 [http-nio-8080-exec-10] DEBUG o.s.security.web.FilterChainProxy - Secured GET /control-plane/overview
2026-09-23 12:46:46 [http-nio-8080-exec-8] INFO  c.U.B.config.JwtAuthenticationFilter - ✅ Authentication set for user: admin@udom.ac.tz
2026-09-23 12:46:46 [http-nio-8080-exec-3] INFO  c.U.B.config.JwtAuthenticationFilter - ✅ Authentication set for user: admin@udom.ac.tz
2026-09-23 12:46:46 [http-nio-8080-exec-5] DEBUG o.s.security.web.FilterChainProxy - Secured GET /admin/roles
2026-09-23 12:46:46 [http-nio-8080-exec-10] DEBUG o.s.s.a.m.AuthorizationManagerBeforeMethodInterceptor - Authorizing method invocation ReflectiveMethodInvocation: public org.springframework.http.ResponseEntity com.UDSM.BACKEND.Controller.ControlPlaneController.overview(); target is of class [com.UDSM.BACKEND.Controller.ControlPlaneController]
2026-09-23 12:46:46 [http-nio-8080-exec-8] DEBUG o.s.security.web.FilterChainProxy - Secured GET /control-plane/branding/current
2026-09-23 12:46:46 [http-nio-8080-exec-3] DEBUG o.s.security.web.FilterChainProxy - Secured GET /admin/clearance-requests
2026-09-23 12:46:46 [http-nio-8080-exec-5] DEBUG o.s.s.a.m.AuthorizationManagerBeforeMethodInterceptor - Authorizing method invocation ReflectiveMethodInvocation: public org.springframework.http.ResponseEntity com.UDSM.BACKEND.Controller.AdminController.getAllRoles(); target is of class [com.UDSM.BACKEND.Controller.AdminController]
2026-09-23 12:46:46 [http-nio-8080-exec-10] DEBUG o.s.s.a.m.AuthorizationManagerBeforeMethodInterceptor - Authorized method invocation ReflectiveMethodInvocation: public org.springframework.http.ResponseEntity com.UDSM.BACKEND.Controller.ControlPlaneController.overview(); target is of class [com.UDSM.BACKEND.Controller.ControlPlaneController]
2026-09-23 12:46:46 [http-nio-8080-exec-3] DEBUG o.s.s.a.m.AuthorizationManagerBeforeMethodInterceptor - Authorizing method invocation ReflectiveMethodInvocation: public org.springframework.http.ResponseEntity com.UDSM.BACKEND.Controller.AdminController.getAllClearanceRequests(); target is of class [com.UDSM.BACKEND.Controller.AdminController]
2026-09-23 12:46:46 [http-nio-8080-exec-5] DEBUG o.s.s.a.m.AuthorizationManagerBeforeMethodInterceptor - Authorized method invocation ReflectiveMethodInvocation: public org.springframework.http.ResponseEntity com.UDSM.BACKEND.Controller.AdminController.getAllRoles(); target is of class [com.UDSM.BACKEND.Controller.AdminController]
2026-09-23 12:46:46 [http-nio-8080-exec-3] DEBUG o.s.s.a.m.AuthorizationManagerBeforeMethodInterceptor - Authorized method invocation ReflectiveMethodInvocation: public org.springframework.http.ResponseEntity com.UDSM.BACKEND.Controller.AdminController.getAllClearanceRequests(); target is of class [com.UDSM.BACKEND.Controller.AdminController]
2026-09-23 12:46:46 [http-nio-8080-exec-5] INFO  c.U.B.Controller.AdminController - Admin: Fetching all available roles
2026-09-23 12:46:46 [http-nio-8080-exec-3] INFO  c.U.B.Controller.AdminController - Admin: Fetching all clearance requests
2026-09-23 12:46:46 [http-nio-8080-exec-9] INFO  c.U.B.S.CustomUserDetailsService - ✅ User found: admin@udom.ac.tz with role: ADMINISTRATOR
2026-09-23 12:46:46 [http-nio-8080-exec-9] INFO  c.U.B.config.JwtAuthenticationFilter - ✅ Authentication set for user: admin@udom.ac.tz
2026-09-23 12:46:46 [http-nio-8080-exec-9] DEBUG o.s.security.web.FilterChainProxy - Secured GET /admin/users
2026-09-23 12:46:46 [http-nio-8080-exec-9] DEBUG o.s.s.a.m.AuthorizationManagerBeforeMethodInterceptor - Authorizing method invocation ReflectiveMethodInvocation: public org.springframework.http.ResponseEntity com.UDSM.BACKEND.Controller.AdminController.getAllUsers(); target is of class [com.UDSM.BACKEND.Controller.AdminController]
2026-09-23 12:46:46 [http-nio-8080-exec-9] DEBUG o.s.s.a.m.AuthorizationManagerBeforeMethodInterceptor - Authorized method invocation ReflectiveMethodInvocation: public org.springframework.http.ResponseEntity com.UDSM.BACKEND.Controller.AdminController.getAllUsers(); target is of class [com.UDSM.BACKEND.Controller.AdminController]
2026-09-23 12:46:46 [http-nio-8080-exec-9] INFO  c.U.B.Controller.AdminController - Admin: Fetching all users via service
2026-09-23 12:46:46 [http-nio-8080-exec-9] INFO  c.UDSM.BACKEND.Service.AdminService - Admin: Fetching users for project scope: project-50194d03-eada-4e34-9518-37b328c325c2
2026-09-23 12:46:46 [http-nio-8080-exec-9] INFO  c.UDSM.BACKEND.Service.AdminService - Admin: Query returned 14 users
2026-09-23 12:46:46 [http-nio-8080-exec-9] DEBUG c.UDSM.BACKEND.Service.AdminService - Admin: First user found: smaganga@udom.ac.tz, project: project-50194d03-eada-4e34-9518-37b328c325c2
2026-09-23 12:46:48 [Thread-94] ERROR c.UDSM.BACKEND.Service.EmailService - ❌ Failed to send email to admin@udom.ac.tz: Authentication failed
2026-09-23 12:49:37 [http-nio-8080-exec-8] DEBUG o.s.security.web.FilterChainProxy - Securing GET /control-plane/branding/current
2026-09-23 12:49:37 [http-nio-8080-exec-8] INFO  c.U.B.config.JwtAuthenticationFilter - 🔑 JWT found in request: eyJhbGciOiJIUzI1NiJ9.eyJzdWIiO...
2026-09-23 12:49:37 [http-nio-8080-exec-8] INFO  c.U.B.config.JwtAuthenticationFilter - ✅ JWT validated for user: admin@udom.ac.tz
2026-09-23 12:49:37 [http-nio-8080-exec-8] INFO  c.U.B.S.CustomUserDetailsService - 🔍 Loading user by identifier: admin@udom.ac.tz
2026-09-23 12:49:37 [http-nio-8080-exec-8] INFO  c.U.B.S.CustomUserDetailsService - ✅ User found: admin@udom.ac.tz with role: ADMINISTRATOR
2026-09-23 12:49:37 [http-nio-8080-exec-8] INFO  c.U.B.config.JwtAuthenticationFilter - ✅ Authentication set for user: admin@udom.ac.tz
2026-09-23 12:49:37 [http-nio-8080-exec-8] DEBUG o.s.security.web.FilterChainProxy - Secured GET /control-plane/branding/current
2026-09-23 12:49:37 [http-nio-8080-exec-5] DEBUG o.s.security.web.FilterChainProxy - Securing OPTIONS /admin/users
2026-09-23 12:49:37 [http-nio-8080-exec-3] DEBUG o.s.security.web.FilterChainProxy - Securing OPTIONS /admin/roles
2026-09-23 12:49:37 [http-nio-8080-exec-10] DEBUG o.s.security.web.FilterChainProxy - Securing GET /control-plane/branding/current
2026-09-23 12:49:37 [http-nio-8080-exec-9] DEBUG o.s.security.web.FilterChainProxy - Securing OPTIONS /admin/clearance-requests
2026-09-23 12:49:37 [http-nio-8080-exec-2] DEBUG o.s.security.web.FilterChainProxy - Securing GET /admin/roles
2026-09-23 12:49:37 [http-nio-8080-exec-9] DEBUG o.s.security.web.FilterChainProxy - Securing GET /control-plane/overview
2026-09-23 12:49:37 [http-nio-8080-exec-10] INFO  c.U.B.config.JwtAuthenticationFilter - 🔑 JWT found in request: eyJhbGciOiJIUzI1NiJ9.eyJzdWIiO...
2026-09-23 12:49:37 [http-nio-8080-exec-7] DEBUG o.s.security.web.FilterChainProxy - Securing GET /admin/users
2026-09-23 12:49:37 [http-nio-8080-exec-9] INFO  c.U.B.config.JwtAuthenticationFilter - 🔑 JWT found in request: eyJhbGciOiJIUzI1NiJ9.eyJzdWIiO...
2026-09-23 12:49:37 [http-nio-8080-exec-2] INFO  c.U.B.config.JwtAuthenticationFilter - 🔑 JWT found in request: eyJhbGciOiJIUzI1NiJ9.eyJzdWIiO...
2026-09-23 12:49:37 [http-nio-8080-exec-10] INFO  c.U.B.config.JwtAuthenticationFilter - ✅ JWT validated for user: admin@udom.ac.tz
2026-09-23 12:49:37 [http-nio-8080-exec-9] INFO  c.U.B.config.JwtAuthenticationFilter - ✅ JWT validated for user: admin@udom.ac.tz
2026-09-23 12:49:37 [http-nio-8080-exec-6] DEBUG o.s.security.web.FilterChainProxy - Securing GET /admin/clearance-requests
2026-09-23 12:49:37 [http-nio-8080-exec-2] INFO  c.U.B.config.JwtAuthenticationFilter - ✅ JWT validated for user: admin@udom.ac.tz
2026-09-23 12:49:37 [http-nio-8080-exec-7] INFO  c.U.B.config.JwtAuthenticationFilter - 🔑 JWT found in request: eyJhbGciOiJIUzI1NiJ9.eyJzdWIiO...
2026-09-23 12:49:37 [http-nio-8080-exec-6] INFO  c.U.B.config.JwtAuthenticationFilter - 🔑 JWT found in request: eyJhbGciOiJIUzI1NiJ9.eyJzdWIiO...
2026-09-23 12:49:37 [http-nio-8080-exec-10] INFO  c.U.B.S.CustomUserDetailsService - 🔍 Loading user by identifier: admin@udom.ac.tz
2026-09-23 12:49:37 [http-nio-8080-exec-9] INFO  c.U.B.S.CustomUserDetailsService - 🔍 Loading user by identifier: admin@udom.ac.tz
2026-09-23 12:49:37 [http-nio-8080-exec-2] INFO  c.U.B.S.CustomUserDetailsService - 🔍 Loading user by identifier: admin@udom.ac.tz
2026-09-23 12:49:37 [http-nio-8080-exec-7] INFO  c.U.B.config.JwtAuthenticationFilter - ✅ JWT validated for user: admin@udom.ac.tz
2026-09-23 12:49:37 [http-nio-8080-exec-7] INFO  c.U.B.S.CustomUserDetailsService - 🔍 Loading user by identifier: admin@udom.ac.tz
2026-09-23 12:49:37 [http-nio-8080-exec-6] INFO  c.U.B.config.JwtAuthenticationFilter - ✅ JWT validated for user: admin@udom.ac.tz
2026-09-23 12:49:37 [http-nio-8080-exec-9] INFO  c.U.B.S.CustomUserDetailsService - ✅ User found: admin@udom.ac.tz with role: ADMINISTRATOR
2026-09-23 12:49:37 [http-nio-8080-exec-10] INFO  c.U.B.S.CustomUserDetailsService - ✅ User found: admin@udom.ac.tz with role: ADMINISTRATOR
2026-09-23 12:49:37 [http-nio-8080-exec-10] INFO  c.U.B.config.JwtAuthenticationFilter - ✅ Authentication set for user: admin@udom.ac.tz
2026-09-23 12:49:37 [http-nio-8080-exec-10] DEBUG o.s.security.web.FilterChainProxy - Secured GET /control-plane/branding/current
2026-09-23 12:49:37 [http-nio-8080-exec-6] INFO  c.U.B.S.CustomUserDetailsService - 🔍 Loading user by identifier: admin@udom.ac.tz
2026-09-23 12:49:37 [http-nio-8080-exec-9] INFO  c.U.B.config.JwtAuthenticationFilter - ✅ Authentication set for user: admin@udom.ac.tz
2026-09-23 12:49:37 [http-nio-8080-exec-9] DEBUG o.s.security.web.FilterChainProxy - Secured GET /control-plane/overview
2026-09-23 12:49:37 [http-nio-8080-exec-7] INFO  c.U.B.S.CustomUserDetailsService - ✅ User found: admin@udom.ac.tz with role: ADMINISTRATOR
2026-09-23 12:49:37 [http-nio-8080-exec-2] INFO  c.U.B.S.CustomUserDetailsService - ✅ User found: admin@udom.ac.tz with role: ADMINISTRATOR
2026-09-23 12:49:37 [http-nio-8080-exec-9] DEBUG o.s.s.a.m.AuthorizationManagerBeforeMethodInterceptor - Authorizing method invocation ReflectiveMethodInvocation: public org.springframework.http.ResponseEntity com.UDSM.BACKEND.Controller.ControlPlaneController.overview(); target is of class [com.UDSM.BACKEND.Controller.ControlPlaneController]
2026-09-23 12:49:37 [http-nio-8080-exec-2] INFO  c.U.B.config.JwtAuthenticationFilter - ✅ Authentication set for user: admin@udom.ac.tz
2026-09-23 12:49:37 [http-nio-8080-exec-7] INFO  c.U.B.config.JwtAuthenticationFilter - ✅ Authentication set for user: admin@udom.ac.tz
2026-09-23 12:49:37 [http-nio-8080-exec-6] INFO  c.U.B.S.CustomUserDetailsService - ✅ User found: admin@udom.ac.tz with role: ADMINISTRATOR
2026-09-23 12:49:37 [http-nio-8080-exec-2] DEBUG o.s.security.web.FilterChainProxy - Secured GET /admin/roles
2026-09-23 12:49:37 [http-nio-8080-exec-7] DEBUG o.s.security.web.FilterChainProxy - Secured GET /admin/users
2026-09-23 12:49:37 [http-nio-8080-exec-9] DEBUG o.s.s.a.m.AuthorizationManagerBeforeMethodInterceptor - Authorized method invocation ReflectiveMethodInvocation: public org.springframework.http.ResponseEntity com.UDSM.BACKEND.Controller.ControlPlaneController.overview(); target is of class [com.UDSM.BACKEND.Controller.ControlPlaneController]
2026-09-23 12:49:37 [http-nio-8080-exec-6] INFO  c.U.B.config.JwtAuthenticationFilter - ✅ Authentication set for user: admin@udom.ac.tz
2026-09-23 12:49:37 [http-nio-8080-exec-2] DEBUG o.s.s.a.m.AuthorizationManagerBeforeMethodInterceptor - Authorizing method invocation ReflectiveMethodInvocation: public org.springframework.http.ResponseEntity com.UDSM.BACKEND.Controller.AdminController.getAllRoles(); target is of class [com.UDSM.BACKEND.Controller.AdminController]
2026-09-23 12:49:37 [http-nio-8080-exec-7] DEBUG o.s.s.a.m.AuthorizationManagerBeforeMethodInterceptor - Authorizing method invocation ReflectiveMethodInvocation: public org.springframework.http.ResponseEntity com.UDSM.BACKEND.Controller.AdminController.getAllUsers(); target is of class [com.UDSM.BACKEND.Controller.AdminController]
2026-09-23 12:49:37 [http-nio-8080-exec-6] DEBUG o.s.security.web.FilterChainProxy - Secured GET /admin/clearance-requests
2026-09-23 12:49:37 [http-nio-8080-exec-6] DEBUG o.s.s.a.m.AuthorizationManagerBeforeMethodInterceptor - Authorizing method invocation ReflectiveMethodInvocation: public org.springframework.http.ResponseEntity com.UDSM.BACKEND.Controller.AdminController.getAllClearanceRequests(); target is of class [com.UDSM.BACKEND.Controller.AdminController]
2026-09-23 12:49:37 [http-nio-8080-exec-2] DEBUG o.s.s.a.m.AuthorizationManagerBeforeMethodInterceptor - Authorized method invocation ReflectiveMethodInvocation: public org.springframework.http.ResponseEntity com.UDSM.BACKEND.Controller.AdminController.getAllRoles(); target is of class [com.UDSM.BACKEND.Controller.AdminController]
2026-09-23 12:49:37 [http-nio-8080-exec-7] DEBUG o.s.s.a.m.AuthorizationManagerBeforeMethodInterceptor - Authorized method invocation ReflectiveMethodInvocation: public org.springframework.http.ResponseEntity com.UDSM.BACKEND.Controller.AdminController.getAllUsers(); target is of class [com.UDSM.BACKEND.Controller.AdminController]
2026-09-23 12:49:37 [http-nio-8080-exec-6] DEBUG o.s.s.a.m.AuthorizationManagerBeforeMethodInterceptor - Authorized method invocation ReflectiveMethodInvocation: public org.springframework.http.ResponseEntity com.UDSM.BACKEND.Controller.AdminController.getAllClearanceRequests(); target is of class [com.UDSM.BACKEND.Controller.AdminController]
2026-09-23 12:49:37 [http-nio-8080-exec-6] INFO  c.U.B.Controller.AdminController - Admin: Fetching all clearance requests
2026-09-23 12:49:37 [http-nio-8080-exec-2] INFO  c.U.B.Controller.AdminController - Admin: Fetching all available roles
2026-09-23 12:49:37 [http-nio-8080-exec-7] INFO  c.U.B.Controller.AdminController - Admin: Fetching all users via service
2026-09-23 12:49:37 [http-nio-8080-exec-7] INFO  c.UDSM.BACKEND.Service.AdminService - Admin: Fetching users for project scope: project-50194d03-eada-4e34-9518-37b328c325c2
2026-09-23 12:49:37 [http-nio-8080-exec-7] INFO  c.UDSM.BACKEND.Service.AdminService - Admin: Query returned 14 users
2026-09-23 12:49:37 [http-nio-8080-exec-7] DEBUG c.UDSM.BACKEND.Service.AdminService - Admin: First user found: smaganga@udom.ac.tz, project: project-50194d03-eada-4e34-9518-37b328c325c2
2026-09-23 12:49:48 [http-nio-8080-exec-4] DEBUG o.s.security.web.FilterChainProxy - Securing GET /control-plane/branding/current
2026-09-23 12:49:48 [http-nio-8080-exec-4] INFO  c.U.B.config.JwtAuthenticationFilter - 🔑 JWT found in request: eyJhbGciOiJIUzI1NiJ9.eyJzdWIiO...
2026-09-23 12:49:48 [http-nio-8080-exec-4] INFO  c.U.B.config.JwtAuthenticationFilter - ✅ JWT validated for user: admin@udom.ac.tz
2026-09-23 12:49:48 [http-nio-8080-exec-4] INFO  c.U.B.S.CustomUserDetailsService - 🔍 Loading user by identifier: admin@udom.ac.tz
2026-09-23 12:49:48 [http-nio-8080-exec-4] INFO  c.U.B.S.CustomUserDetailsService - ✅ User found: admin@udom.ac.tz with role: ADMINISTRATOR
2026-09-23 12:49:48 [http-nio-8080-exec-4] INFO  c.U.B.config.JwtAuthenticationFilter - ✅ Authentication set for user: admin@udom.ac.tz
2026-09-23 12:49:48 [http-nio-8080-exec-4] DEBUG o.s.security.web.FilterChainProxy - Secured GET /control-plane/branding/current
2026-09-23 12:49:48 [http-nio-8080-exec-8] DEBUG o.s.security.web.FilterChainProxy - Securing GET /control-plane/branding/current
2026-09-23 12:49:48 [http-nio-8080-exec-8] INFO  c.U.B.config.JwtAuthenticationFilter - 🔑 JWT found in request: eyJhbGciOiJIUzI1NiJ9.eyJzdWIiO...
2026-09-23 12:49:48 [http-nio-8080-exec-8] INFO  c.U.B.config.JwtAuthenticationFilter - ✅ JWT validated for user: admin@udom.ac.tz
2026-09-23 12:49:48 [http-nio-8080-exec-5] DEBUG o.s.security.web.FilterChainProxy - Securing OPTIONS /admin/users
2026-09-23 12:49:48 [http-nio-8080-exec-3] DEBUG o.s.security.web.FilterChainProxy - Securing OPTIONS /admin/roles
2026-09-23 12:49:48 [http-nio-8080-exec-1] DEBUG o.s.security.web.FilterChainProxy - Securing OPTIONS /admin/clearance-requests
2026-09-23 12:49:48 [http-nio-8080-exec-8] INFO  c.U.B.S.CustomUserDetailsService - 🔍 Loading user by identifier: admin@udom.ac.tz
2026-09-23 12:49:48 [http-nio-8080-exec-8] INFO  c.U.B.S.CustomUserDetailsService - ✅ User found: admin@udom.ac.tz with role: ADMINISTRATOR
2026-09-23 12:49:48 [http-nio-8080-exec-8] INFO  c.U.B.config.JwtAuthenticationFilter - ✅ Authentication set for user: admin@udom.ac.tz
2026-09-23 12:49:48 [http-nio-8080-exec-8] DEBUG o.s.security.web.FilterChainProxy - Secured GET /control-plane/branding/current
2026-09-23 12:49:48 [http-nio-8080-exec-10] DEBUG o.s.security.web.FilterChainProxy - Securing GET /admin/users
2026-09-23 12:49:48 [http-nio-8080-exec-2] DEBUG o.s.security.web.FilterChainProxy - Securing GET /admin/roles
2026-09-23 12:49:48 [http-nio-8080-exec-10] INFO  c.U.B.config.JwtAuthenticationFilter - 🔑 JWT found in request: eyJhbGciOiJIUzI1NiJ9.eyJzdWIiO...
2026-09-23 12:49:48 [http-nio-8080-exec-2] INFO  c.U.B.config.JwtAuthenticationFilter - 🔑 JWT found in request: eyJhbGciOiJIUzI1NiJ9.eyJzdWIiO...
2026-09-23 12:49:48 [http-nio-8080-exec-2] INFO  c.U.B.config.JwtAuthenticationFilter - ✅ JWT validated for user: admin@udom.ac.tz
2026-09-23 12:49:48 [http-nio-8080-exec-2] INFO  c.U.B.S.CustomUserDetailsService - 🔍 Loading user by identifier: admin@udom.ac.tz
2026-09-23 12:49:48 [http-nio-8080-exec-7] DEBUG o.s.security.web.FilterChainProxy - Securing GET /control-plane/overview
2026-09-23 12:49:48 [http-nio-8080-exec-10] INFO  c.U.B.config.JwtAuthenticationFilter - ✅ JWT validated for user: admin@udom.ac.tz
2026-09-23 12:49:48 [http-nio-8080-exec-6] DEBUG o.s.security.web.FilterChainProxy - Securing GET /admin/clearance-requests
2026-09-23 12:49:48 [http-nio-8080-exec-7] INFO  c.U.B.config.JwtAuthenticationFilter - 🔑 JWT found in request: eyJhbGciOiJIUzI1NiJ9.eyJzdWIiO...
2026-09-23 12:49:48 [http-nio-8080-exec-6] INFO  c.U.B.config.JwtAuthenticationFilter - 🔑 JWT found in request: eyJhbGciOiJIUzI1NiJ9.eyJzdWIiO...
2026-09-23 12:49:48 [http-nio-8080-exec-10] INFO  c.U.B.S.CustomUserDetailsService - 🔍 Loading user by identifier: admin@udom.ac.tz
2026-09-23 12:49:48 [http-nio-8080-exec-2] INFO  c.U.B.S.CustomUserDetailsService - ✅ User found: admin@udom.ac.tz with role: ADMINISTRATOR
2026-09-23 12:49:48 [http-nio-8080-exec-2] INFO  c.U.B.config.JwtAuthenticationFilter - ✅ Authentication set for user: admin@udom.ac.tz
2026-09-23 12:49:48 [http-nio-8080-exec-7] INFO  c.U.B.config.JwtAuthenticationFilter - ✅ JWT validated for user: admin@udom.ac.tz
2026-09-23 12:49:48 [http-nio-8080-exec-6] INFO  c.U.B.config.JwtAuthenticationFilter - ✅ JWT validated for user: admin@udom.ac.tz
2026-09-23 12:49:48 [http-nio-8080-exec-2] DEBUG o.s.security.web.FilterChainProxy - Secured GET /admin/roles
2026-09-23 12:49:48 [http-nio-8080-exec-7] INFO  c.U.B.S.CustomUserDetailsService - 🔍 Loading user by identifier: admin@udom.ac.tz
2026-09-23 12:49:48 [http-nio-8080-exec-10] INFO  c.U.B.S.CustomUserDetailsService - ✅ User found: admin@udom.ac.tz with role: ADMINISTRATOR
2026-09-23 12:49:48 [http-nio-8080-exec-10] INFO  c.U.B.config.JwtAuthenticationFilter - ✅ Authentication set for user: admin@udom.ac.tz
2026-09-23 12:49:48 [http-nio-8080-exec-10] DEBUG o.s.security.web.FilterChainProxy - Secured GET /admin/users
2026-09-23 12:49:48 [http-nio-8080-exec-7] INFO  c.U.B.S.CustomUserDetailsService - ✅ User found: admin@udom.ac.tz with role: ADMINISTRATOR
2026-09-23 12:49:48 [http-nio-8080-exec-6] INFO  c.U.B.S.CustomUserDetailsService - 🔍 Loading user by identifier: admin@udom.ac.tz
2026-09-23 12:49:48 [http-nio-8080-exec-2] DEBUG o.s.s.a.m.AuthorizationManagerBeforeMethodInterceptor - Authorizing method invocation ReflectiveMethodInvocation: public org.springframework.http.ResponseEntity com.UDSM.BACKEND.Controller.AdminController.getAllRoles(); target is of class [com.UDSM.BACKEND.Controller.AdminController]
2026-09-23 12:49:48 [http-nio-8080-exec-7] INFO  c.U.B.config.JwtAuthenticationFilter - ✅ Authentication set for user: admin@udom.ac.tz
2026-09-23 12:49:48 [http-nio-8080-exec-10] DEBUG o.s.s.a.m.AuthorizationManagerBeforeMethodInterceptor - Authorizing method invocation ReflectiveMethodInvocation: public org.springframework.http.ResponseEntity com.UDSM.BACKEND.Controller.AdminController.getAllUsers(); target is of class [com.UDSM.BACKEND.Controller.AdminController]
2026-09-23 12:49:48 [http-nio-8080-exec-7] DEBUG o.s.security.web.FilterChainProxy - Secured GET /control-plane/overview
2026-09-23 12:49:48 [http-nio-8080-exec-2] DEBUG o.s.s.a.m.AuthorizationManagerBeforeMethodInterceptor - Authorized method invocation ReflectiveMethodInvocation: public org.springframework.http.ResponseEntity com.UDSM.BACKEND.Controller.AdminController.getAllRoles(); target is of class [com.UDSM.BACKEND.Controller.AdminController]
2026-09-23 12:49:48 [http-nio-8080-exec-10] DEBUG o.s.s.a.m.AuthorizationManagerBeforeMethodInterceptor - Authorized method invocation ReflectiveMethodInvocation: public org.springframework.http.ResponseEntity com.UDSM.BACKEND.Controller.AdminController.getAllUsers(); target is of class [com.UDSM.BACKEND.Controller.AdminController]
2026-09-23 12:49:48 [http-nio-8080-exec-2] INFO  c.U.B.Controller.AdminController - Admin: Fetching all available roles
2026-09-23 12:49:48 [http-nio-8080-exec-7] DEBUG o.s.s.a.m.AuthorizationManagerBeforeMethodInterceptor - Authorizing method invocation ReflectiveMethodInvocation: public org.springframework.http.ResponseEntity com.UDSM.BACKEND.Controller.ControlPlaneController.overview(); target is of class [com.UDSM.BACKEND.Controller.ControlPlaneController]
2026-09-23 12:49:48 [http-nio-8080-exec-10] INFO  c.U.B.Controller.AdminController - Admin: Fetching all users via service
2026-09-23 12:49:48 [http-nio-8080-exec-6] INFO  c.U.B.S.CustomUserDetailsService - ✅ User found: admin@udom.ac.tz with role: ADMINISTRATOR
2026-09-23 12:49:48 [http-nio-8080-exec-7] DEBUG o.s.s.a.m.AuthorizationManagerBeforeMethodInterceptor - Authorized method invocation ReflectiveMethodInvocation: public org.springframework.http.ResponseEntity com.UDSM.BACKEND.Controller.ControlPlaneController.overview(); target is of class [com.UDSM.BACKEND.Controller.ControlPlaneController]
2026-09-23 12:49:48 [http-nio-8080-exec-10] INFO  c.UDSM.BACKEND.Service.AdminService - Admin: Fetching users for project scope: project-50194d03-eada-4e34-9518-37b328c325c2
2026-09-23 12:49:48 [http-nio-8080-exec-6] INFO  c.U.B.config.JwtAuthenticationFilter - ✅ Authentication set for user: admin@udom.ac.tz
2026-09-23 12:49:48 [http-nio-8080-exec-6] DEBUG o.s.security.web.FilterChainProxy - Secured GET /admin/clearance-requests
2026-09-23 12:49:48 [http-nio-8080-exec-10] INFO  c.UDSM.BACKEND.Service.AdminService - Admin: Query returned 14 users
2026-09-23 12:49:48 [http-nio-8080-exec-6] DEBUG o.s.s.a.m.AuthorizationManagerBeforeMethodInterceptor - Authorizing method invocation ReflectiveMethodInvocation: public org.springframework.http.ResponseEntity com.UDSM.BACKEND.Controller.AdminController.getAllClearanceRequests(); target is of class [com.UDSM.BACKEND.Controller.AdminController]
2026-09-23 12:49:48 [http-nio-8080-exec-10] DEBUG c.UDSM.BACKEND.Service.AdminService - Admin: First user found: smaganga@udom.ac.tz, project: project-50194d03-eada-4e34-9518-37b328c325c2
2026-09-23 12:49:48 [http-nio-8080-exec-6] DEBUG o.s.s.a.m.AuthorizationManagerBeforeMethodInterceptor - Authorized method invocation ReflectiveMethodInvocation: public org.springframework.http.ResponseEntity com.UDSM.BACKEND.Controller.AdminController.getAllClearanceRequests(); target is of class [com.UDSM.BACKEND.Controller.AdminController]
2026-09-23 12:49:48 [http-nio-8080-exec-6] INFO  c.U.B.Controller.AdminController - Admin: Fetching all clearance requests
2026-09-23 13:01:11 [http-nio-8080-exec-10] DEBUG o.s.security.web.FilterChainProxy - Securing OPTIONS /admin/clearance-requests
2026-09-23 13:01:11 [http-nio-8080-exec-6] DEBUG o.s.security.web.FilterChainProxy - Securing GET /control-plane/branding/current
2026-09-23 13:01:11 [http-nio-8080-exec-7] DEBUG o.s.security.web.FilterChainProxy - Securing GET /control-plane/overview
2026-09-23 13:01:11 [http-nio-8080-exec-8] DEBUG o.s.security.web.FilterChainProxy - Securing OPTIONS /admin/roles
2026-09-23 13:01:11 [http-nio-8080-exec-2] DEBUG o.s.security.web.FilterChainProxy - Securing OPTIONS /admin/users
2026-09-23 13:01:11 [http-nio-8080-exec-6] INFO  c.U.B.config.JwtAuthenticationFilter - 🔑 JWT found in request: eyJhbGciOiJIUzI1NiJ9.eyJzdWIiO...
2026-09-23 13:01:11 [http-nio-8080-exec-7] INFO  c.U.B.config.JwtAuthenticationFilter - 🔑 JWT found in request: eyJhbGciOiJIUzI1NiJ9.eyJzdWIiO...
2026-09-23 13:01:12 [http-nio-8080-exec-4] DEBUG o.s.security.web.FilterChainProxy - Securing GET /admin/clearance-requests
2026-09-23 13:01:12 [http-nio-8080-exec-9] DEBUG o.s.security.web.FilterChainProxy - Securing GET /admin/roles
2026-09-23 13:01:12 [http-nio-8080-exec-5] DEBUG o.s.security.web.FilterChainProxy - Securing GET /admin/users
2026-09-23 13:01:12 [http-nio-8080-exec-9] INFO  c.U.B.config.JwtAuthenticationFilter - 🔑 JWT found in request: eyJhbGciOiJIUzI1NiJ9.eyJzdWIiO...
2026-09-23 13:01:12 [http-nio-8080-exec-4] INFO  c.U.B.config.JwtAuthenticationFilter - 🔑 JWT found in request: eyJhbGciOiJIUzI1NiJ9.eyJzdWIiO...
2026-09-23 13:01:12 [http-nio-8080-exec-5] INFO  c.U.B.config.JwtAuthenticationFilter - 🔑 JWT found in request: eyJhbGciOiJIUzI1NiJ9.eyJzdWIiO...
2026-09-23 13:01:12 [http-nio-8080-exec-7] INFO  c.U.B.config.JwtAuthenticationFilter - ✅ JWT validated for user: admin@udom.ac.tz
2026-09-23 13:01:12 [http-nio-8080-exec-6] INFO  c.U.B.config.JwtAuthenticationFilter - ✅ JWT validated for user: admin@udom.ac.tz
2026-09-23 13:01:12 [http-nio-8080-exec-5] INFO  c.U.B.config.JwtAuthenticationFilter - ✅ JWT validated for user: admin@udom.ac.tz
2026-09-23 13:01:12 [http-nio-8080-exec-9] INFO  c.U.B.config.JwtAuthenticationFilter - ✅ JWT validated for user: admin@udom.ac.tz
2026-09-23 13:01:12 [http-nio-8080-exec-4] INFO  c.U.B.config.JwtAuthenticationFilter - ✅ JWT validated for user: admin@udom.ac.tz
2026-09-23 13:01:12 [http-nio-8080-exec-5] INFO  c.U.B.S.CustomUserDetailsService - 🔍 Loading user by identifier: admin@udom.ac.tz
2026-09-23 13:01:12 [http-nio-8080-exec-4] INFO  c.U.B.S.CustomUserDetailsService - 🔍 Loading user by identifier: admin@udom.ac.tz
2026-09-23 13:01:12 [http-nio-8080-exec-6] INFO  c.U.B.S.CustomUserDetailsService - 🔍 Loading user by identifier: admin@udom.ac.tz
2026-09-23 13:01:12 [http-nio-8080-exec-7] INFO  c.U.B.S.CustomUserDetailsService - 🔍 Loading user by identifier: admin@udom.ac.tz
2026-09-23 13:01:12 [http-nio-8080-exec-9] INFO  c.U.B.S.CustomUserDetailsService - 🔍 Loading user by identifier: admin@udom.ac.tz
2026-09-23 13:01:12 [http-nio-8080-exec-7] INFO  c.U.B.S.CustomUserDetailsService - ✅ User found: admin@udom.ac.tz with role: ADMINISTRATOR
2026-09-23 13:01:12 [http-nio-8080-exec-6] INFO  c.U.B.S.CustomUserDetailsService - ✅ User found: admin@udom.ac.tz with role: ADMINISTRATOR
2026-09-23 13:01:12 [http-nio-8080-exec-5] INFO  c.U.B.S.CustomUserDetailsService - ✅ User found: admin@udom.ac.tz with role: ADMINISTRATOR
2026-09-23 13:01:12 [http-nio-8080-exec-9] INFO  c.U.B.S.CustomUserDetailsService - ✅ User found: admin@udom.ac.tz with role: ADMINISTRATOR
2026-09-23 13:01:12 [http-nio-8080-exec-4] INFO  c.U.B.S.CustomUserDetailsService - ✅ User found: admin@udom.ac.tz with role: ADMINISTRATOR
2026-09-23 13:01:12 [http-nio-8080-exec-7] INFO  c.U.B.config.JwtAuthenticationFilter - ✅ Authentication set for user: admin@udom.ac.tz
2026-09-23 13:01:12 [http-nio-8080-exec-6] INFO  c.U.B.config.JwtAuthenticationFilter - ✅ Authentication set for user: admin@udom.ac.tz
2026-09-23 13:01:12 [http-nio-8080-exec-4] INFO  c.U.B.config.JwtAuthenticationFilter - ✅ Authentication set for user: admin@udom.ac.tz
2026-09-23 13:01:12 [http-nio-8080-exec-5] INFO  c.U.B.config.JwtAuthenticationFilter - ✅ Authentication set for user: admin@udom.ac.tz
2026-09-23 13:01:12 [http-nio-8080-exec-9] INFO  c.U.B.config.JwtAuthenticationFilter - ✅ Authentication set for user: admin@udom.ac.tz
2026-09-23 13:01:12 [http-nio-8080-exec-6] DEBUG o.s.security.web.FilterChainProxy - Secured GET /control-plane/branding/current
2026-09-23 13:01:12 [http-nio-8080-exec-4] DEBUG o.s.security.web.FilterChainProxy - Secured GET /admin/clearance-requests
2026-09-23 13:01:12 [http-nio-8080-exec-7] DEBUG o.s.security.web.FilterChainProxy - Secured GET /control-plane/overview
2026-09-23 13:01:12 [http-nio-8080-exec-5] DEBUG o.s.security.web.FilterChainProxy - Secured GET /admin/users
2026-09-23 13:01:12 [http-nio-8080-exec-9] DEBUG o.s.security.web.FilterChainProxy - Secured GET /admin/roles
2026-09-23 13:01:12 [http-nio-8080-exec-9] DEBUG o.s.s.a.m.AuthorizationManagerBeforeMethodInterceptor - Authorizing method invocation ReflectiveMethodInvocation: public org.springframework.http.ResponseEntity com.UDSM.BACKEND.Controller.AdminController.getAllRoles(); target is of class [com.UDSM.BACKEND.Controller.AdminController]
2026-09-23 13:01:12 [http-nio-8080-exec-4] DEBUG o.s.s.a.m.AuthorizationManagerBeforeMethodInterceptor - Authorizing method invocation ReflectiveMethodInvocation: public org.springframework.http.ResponseEntity com.UDSM.BACKEND.Controller.AdminController.getAllClearanceRequests(); target is of class [com.UDSM.BACKEND.Controller.AdminController]
2026-09-23 13:01:12 [http-nio-8080-exec-7] DEBUG o.s.s.a.m.AuthorizationManagerBeforeMethodInterceptor - Authorizing method invocation ReflectiveMethodInvocation: public org.springframework.http.ResponseEntity com.UDSM.BACKEND.Controller.ControlPlaneController.overview(); target is of class [com.UDSM.BACKEND.Controller.ControlPlaneController]
2026-09-23 13:01:12 [http-nio-8080-exec-5] DEBUG o.s.s.a.m.AuthorizationManagerBeforeMethodInterceptor - Authorizing method invocation ReflectiveMethodInvocation: public org.springframework.http.ResponseEntity com.UDSM.BACKEND.Controller.AdminController.getAllUsers(); target is of class [com.UDSM.BACKEND.Controller.AdminController]
2026-09-23 13:01:12 [http-nio-8080-exec-7] DEBUG o.s.s.a.m.AuthorizationManagerBeforeMethodInterceptor - Authorized method invocation ReflectiveMethodInvocation: public org.springframework.http.ResponseEntity com.UDSM.BACKEND.Controller.ControlPlaneController.overview(); target is of class [com.UDSM.BACKEND.Controller.ControlPlaneController]
2026-09-23 13:01:12 [http-nio-8080-exec-5] DEBUG o.s.s.a.m.AuthorizationManagerBeforeMethodInterceptor - Authorized method invocation ReflectiveMethodInvocation: public org.springframework.http.ResponseEntity com.UDSM.BACKEND.Controller.AdminController.getAllUsers(); target is of class [com.UDSM.BACKEND.Controller.AdminController]
2026-09-23 13:01:12 [http-nio-8080-exec-9] DEBUG o.s.s.a.m.AuthorizationManagerBeforeMethodInterceptor - Authorized method invocation ReflectiveMethodInvocation: public org.springframework.http.ResponseEntity com.UDSM.BACKEND.Controller.AdminController.getAllRoles(); target is of class [com.UDSM.BACKEND.Controller.AdminController]
2026-09-23 13:01:12 [http-nio-8080-exec-4] DEBUG o.s.s.a.m.AuthorizationManagerBeforeMethodInterceptor - Authorized method invocation ReflectiveMethodInvocation: public org.springframework.http.ResponseEntity com.UDSM.BACKEND.Controller.AdminController.getAllClearanceRequests(); target is of class [com.UDSM.BACKEND.Controller.AdminController]
2026-09-23 13:01:12 [http-nio-8080-exec-9] INFO  c.U.B.Controller.AdminController - Admin: Fetching all available roles
2026-09-23 13:01:12 [http-nio-8080-exec-5] INFO  c.U.B.Controller.AdminController - Admin: Fetching all users via service
2026-09-23 13:01:12 [http-nio-8080-exec-4] INFO  c.U.B.Controller.AdminController - Admin: Fetching all clearance requests
2026-09-23 13:01:12 [http-nio-8080-exec-5] INFO  c.UDSM.BACKEND.Service.AdminService - Admin: Fetching users for project scope: project-50194d03-eada-4e34-9518-37b328c325c2
2026-09-23 13:01:12 [http-nio-8080-exec-5] INFO  c.UDSM.BACKEND.Service.AdminService - Admin: Query returned 14 users
2026-09-23 13:01:12 [http-nio-8080-exec-5] DEBUG c.UDSM.BACKEND.Service.AdminService - Admin: First user found: smaganga@udom.ac.tz, project: project-50194d03-eada-4e34-9518-37b328c325c2
2026-09-23 13:01:12 [http-nio-8080-exec-3] DEBUG o.s.security.web.FilterChainProxy - Securing GET /control-plane/branding/current
2026-09-23 13:01:12 [http-nio-8080-exec-3] INFO  c.U.B.config.JwtAuthenticationFilter - 🔑 JWT found in request: eyJhbGciOiJIUzI1NiJ9.eyJzdWIiO...
2026-09-23 13:01:12 [http-nio-8080-exec-3] INFO  c.U.B.config.JwtAuthenticationFilter - ✅ JWT validated for user: admin@udom.ac.tz
2026-09-23 13:01:12 [http-nio-8080-exec-3] INFO  c.U.B.S.CustomUserDetailsService - 🔍 Loading user by identifier: admin@udom.ac.tz
2026-09-23 13:01:12 [http-nio-8080-exec-3] INFO  c.U.B.S.CustomUserDetailsService - ✅ User found: admin@udom.ac.tz with role: ADMINISTRATOR
2026-09-23 13:01:12 [http-nio-8080-exec-3] INFO  c.U.B.config.JwtAuthenticationFilter - ✅ Authentication set for user: admin@udom.ac.tz
2026-09-23 13:01:12 [http-nio-8080-exec-3] DEBUG o.s.security.web.FilterChainProxy - Secured GET /control-plane/branding/current
2026-09-23 13:13:32 [http-nio-8080-exec-7] DEBUG o.s.security.web.FilterChainProxy - Securing GET /control-plane/branding/current
2026-09-23 13:13:32 [http-nio-8080-exec-4] DEBUG o.s.security.web.FilterChainProxy - Securing OPTIONS /admin/users
2026-09-23 13:13:32 [http-nio-8080-exec-9] DEBUG o.s.security.web.FilterChainProxy - Securing OPTIONS /admin/roles
2026-09-23 13:13:32 [http-nio-8080-exec-3] DEBUG o.s.security.web.FilterChainProxy - Securing GET /control-plane/overview
2026-09-23 13:13:32 [http-nio-8080-exec-6] DEBUG o.s.security.web.FilterChainProxy - Securing OPTIONS /admin/clearance-requests
2026-09-23 13:13:33 [http-nio-8080-exec-3] INFO  c.U.B.config.JwtAuthenticationFilter - 🔑 JWT found in request: eyJhbGciOiJIUzI1NiJ9.eyJzdWIiO...
2026-09-23 13:13:33 [http-nio-8080-exec-7] INFO  c.U.B.config.JwtAuthenticationFilter - 🔑 JWT found in request: eyJhbGciOiJIUzI1NiJ9.eyJzdWIiO...
2026-09-23 13:13:33 [http-nio-8080-exec-9] DEBUG o.s.security.web.FilterChainProxy - Securing GET /admin/roles
2026-09-23 13:13:33 [http-nio-8080-exec-4] DEBUG o.s.security.web.FilterChainProxy - Securing GET /admin/clearance-requests
2026-09-23 13:13:33 [http-nio-8080-exec-6] DEBUG o.s.security.web.FilterChainProxy - Securing GET /admin/users
2026-09-23 13:13:33 [http-nio-8080-exec-7] INFO  c.U.B.config.JwtAuthenticationFilter - ✅ JWT validated for user: admin@udom.ac.tz
2026-09-23 13:13:33 [http-nio-8080-exec-3] INFO  c.U.B.config.JwtAuthenticationFilter - ✅ JWT validated for user: admin@udom.ac.tz
2026-09-23 13:13:33 [http-nio-8080-exec-9] INFO  c.U.B.config.JwtAuthenticationFilter - 🔑 JWT found in request: eyJhbGciOiJIUzI1NiJ9.eyJzdWIiO...
2026-09-23 13:13:33 [http-nio-8080-exec-4] INFO  c.U.B.config.JwtAuthenticationFilter - 🔑 JWT found in request: eyJhbGciOiJIUzI1NiJ9.eyJzdWIiO...
2026-09-23 13:13:33 [http-nio-8080-exec-4] INFO  c.U.B.config.JwtAuthenticationFilter - ✅ JWT validated for user: admin@udom.ac.tz
2026-09-23 13:13:33 [http-nio-8080-exec-9] INFO  c.U.B.config.JwtAuthenticationFilter - ✅ JWT validated for user: admin@udom.ac.tz
2026-09-23 13:13:33 [http-nio-8080-exec-3] INFO  c.U.B.S.CustomUserDetailsService - 🔍 Loading user by identifier: admin@udom.ac.tz
2026-09-23 13:13:33 [http-nio-8080-exec-9] INFO  c.U.B.S.CustomUserDetailsService - 🔍 Loading user by identifier: admin@udom.ac.tz
2026-09-23 13:13:33 [http-nio-8080-exec-4] INFO  c.U.B.S.CustomUserDetailsService - 🔍 Loading user by identifier: admin@udom.ac.tz
2026-09-23 13:13:33 [http-nio-8080-exec-7] INFO  c.U.B.S.CustomUserDetailsService - 🔍 Loading user by identifier: admin@udom.ac.tz
2026-09-23 13:13:33 [http-nio-8080-exec-6] INFO  c.U.B.config.JwtAuthenticationFilter - 🔑 JWT found in request: eyJhbGciOiJIUzI1NiJ9.eyJzdWIiO...
2026-09-23 13:13:33 [http-nio-8080-exec-6] INFO  c.U.B.config.JwtAuthenticationFilter - ✅ JWT validated for user: admin@udom.ac.tz
2026-09-23 13:13:33 [http-nio-8080-exec-6] INFO  c.U.B.S.CustomUserDetailsService - 🔍 Loading user by identifier: admin@udom.ac.tz
2026-09-23 13:13:33 [http-nio-8080-exec-3] INFO  c.U.B.S.CustomUserDetailsService - ✅ User found: admin@udom.ac.tz with role: ADMINISTRATOR
2026-09-23 13:13:33 [http-nio-8080-exec-6] INFO  c.U.B.S.CustomUserDetailsService - ✅ User found: admin@udom.ac.tz with role: ADMINISTRATOR
2026-09-23 13:13:33 [http-nio-8080-exec-4] INFO  c.U.B.S.CustomUserDetailsService - ✅ User found: admin@udom.ac.tz with role: ADMINISTRATOR
2026-09-23 13:13:33 [http-nio-8080-exec-7] INFO  c.U.B.S.CustomUserDetailsService - ✅ User found: admin@udom.ac.tz with role: ADMINISTRATOR
2026-09-23 13:13:33 [http-nio-8080-exec-4] INFO  c.U.B.config.JwtAuthenticationFilter - ✅ Authentication set for user: admin@udom.ac.tz
2026-09-23 13:13:33 [http-nio-8080-exec-7] INFO  c.U.B.config.JwtAuthenticationFilter - ✅ Authentication set for user: admin@udom.ac.tz
2026-09-23 13:13:33 [http-nio-8080-exec-3] INFO  c.U.B.config.JwtAuthenticationFilter - ✅ Authentication set for user: admin@udom.ac.tz
2026-09-23 13:13:33 [http-nio-8080-exec-6] INFO  c.U.B.config.JwtAuthenticationFilter - ✅ Authentication set for user: admin@udom.ac.tz
2026-09-23 13:13:33 [http-nio-8080-exec-9] INFO  c.U.B.S.CustomUserDetailsService - ✅ User found: admin@udom.ac.tz with role: ADMINISTRATOR
2026-09-23 13:13:33 [http-nio-8080-exec-9] INFO  c.U.B.config.JwtAuthenticationFilter - ✅ Authentication set for user: admin@udom.ac.tz
2026-09-23 13:13:33 [http-nio-8080-exec-3] DEBUG o.s.security.web.FilterChainProxy - Secured GET /control-plane/overview
2026-09-23 13:13:33 [http-nio-8080-exec-4] DEBUG o.s.security.web.FilterChainProxy - Secured GET /admin/clearance-requests
2026-09-23 13:13:33 [http-nio-8080-exec-6] DEBUG o.s.security.web.FilterChainProxy - Secured GET /admin/users
2026-09-23 13:13:33 [http-nio-8080-exec-9] DEBUG o.s.security.web.FilterChainProxy - Secured GET /admin/roles
2026-09-23 13:13:33 [http-nio-8080-exec-7] DEBUG o.s.security.web.FilterChainProxy - Secured GET /control-plane/branding/current
2026-09-23 13:13:33 [http-nio-8080-exec-4] DEBUG o.s.s.a.m.AuthorizationManagerBeforeMethodInterceptor - Authorizing method invocation ReflectiveMethodInvocation: public org.springframework.http.ResponseEntity com.UDSM.BACKEND.Controller.AdminController.getAllClearanceRequests(); target is of class [com.UDSM.BACKEND.Controller.AdminController]
2026-09-23 13:13:33 [http-nio-8080-exec-6] DEBUG o.s.s.a.m.AuthorizationManagerBeforeMethodInterceptor - Authorizing method invocation ReflectiveMethodInvocation: public org.springframework.http.ResponseEntity com.UDSM.BACKEND.Controller.AdminController.getAllUsers(); target is of class [com.UDSM.BACKEND.Controller.AdminController]
2026-09-23 13:13:33 [http-nio-8080-exec-9] DEBUG o.s.s.a.m.AuthorizationManagerBeforeMethodInterceptor - Authorizing method invocation ReflectiveMethodInvocation: public org.springframework.http.ResponseEntity com.UDSM.BACKEND.Controller.AdminController.getAllRoles(); target is of class [com.UDSM.BACKEND.Controller.AdminController]
2026-09-23 13:13:33 [http-nio-8080-exec-3] DEBUG o.s.s.a.m.AuthorizationManagerBeforeMethodInterceptor - Authorizing method invocation ReflectiveMethodInvocation: public org.springframework.http.ResponseEntity com.UDSM.BACKEND.Controller.ControlPlaneController.overview(); target is of class [com.UDSM.BACKEND.Controller.ControlPlaneController]
2026-09-23 13:13:33 [http-nio-8080-exec-3] DEBUG o.s.s.a.m.AuthorizationManagerBeforeMethodInterceptor - Authorized method invocation ReflectiveMethodInvocation: public org.springframework.http.ResponseEntity com.UDSM.BACKEND.Controller.ControlPlaneController.overview(); target is of class [com.UDSM.BACKEND.Controller.ControlPlaneController]
2026-09-23 13:13:33 [http-nio-8080-exec-6] DEBUG o.s.s.a.m.AuthorizationManagerBeforeMethodInterceptor - Authorized method invocation ReflectiveMethodInvocation: public org.springframework.http.ResponseEntity com.UDSM.BACKEND.Controller.AdminController.getAllUsers(); target is of class [com.UDSM.BACKEND.Controller.AdminController]
2026-09-23 13:13:33 [http-nio-8080-exec-9] DEBUG o.s.s.a.m.AuthorizationManagerBeforeMethodInterceptor - Authorized method invocation ReflectiveMethodInvocation: public org.springframework.http.ResponseEntity com.UDSM.BACKEND.Controller.AdminController.getAllRoles(); target is of class [com.UDSM.BACKEND.Controller.AdminController]
2026-09-23 13:13:33 [http-nio-8080-exec-4] DEBUG o.s.s.a.m.AuthorizationManagerBeforeMethodInterceptor - Authorized method invocation ReflectiveMethodInvocation: public org.springframework.http.ResponseEntity com.UDSM.BACKEND.Controller.AdminController.getAllClearanceRequests(); target is of class [com.UDSM.BACKEND.Controller.AdminController]
2026-09-23 13:13:33 [http-nio-8080-exec-9] INFO  c.U.B.Controller.AdminController - Admin: Fetching all available roles
2026-09-23 13:13:33 [http-nio-8080-exec-6] INFO  c.U.B.Controller.AdminController - Admin: Fetching all users via service
2026-09-23 13:13:33 [http-nio-8080-exec-4] INFO  c.U.B.Controller.AdminController - Admin: Fetching all clearance requests
2026-09-23 13:13:33 [http-nio-8080-exec-6] INFO  c.UDSM.BACKEND.Service.AdminService - Admin: Fetching users for project scope: project-50194d03-eada-4e34-9518-37b328c325c2
2026-09-23 13:13:33 [http-nio-8080-exec-6] INFO  c.UDSM.BACKEND.Service.AdminService - Admin: Query returned 14 users
2026-09-23 13:13:33 [http-nio-8080-exec-6] DEBUG c.UDSM.BACKEND.Service.AdminService - Admin: First user found: smaganga@udom.ac.tz, project: project-50194d03-eada-4e34-9518-37b328c325c2
2026-09-23 13:13:33 [http-nio-8080-exec-1] DEBUG o.s.security.web.FilterChainProxy - Securing GET /control-plane/branding/current
2026-09-23 13:13:33 [http-nio-8080-exec-1] INFO  c.U.B.config.JwtAuthenticationFilter - 🔑 JWT found in request: eyJhbGciOiJIUzI1NiJ9.eyJzdWIiO...
2026-09-23 13:13:33 [http-nio-8080-exec-1] INFO  c.U.B.config.JwtAuthenticationFilter - ✅ JWT validated for user: admin@udom.ac.tz
2026-09-23 13:13:33 [http-nio-8080-exec-1] INFO  c.U.B.S.CustomUserDetailsService - 🔍 Loading user by identifier: admin@udom.ac.tz
2026-09-23 13:13:33 [http-nio-8080-exec-1] INFO  c.U.B.S.CustomUserDetailsService - ✅ User found: admin@udom.ac.tz with role: ADMINISTRATOR
2026-09-23 13:13:33 [http-nio-8080-exec-1] INFO  c.U.B.config.JwtAuthenticationFilter - ✅ Authentication set for user: admin@udom.ac.tz
2026-09-23 13:13:33 [http-nio-8080-exec-1] DEBUG o.s.security.web.FilterChainProxy - Secured GET /control-plane/branding/current
2026-09-23 13:17:54 [http-nio-8080-exec-7] DEBUG o.s.security.web.FilterChainProxy - Securing PUT /control-plane/dashboards/academic-staff
2026-09-23 13:17:54 [http-nio-8080-exec-7] INFO  c.U.B.config.JwtAuthenticationFilter - 🔑 JWT found in request: eyJhbGciOiJIUzI1NiJ9.eyJzdWIiO...
2026-09-23 13:17:54 [http-nio-8080-exec-7] INFO  c.U.B.config.JwtAuthenticationFilter - ✅ JWT validated for user: admin@udom.ac.tz
2026-09-23 13:17:54 [http-nio-8080-exec-7] INFO  c.U.B.S.CustomUserDetailsService - 🔍 Loading user by identifier: admin@udom.ac.tz
2026-09-23 13:17:54 [http-nio-8080-exec-7] INFO  c.U.B.S.CustomUserDetailsService - ✅ User found: admin@udom.ac.tz with role: ADMINISTRATOR
2026-09-23 13:17:54 [http-nio-8080-exec-7] INFO  c.U.B.config.JwtAuthenticationFilter - ✅ Authentication set for user: admin@udom.ac.tz
2026-09-23 13:17:54 [http-nio-8080-exec-7] DEBUG o.s.security.web.FilterChainProxy - Secured PUT /control-plane/dashboards/academic-staff
2026-09-23 13:17:54 [http-nio-8080-exec-9] DEBUG o.s.security.web.FilterChainProxy - Securing PUT /control-plane/dashboards/academic-staff
2026-09-23 13:17:54 [http-nio-8080-exec-9] INFO  c.U.B.config.JwtAuthenticationFilter - 🔑 JWT found in request: eyJhbGciOiJIUzI1NiJ9.eyJzdWIiO...
2026-09-23 13:17:54 [http-nio-8080-exec-7] DEBUG o.s.s.a.m.AuthorizationManagerBeforeMethodInterceptor - Authorizing method invocation ReflectiveMethodInvocation: public org.springframework.http.ResponseEntity com.UDSM.BACKEND.Controller.ControlPlaneController.updateDashboard(java.lang.String,java.util.Map); target is of class [com.UDSM.BACKEND.Controller.ControlPlaneController]
2026-09-23 13:17:54 [http-nio-8080-exec-9] INFO  c.U.B.config.JwtAuthenticationFilter - ✅ JWT validated for user: admin@udom.ac.tz
2026-09-23 13:17:54 [http-nio-8080-exec-9] INFO  c.U.B.S.CustomUserDetailsService - 🔍 Loading user by identifier: admin@udom.ac.tz
2026-09-23 13:17:54 [http-nio-8080-exec-9] INFO  c.U.B.S.CustomUserDetailsService - ✅ User found: admin@udom.ac.tz with role: ADMINISTRATOR
2026-09-23 13:17:54 [http-nio-8080-exec-9] INFO  c.U.B.config.JwtAuthenticationFilter - ✅ Authentication set for user: admin@udom.ac.tz
2026-09-23 13:17:54 [http-nio-8080-exec-9] DEBUG o.s.security.web.FilterChainProxy - Secured PUT /control-plane/dashboards/academic-staff
2026-09-23 13:17:54 [http-nio-8080-exec-9] DEBUG o.s.s.a.m.AuthorizationManagerBeforeMethodInterceptor - Authorizing method invocation ReflectiveMethodInvocation: public org.springframework.http.ResponseEntity com.UDSM.BACKEND.Controller.ControlPlaneController.updateDashboard(java.lang.String,java.util.Map); target is of class [com.UDSM.BACKEND.Controller.ControlPlaneController]
2026-09-23 13:17:54 [http-nio-8080-exec-9] DEBUG o.s.s.a.m.AuthorizationManagerBeforeMethodInterceptor - Authorized method invocation ReflectiveMethodInvocation: public org.springframework.http.ResponseEntity com.UDSM.BACKEND.Controller.ControlPlaneController.updateDashboard(java.lang.String,java.util.Map); target is of class [com.UDSM.BACKEND.Controller.ControlPlaneController]
2026-09-23 13:17:54 [http-nio-8080-exec-7] DEBUG o.s.s.a.m.AuthorizationManagerBeforeMethodInterceptor - Authorized method invocation ReflectiveMethodInvocation: public org.springframework.http.ResponseEntity com.UDSM.BACKEND.Controller.ControlPlaneController.updateDashboard(java.lang.String,java.util.Map); target is of class [com.UDSM.BACKEND.Controller.ControlPlaneController]
2026-09-23 13:20:57 [http-nio-8080-exec-1] DEBUG o.s.security.web.FilterChainProxy - Securing OPTIONS /auth/login
2026-09-23 13:20:57 [http-nio-8080-exec-8] DEBUG o.s.security.web.FilterChainProxy - Securing POST /auth/login
2026-09-23 13:20:57 [http-nio-8080-exec-8] DEBUG o.s.s.w.a.AnonymousAuthenticationFilter - Set SecurityContextHolder to anonymous SecurityContext
2026-09-23 13:20:57 [http-nio-8080-exec-8] DEBUG o.s.security.web.FilterChainProxy - Secured POST /auth/login
2026-09-23 13:20:58 [http-nio-8080-exec-8] INFO  c.U.B.Controller.AuthController - 🔐 Login attempt for: admin@udom.ac.tz
2026-09-23 13:20:58 [http-nio-8080-exec-8] INFO  c.U.B.S.CustomUserDetailsService - 🔍 Loading user by identifier: admin@udom.ac.tz
2026-09-23 13:20:58 [http-nio-8080-exec-8] INFO  c.U.B.S.CustomUserDetailsService - ✅ User found: admin@udom.ac.tz with role: ADMINISTRATOR
2026-09-23 13:20:58 [http-nio-8080-exec-8] DEBUG o.s.s.a.d.DaoAuthenticationProvider - Authenticated user
2026-09-23 13:20:58 [http-nio-8080-exec-8] DEBUG c.UDSM.BACKEND.Service.AuthService -  Finding user by identifier: admin@udom.ac.tz
2026-09-23 13:20:58 [http-nio-8080-exec-2] DEBUG o.s.security.web.FilterChainProxy - Securing OPTIONS /admin/roles
2026-09-23 13:20:58 [http-nio-8080-exec-6] DEBUG o.s.security.web.FilterChainProxy - Securing OPTIONS /admin/clearance-requests
2026-09-23 13:20:58 [http-nio-8080-exec-10] DEBUG o.s.security.web.FilterChainProxy - Securing OPTIONS /admin/users
2026-09-23 13:20:58 [http-nio-8080-exec-7] DEBUG o.s.security.web.FilterChainProxy - Securing GET /admin/clearance-requests
2026-09-23 13:20:58 [http-nio-8080-exec-5] DEBUG o.s.security.web.FilterChainProxy - Securing GET /admin/roles
2026-09-23 13:20:58 [http-nio-8080-exec-9] DEBUG o.s.security.web.FilterChainProxy - Securing GET /control-plane/branding/current
2026-09-23 13:20:58 [http-nio-8080-exec-4] DEBUG o.s.security.web.FilterChainProxy - Securing GET /control-plane/overview
2026-09-23 13:20:58 [http-nio-8080-exec-7] INFO  c.U.B.config.JwtAuthenticationFilter - 🔑 JWT found in request: eyJhbGciOiJIUzI1NiJ9.eyJzdWIiO...
2026-09-23 13:20:58 [http-nio-8080-exec-9] INFO  c.U.B.config.JwtAuthenticationFilter - 🔑 JWT found in request: eyJhbGciOiJIUzI1NiJ9.eyJzdWIiO...
2026-09-23 13:20:58 [http-nio-8080-exec-4] INFO  c.U.B.config.JwtAuthenticationFilter - 🔑 JWT found in request: eyJhbGciOiJIUzI1NiJ9.eyJzdWIiO...
2026-09-23 13:20:58 [http-nio-8080-exec-5] INFO  c.U.B.config.JwtAuthenticationFilter - 🔑 JWT found in request: eyJhbGciOiJIUzI1NiJ9.eyJzdWIiO...
2026-09-23 13:20:58 [http-nio-8080-exec-9] INFO  c.U.B.config.JwtAuthenticationFilter - ✅ JWT validated for user: admin@udom.ac.tz
2026-09-23 13:20:58 [http-nio-8080-exec-5] INFO  c.U.B.config.JwtAuthenticationFilter - ✅ JWT validated for user: admin@udom.ac.tz
2026-09-23 13:20:58 [http-nio-8080-exec-3] DEBUG o.s.security.web.FilterChainProxy - Securing GET /admin/users
2026-09-23 13:20:58 [http-nio-8080-exec-4] INFO  c.U.B.config.JwtAuthenticationFilter - ✅ JWT validated for user: admin@udom.ac.tz
2026-09-23 13:20:58 [http-nio-8080-exec-9] INFO  c.U.B.S.CustomUserDetailsService - 🔍 Loading user by identifier: admin@udom.ac.tz
2026-09-23 13:20:58 [http-nio-8080-exec-5] INFO  c.U.B.S.CustomUserDetailsService - 🔍 Loading user by identifier: admin@udom.ac.tz
2026-09-23 13:20:58 [http-nio-8080-exec-7] INFO  c.U.B.config.JwtAuthenticationFilter - ✅ JWT validated for user: admin@udom.ac.tz
2026-09-23 13:20:58 [http-nio-8080-exec-4] INFO  c.U.B.S.CustomUserDetailsService - 🔍 Loading user by identifier: admin@udom.ac.tz
2026-09-23 13:20:58 [http-nio-8080-exec-3] INFO  c.U.B.config.JwtAuthenticationFilter - 🔑 JWT found in request: eyJhbGciOiJIUzI1NiJ9.eyJzdWIiO...
2026-09-23 13:20:58 [http-nio-8080-exec-7] INFO  c.U.B.S.CustomUserDetailsService - 🔍 Loading user by identifier: admin@udom.ac.tz
2026-09-23 13:20:58 [http-nio-8080-exec-5] INFO  c.U.B.S.CustomUserDetailsService - ✅ User found: admin@udom.ac.tz with role: ADMINISTRATOR
2026-09-23 13:20:58 [http-nio-8080-exec-3] INFO  c.U.B.config.JwtAuthenticationFilter - ✅ JWT validated for user: admin@udom.ac.tz
2026-09-23 13:20:58 [http-nio-8080-exec-9] INFO  c.U.B.S.CustomUserDetailsService - ✅ User found: admin@udom.ac.tz with role: ADMINISTRATOR
2026-09-23 13:20:58 [http-nio-8080-exec-5] INFO  c.U.B.config.JwtAuthenticationFilter - ✅ Authentication set for user: admin@udom.ac.tz
2026-09-23 13:20:58 [http-nio-8080-exec-4] INFO  c.U.B.S.CustomUserDetailsService - ✅ User found: admin@udom.ac.tz with role: ADMINISTRATOR
2026-09-23 13:20:58 [http-nio-8080-exec-5] DEBUG o.s.security.web.FilterChainProxy - Secured GET /admin/roles
2026-09-23 13:20:58 [http-nio-8080-exec-3] INFO  c.U.B.S.CustomUserDetailsService - 🔍 Loading user by identifier: admin@udom.ac.tz
2026-09-23 13:20:58 [http-nio-8080-exec-9] INFO  c.U.B.config.JwtAuthenticationFilter - ✅ Authentication set for user: admin@udom.ac.tz
2026-09-23 13:20:58 [http-nio-8080-exec-4] INFO  c.U.B.config.JwtAuthenticationFilter - ✅ Authentication set for user: admin@udom.ac.tz
2026-09-23 13:20:58 [http-nio-8080-exec-5] DEBUG o.s.s.a.m.AuthorizationManagerBeforeMethodInterceptor - Authorizing method invocation ReflectiveMethodInvocation: public org.springframework.http.ResponseEntity com.UDSM.BACKEND.Controller.AdminController.getAllRoles(); target is of class [com.UDSM.BACKEND.Controller.AdminController]
2026-09-23 13:20:58 [http-nio-8080-exec-9] DEBUG o.s.security.web.FilterChainProxy - Secured GET /control-plane/branding/current
2026-09-23 13:20:58 [http-nio-8080-exec-7] INFO  c.U.B.S.CustomUserDetailsService - ✅ User found: admin@udom.ac.tz with role: ADMINISTRATOR
2026-09-23 13:20:58 [http-nio-8080-exec-4] DEBUG o.s.security.web.FilterChainProxy - Secured GET /control-plane/overview
2026-09-23 13:20:58 [http-nio-8080-exec-5] DEBUG o.s.s.a.m.AuthorizationManagerBeforeMethodInterceptor - Authorized method invocation ReflectiveMethodInvocation: public org.springframework.http.ResponseEntity com.UDSM.BACKEND.Controller.AdminController.getAllRoles(); target is of class [com.UDSM.BACKEND.Controller.AdminController]
2026-09-23 13:20:58 [http-nio-8080-exec-7] INFO  c.U.B.config.JwtAuthenticationFilter - ✅ Authentication set for user: admin@udom.ac.tz
2026-09-23 13:20:58 [http-nio-8080-exec-4] DEBUG o.s.s.a.m.AuthorizationManagerBeforeMethodInterceptor - Authorizing method invocation ReflectiveMethodInvocation: public org.springframework.http.ResponseEntity com.UDSM.BACKEND.Controller.ControlPlaneController.overview(); target is of class [com.UDSM.BACKEND.Controller.ControlPlaneController]
2026-09-23 13:20:58 [http-nio-8080-exec-5] INFO  c.U.B.Controller.AdminController - Admin: Fetching all available roles
2026-09-23 13:20:58 [http-nio-8080-exec-7] DEBUG o.s.security.web.FilterChainProxy - Secured GET /admin/clearance-requests
2026-09-23 13:20:58 [http-nio-8080-exec-4] DEBUG o.s.s.a.m.AuthorizationManagerBeforeMethodInterceptor - Authorized method invocation ReflectiveMethodInvocation: public org.springframework.http.ResponseEntity com.UDSM.BACKEND.Controller.ControlPlaneController.overview(); target is of class [com.UDSM.BACKEND.Controller.ControlPlaneController]
2026-09-23 13:20:58 [http-nio-8080-exec-7] DEBUG o.s.s.a.m.AuthorizationManagerBeforeMethodInterceptor - Authorizing method invocation ReflectiveMethodInvocation: public org.springframework.http.ResponseEntity com.UDSM.BACKEND.Controller.AdminController.getAllClearanceRequests(); target is of class [com.UDSM.BACKEND.Controller.AdminController]
2026-09-23 13:20:58 [http-nio-8080-exec-3] INFO  c.U.B.S.CustomUserDetailsService - ✅ User found: admin@udom.ac.tz with role: ADMINISTRATOR
2026-09-23 13:20:58 [http-nio-8080-exec-7] DEBUG o.s.s.a.m.AuthorizationManagerBeforeMethodInterceptor - Authorized method invocation ReflectiveMethodInvocation: public org.springframework.http.ResponseEntity com.UDSM.BACKEND.Controller.AdminController.getAllClearanceRequests(); target is of class [com.UDSM.BACKEND.Controller.AdminController]
2026-09-23 13:20:58 [http-nio-8080-exec-3] INFO  c.U.B.config.JwtAuthenticationFilter - ✅ Authentication set for user: admin@udom.ac.tz
2026-09-23 13:20:58 [http-nio-8080-exec-7] INFO  c.U.B.Controller.AdminController - Admin: Fetching all clearance requests
2026-09-23 13:20:58 [http-nio-8080-exec-3] DEBUG o.s.security.web.FilterChainProxy - Secured GET /admin/users
2026-09-23 13:20:58 [http-nio-8080-exec-3] DEBUG o.s.s.a.m.AuthorizationManagerBeforeMethodInterceptor - Authorizing method invocation ReflectiveMethodInvocation: public org.springframework.http.ResponseEntity com.UDSM.BACKEND.Controller.AdminController.getAllUsers(); target is of class [com.UDSM.BACKEND.Controller.AdminController]
2026-09-23 13:20:58 [http-nio-8080-exec-3] DEBUG o.s.s.a.m.AuthorizationManagerBeforeMethodInterceptor - Authorized method invocation ReflectiveMethodInvocation: public org.springframework.http.ResponseEntity com.UDSM.BACKEND.Controller.AdminController.getAllUsers(); target is of class [com.UDSM.BACKEND.Controller.AdminController]
2026-09-23 13:20:58 [http-nio-8080-exec-3] INFO  c.U.B.Controller.AdminController - Admin: Fetching all users via service
2026-09-23 13:20:58 [http-nio-8080-exec-3] INFO  c.UDSM.BACKEND.Service.AdminService - Admin: Fetching users for project scope: project-50194d03-eada-4e34-9518-37b328c325c2
2026-09-23 13:20:58 [http-nio-8080-exec-3] INFO  c.UDSM.BACKEND.Service.AdminService - Admin: Query returned 14 users
2026-09-23 13:20:58 [http-nio-8080-exec-3] DEBUG c.UDSM.BACKEND.Service.AdminService - Admin: First user found: smaganga@udom.ac.tz, project: project-50194d03-eada-4e34-9518-37b328c325c2
2026-09-23 13:21:01 [Thread-95] ERROR c.UDSM.BACKEND.Service.EmailService - ❌ Failed to send email to admin@udom.ac.tz: Authentication failed
2026-09-23 13:21:20 [http-nio-8080-exec-5] DEBUG o.s.security.web.FilterChainProxy - Securing OPTIONS /auth/login
2026-09-23 13:21:20 [http-nio-8080-exec-9] DEBUG o.s.security.web.FilterChainProxy - Securing POST /auth/login
2026-09-23 13:21:20 [http-nio-8080-exec-9] DEBUG o.s.s.w.a.AnonymousAuthenticationFilter - Set SecurityContextHolder to anonymous SecurityContext
2026-09-23 13:21:20 [http-nio-8080-exec-9] DEBUG o.s.security.web.FilterChainProxy - Secured POST /auth/login
2026-09-23 13:21:20 [http-nio-8080-exec-9] INFO  c.U.B.Controller.AuthController - 🔐 Login attempt for: smaganga@udom.ac.tz
2026-09-23 13:21:20 [http-nio-8080-exec-9] INFO  c.U.B.S.CustomUserDetailsService - 🔍 Loading user by identifier: smaganga@udom.ac.tz
2026-09-23 13:21:20 [http-nio-8080-exec-9] INFO  c.U.B.S.CustomUserDetailsService - ✅ User found: smaganga@udom.ac.tz with role: STUDENT
2026-09-23 13:21:20 [http-nio-8080-exec-9] DEBUG o.s.s.a.d.DaoAuthenticationProvider - Authenticated user
2026-09-23 13:21:20 [http-nio-8080-exec-9] DEBUG c.UDSM.BACKEND.Service.AuthService -  Finding user by identifier: smaganga@udom.ac.tz
2026-09-23 13:21:20 [http-nio-8080-exec-7] DEBUG o.s.security.web.FilterChainProxy - Securing OPTIONS /auth/profile
2026-09-23 13:21:20 [http-nio-8080-exec-3] DEBUG o.s.security.web.FilterChainProxy - Securing GET /control-plane/branding/current
2026-09-23 13:21:20 [http-nio-8080-exec-3] INFO  c.U.B.config.JwtAuthenticationFilter - 🔑 JWT found in request: eyJhbGciOiJIUzI1NiJ9.eyJzdWIiO...
2026-09-23 13:21:21 [http-nio-8080-exec-3] INFO  c.U.B.config.JwtAuthenticationFilter - ✅ JWT validated for user: smaganga@udom.ac.tz
2026-09-23 13:21:21 [http-nio-8080-exec-3] INFO  c.U.B.S.CustomUserDetailsService - 🔍 Loading user by identifier: smaganga@udom.ac.tz
2026-09-23 13:21:21 [http-nio-8080-exec-4] DEBUG o.s.security.web.FilterChainProxy - Securing GET /auth/profile
2026-09-23 13:21:21 [http-nio-8080-exec-4] INFO  c.U.B.config.JwtAuthenticationFilter - 🔑 JWT found in request: eyJhbGciOiJIUzI1NiJ9.eyJzdWIiO...
2026-09-23 13:21:21 [http-nio-8080-exec-3] INFO  c.U.B.S.CustomUserDetailsService - ✅ User found: smaganga@udom.ac.tz with role: STUDENT
2026-09-23 13:21:21 [http-nio-8080-exec-4] INFO  c.U.B.config.JwtAuthenticationFilter - ✅ JWT validated for user: smaganga@udom.ac.tz
2026-09-23 13:21:21 [http-nio-8080-exec-3] INFO  c.U.B.config.JwtAuthenticationFilter - ✅ Authentication set for user: smaganga@udom.ac.tz
2026-09-23 13:21:21 [http-nio-8080-exec-4] INFO  c.U.B.S.CustomUserDetailsService - 🔍 Loading user by identifier: smaganga@udom.ac.tz
2026-09-23 13:21:21 [http-nio-8080-exec-3] DEBUG o.s.security.web.FilterChainProxy - Secured GET /control-plane/branding/current
2026-09-23 13:21:21 [http-nio-8080-exec-4] INFO  c.U.B.S.CustomUserDetailsService - ✅ User found: smaganga@udom.ac.tz with role: STUDENT
2026-09-23 13:21:21 [http-nio-8080-exec-4] INFO  c.U.B.config.JwtAuthenticationFilter - ✅ Authentication set for user: smaganga@udom.ac.tz
2026-09-23 13:21:21 [http-nio-8080-exec-4] DEBUG o.s.security.web.FilterChainProxy - Secured GET /auth/profile
2026-09-23 13:21:21 [http-nio-8080-exec-4] INFO  c.U.B.Controller.AuthController - 👤 Get current user profile
2026-09-23 13:21:21 [http-nio-8080-exec-4] INFO  c.UDSM.BACKEND.Service.AuthService - Getting current user: smaganga@udom.ac.tz
2026-09-23 13:21:21 [http-nio-8080-exec-4] DEBUG c.UDSM.BACKEND.Service.AuthService -  Finding user by identifier: smaganga@udom.ac.tz
2026-09-23 13:21:23 [http-nio-8080-exec-1] DEBUG o.s.security.web.FilterChainProxy - Securing GET /control-plane/branding/current
2026-09-23 13:21:23 [http-nio-8080-exec-1] INFO  c.U.B.config.JwtAuthenticationFilter - 🔑 JWT found in request: eyJhbGciOiJIUzI1NiJ9.eyJzdWIiO...
2026-09-23 13:21:23 [http-nio-8080-exec-1] INFO  c.U.B.config.JwtAuthenticationFilter - ✅ JWT validated for user: smaganga@udom.ac.tz
2026-09-23 13:21:23 [http-nio-8080-exec-1] INFO  c.U.B.S.CustomUserDetailsService - 🔍 Loading user by identifier: smaganga@udom.ac.tz
2026-09-23 13:21:23 [http-nio-8080-exec-1] INFO  c.U.B.S.CustomUserDetailsService - ✅ User found: smaganga@udom.ac.tz with role: STUDENT
2026-09-23 13:21:23 [http-nio-8080-exec-1] INFO  c.U.B.config.JwtAuthenticationFilter - ✅ Authentication set for user: smaganga@udom.ac.tz
2026-09-23 13:21:23 [http-nio-8080-exec-1] DEBUG o.s.security.web.FilterChainProxy - Secured GET /control-plane/branding/current
2026-09-23 13:21:23 [Thread-96] ERROR c.UDSM.BACKEND.Service.EmailService - ❌ Failed to send email to smaganga@udom.ac.tz: Authentication failed
2026-09-23 13:23:00 [http-nio-8080-exec-10] DEBUG o.s.security.web.FilterChainProxy - Securing GET /control-plane/branding/current
2026-09-23 13:23:00 [http-nio-8080-exec-10] INFO  c.U.B.config.JwtAuthenticationFilter - 🔑 JWT found in request: eyJhbGciOiJIUzI1NiJ9.eyJzdWIiO...
2026-09-23 13:23:00 [http-nio-8080-exec-10] INFO  c.U.B.config.JwtAuthenticationFilter - ✅ JWT validated for user: smaganga@udom.ac.tz
2026-09-23 13:23:00 [http-nio-8080-exec-10] INFO  c.U.B.S.CustomUserDetailsService - 🔍 Loading user by identifier: smaganga@udom.ac.tz
2026-09-23 13:23:00 [http-nio-8080-exec-10] INFO  c.U.B.S.CustomUserDetailsService - ✅ User found: smaganga@udom.ac.tz with role: STUDENT
2026-09-23 13:23:00 [http-nio-8080-exec-10] INFO  c.U.B.config.JwtAuthenticationFilter - ✅ Authentication set for user: smaganga@udom.ac.tz
2026-09-23 13:23:00 [http-nio-8080-exec-10] DEBUG o.s.security.web.FilterChainProxy - Secured GET /control-plane/branding/current
2026-09-23 13:23:09 [http-nio-8080-exec-6] DEBUG o.s.security.web.FilterChainProxy - Securing GET /control-plane/branding/current
2026-09-23 13:23:09 [http-nio-8080-exec-6] INFO  c.U.B.config.JwtAuthenticationFilter - 🔑 JWT found in request: eyJhbGciOiJIUzI1NiJ9.eyJzdWIiO...
2026-09-23 13:23:09 [http-nio-8080-exec-6] INFO  c.U.B.config.JwtAuthenticationFilter - ✅ JWT validated for user: smaganga@udom.ac.tz
2026-09-23 13:23:09 [http-nio-8080-exec-6] INFO  c.U.B.S.CustomUserDetailsService - 🔍 Loading user by identifier: smaganga@udom.ac.tz
2026-09-23 13:23:09 [http-nio-8080-exec-6] INFO  c.U.B.S.CustomUserDetailsService - ✅ User found: smaganga@udom.ac.tz with role: STUDENT
2026-09-23 13:23:09 [http-nio-8080-exec-6] INFO  c.U.B.config.JwtAuthenticationFilter - ✅ Authentication set for user: smaganga@udom.ac.tz
2026-09-23 13:23:09 [http-nio-8080-exec-6] DEBUG o.s.security.web.FilterChainProxy - Secured GET /control-plane/branding/current
2026-09-23 13:23:11 [http-nio-8080-exec-5] DEBUG o.s.security.web.FilterChainProxy - Securing GET /control-plane/branding/current
2026-09-23 13:23:11 [http-nio-8080-exec-5] INFO  c.U.B.config.JwtAuthenticationFilter - 🔑 JWT found in request: eyJhbGciOiJIUzI1NiJ9.eyJzdWIiO...
2026-09-23 13:23:11 [http-nio-8080-exec-5] INFO  c.U.B.config.JwtAuthenticationFilter - ✅ JWT validated for user: smaganga@udom.ac.tz
2026-09-23 13:23:11 [http-nio-8080-exec-5] INFO  c.U.B.S.CustomUserDetailsService - 🔍 Loading user by identifier: smaganga@udom.ac.tz
2026-09-23 13:23:11 [http-nio-8080-exec-5] INFO  c.U.B.S.CustomUserDetailsService - ✅ User found: smaganga@udom.ac.tz with role: STUDENT
2026-09-23 13:23:11 [http-nio-8080-exec-5] INFO  c.U.B.config.JwtAuthenticationFilter - ✅ Authentication set for user: smaganga@udom.ac.tz
2026-09-23 13:23:11 [http-nio-8080-exec-5] DEBUG o.s.security.web.FilterChainProxy - Secured GET /control-plane/branding/current
2026-09-23 13:23:12 [http-nio-8080-exec-9] DEBUG o.s.security.web.FilterChainProxy - Securing GET /control-plane/branding/current
2026-09-23 13:23:12 [http-nio-8080-exec-9] INFO  c.U.B.config.JwtAuthenticationFilter - 🔑 JWT found in request: eyJhbGciOiJIUzI1NiJ9.eyJzdWIiO...
2026-09-23 13:23:12 [http-nio-8080-exec-9] INFO  c.U.B.config.JwtAuthenticationFilter - ✅ JWT validated for user: smaganga@udom.ac.tz
2026-09-23 13:23:12 [http-nio-8080-exec-9] INFO  c.U.B.S.CustomUserDetailsService - 🔍 Loading user by identifier: smaganga@udom.ac.tz
2026-09-23 13:23:12 [http-nio-8080-exec-9] INFO  c.U.B.S.CustomUserDetailsService - ✅ User found: smaganga@udom.ac.tz with role: STUDENT
2026-09-23 13:23:12 [http-nio-8080-exec-9] INFO  c.U.B.config.JwtAuthenticationFilter - ✅ Authentication set for user: smaganga@udom.ac.tz
2026-09-23 13:23:12 [http-nio-8080-exec-9] DEBUG o.s.security.web.FilterChainProxy - Secured GET /control-plane/branding/current
2026-09-23 13:23:14 [http-nio-8080-exec-7] DEBUG o.s.security.web.FilterChainProxy - Securing GET /control-plane/branding/current
2026-09-23 13:23:14 [http-nio-8080-exec-7] INFO  c.U.B.config.JwtAuthenticationFilter - 🔑 JWT found in request: eyJhbGciOiJIUzI1NiJ9.eyJzdWIiO...
2026-09-23 13:23:14 [http-nio-8080-exec-7] INFO  c.U.B.config.JwtAuthenticationFilter - ✅ JWT validated for user: smaganga@udom.ac.tz
2026-09-23 13:23:14 [http-nio-8080-exec-7] INFO  c.U.B.S.CustomUserDetailsService - 🔍 Loading user by identifier: smaganga@udom.ac.tz
2026-09-23 13:23:14 [http-nio-8080-exec-7] INFO  c.U.B.S.CustomUserDetailsService - ✅ User found: smaganga@udom.ac.tz with role: STUDENT
2026-09-23 13:23:14 [http-nio-8080-exec-7] INFO  c.U.B.config.JwtAuthenticationFilter - ✅ Authentication set for user: smaganga@udom.ac.tz
2026-09-23 13:23:14 [http-nio-8080-exec-7] DEBUG o.s.security.web.FilterChainProxy - Secured GET /control-plane/branding/current
2026-09-23 13:23:15 [http-nio-8080-exec-3] DEBUG o.s.security.web.FilterChainProxy - Securing GET /control-plane/branding/current
2026-09-23 13:23:15 [http-nio-8080-exec-3] INFO  c.U.B.config.JwtAuthenticationFilter - 🔑 JWT found in request: eyJhbGciOiJIUzI1NiJ9.eyJzdWIiO...
2026-09-23 13:23:15 [http-nio-8080-exec-3] INFO  c.U.B.config.JwtAuthenticationFilter - ✅ JWT validated for user: smaganga@udom.ac.tz
2026-09-23 13:23:15 [http-nio-8080-exec-3] INFO  c.U.B.S.CustomUserDetailsService - 🔍 Loading user by identifier: smaganga@udom.ac.tz
2026-09-23 13:23:15 [http-nio-8080-exec-3] INFO  c.U.B.S.CustomUserDetailsService - ✅ User found: smaganga@udom.ac.tz with role: STUDENT
2026-09-23 13:23:15 [http-nio-8080-exec-3] INFO  c.U.B.config.JwtAuthenticationFilter - ✅ Authentication set for user: smaganga@udom.ac.tz
2026-09-23 13:23:15 [http-nio-8080-exec-3] DEBUG o.s.security.web.FilterChainProxy - Secured GET /control-plane/branding/current
2026-09-23 13:23:26 [http-nio-8080-exec-4] DEBUG o.s.security.web.FilterChainProxy - Securing GET /control-plane/branding/current
2026-09-23 13:23:26 [http-nio-8080-exec-4] INFO  c.U.B.config.JwtAuthenticationFilter - 🔑 JWT found in request: eyJhbGciOiJIUzI1NiJ9.eyJzdWIiO...
2026-09-23 13:23:26 [http-nio-8080-exec-4] INFO  c.U.B.config.JwtAuthenticationFilter - ✅ JWT validated for user: smaganga@udom.ac.tz
2026-09-23 13:23:26 [http-nio-8080-exec-4] INFO  c.U.B.S.CustomUserDetailsService - 🔍 Loading user by identifier: smaganga@udom.ac.tz
2026-09-23 13:23:26 [http-nio-8080-exec-4] INFO  c.U.B.S.CustomUserDetailsService - ✅ User found: smaganga@udom.ac.tz with role: STUDENT
2026-09-23 13:23:26 [http-nio-8080-exec-4] INFO  c.U.B.config.JwtAuthenticationFilter - ✅ Authentication set for user: smaganga@udom.ac.tz
2026-09-23 13:23:26 [http-nio-8080-exec-4] DEBUG o.s.security.web.FilterChainProxy - Secured GET /control-plane/branding/current
2026-09-23 13:23:29 [http-nio-8080-exec-1] DEBUG o.s.security.web.FilterChainProxy - Securing GET /control-plane/branding/current
2026-09-23 13:23:29 [http-nio-8080-exec-1] INFO  c.U.B.config.JwtAuthenticationFilter - 🔑 JWT found in request: eyJhbGciOiJIUzI1NiJ9.eyJzdWIiO...
2026-09-23 13:23:29 [http-nio-8080-exec-1] INFO  c.U.B.config.JwtAuthenticationFilter - ✅ JWT validated for user: smaganga@udom.ac.tz
2026-09-23 13:23:29 [http-nio-8080-exec-1] INFO  c.U.B.S.CustomUserDetailsService - 🔍 Loading user by identifier: smaganga@udom.ac.tz
2026-09-23 13:23:29 [http-nio-8080-exec-1] INFO  c.U.B.S.CustomUserDetailsService - ✅ User found: smaganga@udom.ac.tz with role: STUDENT
2026-09-23 13:23:29 [http-nio-8080-exec-1] INFO  c.U.B.config.JwtAuthenticationFilter - ✅ Authentication set for user: smaganga@udom.ac.tz
2026-09-23 13:23:29 [http-nio-8080-exec-1] DEBUG o.s.security.web.FilterChainProxy - Secured GET /control-plane/branding/current
2026-09-23 13:23:30 [http-nio-8080-exec-8] DEBUG o.s.security.web.FilterChainProxy - Securing GET /control-plane/branding/current
2026-09-23 13:23:30 [http-nio-8080-exec-8] INFO  c.U.B.config.JwtAuthenticationFilter - 🔑 JWT found in request: eyJhbGciOiJIUzI1NiJ9.eyJzdWIiO...
2026-09-23 13:23:30 [http-nio-8080-exec-8] INFO  c.U.B.config.JwtAuthenticationFilter - ✅ JWT validated for user: smaganga@udom.ac.tz
2026-09-23 13:23:30 [http-nio-8080-exec-8] INFO  c.U.B.S.CustomUserDetailsService - 🔍 Loading user by identifier: smaganga@udom.ac.tz
2026-09-23 13:23:30 [http-nio-8080-exec-8] INFO  c.U.B.S.CustomUserDetailsService - ✅ User found: smaganga@udom.ac.tz with role: STUDENT
2026-09-23 13:23:30 [http-nio-8080-exec-8] INFO  c.U.B.config.JwtAuthenticationFilter - ✅ Authentication set for user: smaganga@udom.ac.tz
2026-09-23 13:23:30 [http-nio-8080-exec-8] DEBUG o.s.security.web.FilterChainProxy - Secured GET /control-plane/branding/current
2026-09-23 13:23:32 [http-nio-8080-exec-2] DEBUG o.s.security.web.FilterChainProxy - Securing GET /control-plane/branding/current
2026-09-23 13:23:32 [http-nio-8080-exec-2] INFO  c.U.B.config.JwtAuthenticationFilter - 🔑 JWT found in request: eyJhbGciOiJIUzI1NiJ9.eyJzdWIiO...
2026-09-23 13:23:32 [http-nio-8080-exec-2] INFO  c.U.B.config.JwtAuthenticationFilter - ✅ JWT validated for user: smaganga@udom.ac.tz
2026-09-23 13:23:32 [http-nio-8080-exec-2] INFO  c.U.B.S.CustomUserDetailsService - 🔍 Loading user by identifier: smaganga@udom.ac.tz
2026-09-23 13:23:32 [http-nio-8080-exec-2] INFO  c.U.B.S.CustomUserDetailsService - ✅ User found: smaganga@udom.ac.tz with role: STUDENT
2026-09-23 13:23:32 [http-nio-8080-exec-2] INFO  c.U.B.config.JwtAuthenticationFilter - ✅ Authentication set for user: smaganga@udom.ac.tz
2026-09-23 13:23:32 [http-nio-8080-exec-2] DEBUG o.s.security.web.FilterChainProxy - Secured GET /control-plane/branding/current
2026-09-23 13:24:50 [http-nio-8080-exec-6] DEBUG o.s.security.web.FilterChainProxy - Securing GET /control-plane/branding/current
2026-09-23 13:24:50 [http-nio-8080-exec-6] INFO  c.U.B.config.JwtAuthenticationFilter - 🔑 JWT found in request: eyJhbGciOiJIUzI1NiJ9.eyJzdWIiO...
2026-09-23 13:24:50 [http-nio-8080-exec-6] INFO  c.U.B.config.JwtAuthenticationFilter - ✅ JWT validated for user: smaganga@udom.ac.tz
2026-09-23 13:24:50 [http-nio-8080-exec-6] INFO  c.U.B.S.CustomUserDetailsService - 🔍 Loading user by identifier: smaganga@udom.ac.tz
2026-09-23 13:24:50 [http-nio-8080-exec-6] INFO  c.U.B.S.CustomUserDetailsService - ✅ User found: smaganga@udom.ac.tz with role: STUDENT
2026-09-23 13:24:50 [http-nio-8080-exec-6] INFO  c.U.B.config.JwtAuthenticationFilter - ✅ Authentication set for user: smaganga@udom.ac.tz
2026-09-23 13:24:50 [http-nio-8080-exec-6] DEBUG o.s.security.web.FilterChainProxy - Secured GET /control-plane/branding/current
2026-09-23 13:24:52 [http-nio-8080-exec-5] DEBUG o.s.security.web.FilterChainProxy - Securing GET /control-plane/branding/current
2026-09-23 13:24:52 [http-nio-8080-exec-5] INFO  c.U.B.config.JwtAuthenticationFilter - 🔑 JWT found in request: eyJhbGciOiJIUzI1NiJ9.eyJzdWIiO...
2026-09-23 13:24:52 [http-nio-8080-exec-5] INFO  c.U.B.config.JwtAuthenticationFilter - ✅ JWT validated for user: smaganga@udom.ac.tz
2026-09-23 13:24:52 [http-nio-8080-exec-5] INFO  c.U.B.S.CustomUserDetailsService - 🔍 Loading user by identifier: smaganga@udom.ac.tz
2026-09-23 13:24:52 [http-nio-8080-exec-5] INFO  c.U.B.S.CustomUserDetailsService - ✅ User found: smaganga@udom.ac.tz with role: STUDENT
2026-09-23 13:24:52 [http-nio-8080-exec-5] INFO  c.U.B.config.JwtAuthenticationFilter - ✅ Authentication set for user: smaganga@udom.ac.tz
2026-09-23 13:24:52 [http-nio-8080-exec-5] DEBUG o.s.security.web.FilterChainProxy - Secured GET /control-plane/branding/current
2026-09-23 13:24:55 [http-nio-8080-exec-9] DEBUG o.s.security.web.FilterChainProxy - Securing GET /control-plane/branding/current
2026-09-23 13:24:55 [http-nio-8080-exec-9] INFO  c.U.B.config.JwtAuthenticationFilter - 🔑 JWT found in request: eyJhbGciOiJIUzI1NiJ9.eyJzdWIiO...
2026-09-23 13:24:55 [http-nio-8080-exec-9] INFO  c.U.B.config.JwtAuthenticationFilter - ✅ JWT validated for user: smaganga@udom.ac.tz
2026-09-23 13:24:55 [http-nio-8080-exec-9] INFO  c.U.B.S.CustomUserDetailsService - 🔍 Loading user by identifier: smaganga@udom.ac.tz
2026-09-23 13:24:55 [http-nio-8080-exec-9] INFO  c.U.B.S.CustomUserDetailsService - ✅ User found: smaganga@udom.ac.tz with role: STUDENT
2026-09-23 13:24:55 [http-nio-8080-exec-9] INFO  c.U.B.config.JwtAuthenticationFilter - ✅ Authentication set for user: smaganga@udom.ac.tz
2026-09-23 13:24:55 [http-nio-8080-exec-9] DEBUG o.s.security.web.FilterChainProxy - Secured GET /control-plane/branding/current
2026-09-23 13:24:57 [http-nio-8080-exec-7] DEBUG o.s.security.web.FilterChainProxy - Securing OPTIONS /auth/profile
2026-09-23 13:24:57 [http-nio-8080-exec-3] DEBUG o.s.security.web.FilterChainProxy - Securing GET /control-plane/branding/current
2026-09-23 13:24:57 [http-nio-8080-exec-3] INFO  c.U.B.config.JwtAuthenticationFilter - 🔑 JWT found in request: eyJhbGciOiJIUzI1NiJ9.eyJzdWIiO...
2026-09-23 13:24:57 [http-nio-8080-exec-3] INFO  c.U.B.config.JwtAuthenticationFilter - ✅ JWT validated for user: smaganga@udom.ac.tz
2026-09-23 13:24:57 [http-nio-8080-exec-3] INFO  c.U.B.S.CustomUserDetailsService - 🔍 Loading user by identifier: smaganga@udom.ac.tz
2026-09-23 13:24:57 [http-nio-8080-exec-3] INFO  c.U.B.S.CustomUserDetailsService - ✅ User found: smaganga@udom.ac.tz with role: STUDENT
2026-09-23 13:24:57 [http-nio-8080-exec-3] INFO  c.U.B.config.JwtAuthenticationFilter - ✅ Authentication set for user: smaganga@udom.ac.tz
2026-09-23 13:24:57 [http-nio-8080-exec-3] DEBUG o.s.security.web.FilterChainProxy - Secured GET /control-plane/branding/current
2026-09-23 13:24:57 [http-nio-8080-exec-4] DEBUG o.s.security.web.FilterChainProxy - Securing GET /auth/profile
2026-09-23 13:24:57 [http-nio-8080-exec-4] INFO  c.U.B.config.JwtAuthenticationFilter - 🔑 JWT found in request: eyJhbGciOiJIUzI1NiJ9.eyJzdWIiO...
2026-09-23 13:24:57 [http-nio-8080-exec-4] INFO  c.U.B.config.JwtAuthenticationFilter - ✅ JWT validated for user: smaganga@udom.ac.tz
2026-09-23 13:24:57 [http-nio-8080-exec-4] INFO  c.U.B.S.CustomUserDetailsService - 🔍 Loading user by identifier: smaganga@udom.ac.tz
2026-09-23 13:24:57 [http-nio-8080-exec-4] INFO  c.U.B.S.CustomUserDetailsService - ✅ User found: smaganga@udom.ac.tz with role: STUDENT
2026-09-23 13:24:57 [http-nio-8080-exec-4] INFO  c.U.B.config.JwtAuthenticationFilter - ✅ Authentication set for user: smaganga@udom.ac.tz
2026-09-23 13:24:57 [http-nio-8080-exec-4] DEBUG o.s.security.web.FilterChainProxy - Secured GET /auth/profile
2026-09-23 13:24:57 [http-nio-8080-exec-4] INFO  c.U.B.Controller.AuthController - 👤 Get current user profile
2026-09-23 13:24:57 [http-nio-8080-exec-4] INFO  c.UDSM.BACKEND.Service.AuthService - Getting current user: smaganga@udom.ac.tz
2026-09-23 13:24:57 [http-nio-8080-exec-4] DEBUG c.UDSM.BACKEND.Service.AuthService -  Finding user by identifier: smaganga@udom.ac.tz
2026-09-23 13:25:41 [http-nio-8080-exec-2] DEBUG o.s.security.web.FilterChainProxy - Securing GET /control-plane/branding/current
2026-09-23 13:25:41 [http-nio-8080-exec-2] INFO  c.U.B.config.JwtAuthenticationFilter - 🔑 JWT found in request: eyJhbGciOiJIUzI1NiJ9.eyJzdWIiO...
2026-09-23 13:25:41 [http-nio-8080-exec-2] INFO  c.U.B.config.JwtAuthenticationFilter - ✅ JWT validated for user: smaganga@udom.ac.tz
2026-09-23 13:25:41 [http-nio-8080-exec-2] INFO  c.U.B.S.CustomUserDetailsService - 🔍 Loading user by identifier: smaganga@udom.ac.tz
2026-09-23 13:25:41 [http-nio-8080-exec-2] INFO  c.U.B.S.CustomUserDetailsService - ✅ User found: smaganga@udom.ac.tz with role: STUDENT
2026-09-23 13:25:41 [http-nio-8080-exec-2] INFO  c.U.B.config.JwtAuthenticationFilter - ✅ Authentication set for user: smaganga@udom.ac.tz
2026-09-23 13:25:41 [http-nio-8080-exec-2] DEBUG o.s.security.web.FilterChainProxy - Secured GET /control-plane/branding/current
2026-09-23 13:25:41 [http-nio-8080-exec-10] DEBUG o.s.security.web.FilterChainProxy - Securing GET /control-plane/branding/current
2026-09-23 13:25:41 [http-nio-8080-exec-6] DEBUG o.s.security.web.FilterChainProxy - Securing OPTIONS /auth/profile
2026-09-23 13:25:41 [http-nio-8080-exec-10] INFO  c.U.B.config.JwtAuthenticationFilter - 🔑 JWT found in request: eyJhbGciOiJIUzI1NiJ9.eyJzdWIiO...
2026-09-23 13:25:41 [http-nio-8080-exec-10] INFO  c.U.B.config.JwtAuthenticationFilter - ✅ JWT validated for user: smaganga@udom.ac.tz
2026-09-23 13:25:41 [http-nio-8080-exec-10] INFO  c.U.B.S.CustomUserDetailsService - 🔍 Loading user by identifier: smaganga@udom.ac.tz
2026-09-23 13:25:41 [http-nio-8080-exec-5] DEBUG o.s.security.web.FilterChainProxy - Securing GET /auth/profile
2026-09-23 13:25:41 [http-nio-8080-exec-5] INFO  c.U.B.config.JwtAuthenticationFilter - 🔑 JWT found in request: eyJhbGciOiJIUzI1NiJ9.eyJzdWIiO...
2026-09-23 13:25:41 [http-nio-8080-exec-5] INFO  c.U.B.config.JwtAuthenticationFilter - ✅ JWT validated for user: smaganga@udom.ac.tz
2026-09-23 13:25:41 [http-nio-8080-exec-5] INFO  c.U.B.S.CustomUserDetailsService - 🔍 Loading user by identifier: smaganga@udom.ac.tz
2026-09-23 13:25:41 [http-nio-8080-exec-10] INFO  c.U.B.S.CustomUserDetailsService - ✅ User found: smaganga@udom.ac.tz with role: STUDENT
2026-09-23 13:25:41 [http-nio-8080-exec-10] INFO  c.U.B.config.JwtAuthenticationFilter - ✅ Authentication set for user: smaganga@udom.ac.tz
2026-09-23 13:25:41 [http-nio-8080-exec-5] INFO  c.U.B.S.CustomUserDetailsService - ✅ User found: smaganga@udom.ac.tz with role: STUDENT
2026-09-23 13:25:41 [http-nio-8080-exec-5] INFO  c.U.B.config.JwtAuthenticationFilter - ✅ Authentication set for user: smaganga@udom.ac.tz
2026-09-23 13:25:41 [http-nio-8080-exec-10] DEBUG o.s.security.web.FilterChainProxy - Secured GET /control-plane/branding/current
2026-09-23 13:25:41 [http-nio-8080-exec-5] DEBUG o.s.security.web.FilterChainProxy - Secured GET /auth/profile
2026-09-23 13:25:41 [http-nio-8080-exec-5] INFO  c.U.B.Controller.AuthController - 👤 Get current user profile
2026-09-23 13:25:41 [http-nio-8080-exec-5] INFO  c.UDSM.BACKEND.Service.AuthService - Getting current user: smaganga@udom.ac.tz
2026-09-23 13:25:41 [http-nio-8080-exec-5] DEBUG c.UDSM.BACKEND.Service.AuthService -  Finding user by identifier: smaganga@udom.ac.tz
2026-09-23 13:26:01 [http-nio-8080-exec-3] DEBUG o.s.security.web.FilterChainProxy - Securing OPTIONS /auth/profile
2026-09-23 13:26:01 [http-nio-8080-exec-7] DEBUG o.s.security.web.FilterChainProxy - Securing GET /auth/profile
2026-09-23 13:26:01 [http-nio-8080-exec-4] DEBUG o.s.security.web.FilterChainProxy - Securing GET /control-plane/branding/current
2026-09-23 13:26:01 [http-nio-8080-exec-4] INFO  c.U.B.config.JwtAuthenticationFilter - 🔑 JWT found in request: eyJhbGciOiJIUzI1NiJ9.eyJzdWIiO...
2026-09-23 13:26:01 [http-nio-8080-exec-4] INFO  c.U.B.config.JwtAuthenticationFilter - ✅ JWT validated for user: smaganga@udom.ac.tz
2026-09-23 13:26:01 [http-nio-8080-exec-4] INFO  c.U.B.S.CustomUserDetailsService - 🔍 Loading user by identifier: smaganga@udom.ac.tz
2026-09-23 13:26:01 [http-nio-8080-exec-7] INFO  c.U.B.config.JwtAuthenticationFilter - 🔑 JWT found in request: eyJhbGciOiJIUzI1NiJ9.eyJzdWIiO...
2026-09-23 13:26:01 [http-nio-8080-exec-4] INFO  c.U.B.S.CustomUserDetailsService - ✅ User found: smaganga@udom.ac.tz with role: STUDENT
2026-09-23 13:26:01 [http-nio-8080-exec-7] INFO  c.U.B.config.JwtAuthenticationFilter - ✅ JWT validated for user: smaganga@udom.ac.tz
2026-09-23 13:26:01 [http-nio-8080-exec-4] INFO  c.U.B.config.JwtAuthenticationFilter - ✅ Authentication set for user: smaganga@udom.ac.tz
2026-09-23 13:26:01 [http-nio-8080-exec-7] INFO  c.U.B.S.CustomUserDetailsService - 🔍 Loading user by identifier: smaganga@udom.ac.tz
2026-09-23 13:26:01 [http-nio-8080-exec-4] DEBUG o.s.security.web.FilterChainProxy - Secured GET /control-plane/branding/current
2026-09-23 13:26:01 [http-nio-8080-exec-7] INFO  c.U.B.S.CustomUserDetailsService - ✅ User found: smaganga@udom.ac.tz with role: STUDENT
2026-09-23 13:26:01 [http-nio-8080-exec-7] INFO  c.U.B.config.JwtAuthenticationFilter - ✅ Authentication set for user: smaganga@udom.ac.tz
2026-09-23 13:26:01 [http-nio-8080-exec-7] DEBUG o.s.security.web.FilterChainProxy - Secured GET /auth/profile
2026-09-23 13:26:01 [http-nio-8080-exec-7] INFO  c.U.B.Controller.AuthController - 👤 Get current user profile
2026-09-23 13:26:01 [http-nio-8080-exec-7] INFO  c.UDSM.BACKEND.Service.AuthService - Getting current user: smaganga@udom.ac.tz
2026-09-23 13:26:01 [http-nio-8080-exec-7] DEBUG c.UDSM.BACKEND.Service.AuthService -  Finding user by identifier: smaganga@udom.ac.tz
2026-09-23 13:26:05 [http-nio-8080-exec-1] DEBUG o.s.security.web.FilterChainProxy - Securing GET /control-plane/branding/current
2026-09-23 13:26:05 [http-nio-8080-exec-1] INFO  c.U.B.config.JwtAuthenticationFilter - 🔑 JWT found in request: eyJhbGciOiJIUzI1NiJ9.eyJzdWIiO...
2026-09-23 13:26:05 [http-nio-8080-exec-1] INFO  c.U.B.config.JwtAuthenticationFilter - ✅ JWT validated for user: smaganga@udom.ac.tz
2026-09-23 13:26:05 [http-nio-8080-exec-1] INFO  c.U.B.S.CustomUserDetailsService - 🔍 Loading user by identifier: smaganga@udom.ac.tz
2026-09-23 13:26:05 [http-nio-8080-exec-1] INFO  c.U.B.S.CustomUserDetailsService - ✅ User found: smaganga@udom.ac.tz with role: STUDENT
2026-09-23 13:26:05 [http-nio-8080-exec-1] INFO  c.U.B.config.JwtAuthenticationFilter - ✅ Authentication set for user: smaganga@udom.ac.tz
2026-09-23 13:26:05 [http-nio-8080-exec-1] DEBUG o.s.security.web.FilterChainProxy - Secured GET /control-plane/branding/current
2026-09-23 13:26:08 [http-nio-8080-exec-8] DEBUG o.s.security.web.FilterChainProxy - Securing GET /control-plane/branding/current
2026-09-23 13:26:08 [http-nio-8080-exec-8] INFO  c.U.B.config.JwtAuthenticationFilter - 🔑 JWT found in request: eyJhbGciOiJIUzI1NiJ9.eyJzdWIiO...
2026-09-23 13:26:08 [http-nio-8080-exec-8] INFO  c.U.B.config.JwtAuthenticationFilter - ✅ JWT validated for user: smaganga@udom.ac.tz
2026-09-23 13:26:08 [http-nio-8080-exec-8] INFO  c.U.B.S.CustomUserDetailsService - 🔍 Loading user by identifier: smaganga@udom.ac.tz
2026-09-23 13:26:08 [http-nio-8080-exec-8] INFO  c.U.B.S.CustomUserDetailsService - ✅ User found: smaganga@udom.ac.tz with role: STUDENT
2026-09-23 13:26:08 [http-nio-8080-exec-8] INFO  c.U.B.config.JwtAuthenticationFilter - ✅ Authentication set for user: smaganga@udom.ac.tz
2026-09-23 13:26:08 [http-nio-8080-exec-8] DEBUG o.s.security.web.FilterChainProxy - Secured GET /control-plane/branding/current
2026-09-23 13:26:36 [http-nio-8080-exec-10] DEBUG o.s.security.web.FilterChainProxy - Securing GET /control-plane/branding/current
2026-09-23 13:26:36 [http-nio-8080-exec-10] INFO  c.U.B.config.JwtAuthenticationFilter - 🔑 JWT found in request: eyJhbGciOiJIUzI1NiJ9.eyJzdWIiO...
2026-09-23 13:26:36 [http-nio-8080-exec-10] INFO  c.U.B.config.JwtAuthenticationFilter - ✅ JWT validated for user: smaganga@udom.ac.tz
2026-09-23 13:26:36 [http-nio-8080-exec-10] INFO  c.U.B.S.CustomUserDetailsService - 🔍 Loading user by identifier: smaganga@udom.ac.tz
2026-09-23 13:26:36 [http-nio-8080-exec-10] INFO  c.U.B.S.CustomUserDetailsService - ✅ User found: smaganga@udom.ac.tz with role: STUDENT
2026-09-23 13:26:36 [http-nio-8080-exec-10] INFO  c.U.B.config.JwtAuthenticationFilter - ✅ Authentication set for user: smaganga@udom.ac.tz
2026-09-23 13:26:36 [http-nio-8080-exec-10] DEBUG o.s.security.web.FilterChainProxy - Secured GET /control-plane/branding/current
2026-09-23 13:26:37 [http-nio-8080-exec-5] DEBUG o.s.security.web.FilterChainProxy - Securing GET /control-plane/branding/current
2026-09-23 13:26:37 [http-nio-8080-exec-5] INFO  c.U.B.config.JwtAuthenticationFilter - 🔑 JWT found in request: eyJhbGciOiJIUzI1NiJ9.eyJzdWIiO...
2026-09-23 13:26:37 [http-nio-8080-exec-5] INFO  c.U.B.config.JwtAuthenticationFilter - ✅ JWT validated for user: smaganga@udom.ac.tz
2026-09-23 13:26:37 [http-nio-8080-exec-5] INFO  c.U.B.S.CustomUserDetailsService - 🔍 Loading user by identifier: smaganga@udom.ac.tz
2026-09-23 13:26:37 [http-nio-8080-exec-5] INFO  c.U.B.S.CustomUserDetailsService - ✅ User found: smaganga@udom.ac.tz with role: STUDENT
2026-09-23 13:26:37 [http-nio-8080-exec-5] INFO  c.U.B.config.JwtAuthenticationFilter - ✅ Authentication set for user: smaganga@udom.ac.tz
2026-09-23 13:26:37 [http-nio-8080-exec-5] DEBUG o.s.security.web.FilterChainProxy - Secured GET /control-plane/branding/current
2026-09-23 13:26:39 [http-nio-8080-exec-9] DEBUG o.s.security.web.FilterChainProxy - Securing GET /control-plane/branding/current
2026-09-23 13:26:39 [http-nio-8080-exec-9] INFO  c.U.B.config.JwtAuthenticationFilter - 🔑 JWT found in request: eyJhbGciOiJIUzI1NiJ9.eyJzdWIiO...
2026-09-23 13:26:39 [http-nio-8080-exec-9] INFO  c.U.B.config.JwtAuthenticationFilter - ✅ JWT validated for user: smaganga@udom.ac.tz
2026-09-23 13:26:39 [http-nio-8080-exec-9] INFO  c.U.B.S.CustomUserDetailsService - 🔍 Loading user by identifier: smaganga@udom.ac.tz
2026-09-23 13:26:39 [http-nio-8080-exec-9] INFO  c.U.B.S.CustomUserDetailsService - ✅ User found: smaganga@udom.ac.tz with role: STUDENT
2026-09-23 13:26:39 [http-nio-8080-exec-9] INFO  c.U.B.config.JwtAuthenticationFilter - ✅ Authentication set for user: smaganga@udom.ac.tz
2026-09-23 13:26:39 [http-nio-8080-exec-9] DEBUG o.s.security.web.FilterChainProxy - Secured GET /control-plane/branding/current
2026-09-23 13:28:41 [http-nio-8080-exec-4] DEBUG o.s.security.web.FilterChainProxy - Securing OPTIONS /auth/profile
2026-09-23 13:28:41 [http-nio-8080-exec-7] DEBUG o.s.security.web.FilterChainProxy - Securing GET /control-plane/branding/current
2026-09-23 13:28:41 [http-nio-8080-exec-7] INFO  c.U.B.config.JwtAuthenticationFilter - 🔑 JWT found in request: eyJhbGciOiJIUzI1NiJ9.eyJzdWIiO...
2026-09-23 13:28:41 [http-nio-8080-exec-1] DEBUG o.s.security.web.FilterChainProxy - Securing GET /auth/profile
2026-09-23 13:28:41 [http-nio-8080-exec-7] INFO  c.U.B.config.JwtAuthenticationFilter - ✅ JWT validated for user: smaganga@udom.ac.tz
2026-09-23 13:28:41 [http-nio-8080-exec-1] INFO  c.U.B.config.JwtAuthenticationFilter - 🔑 JWT found in request: eyJhbGciOiJIUzI1NiJ9.eyJzdWIiO...
2026-09-23 13:28:41 [http-nio-8080-exec-7] INFO  c.U.B.S.CustomUserDetailsService - 🔍 Loading user by identifier: smaganga@udom.ac.tz
2026-09-23 13:28:41 [http-nio-8080-exec-1] INFO  c.U.B.config.JwtAuthenticationFilter - ✅ JWT validated for user: smaganga@udom.ac.tz
2026-09-23 13:28:41 [http-nio-8080-exec-7] INFO  c.U.B.S.CustomUserDetailsService - ✅ User found: smaganga@udom.ac.tz with role: STUDENT
2026-09-23 13:28:41 [http-nio-8080-exec-7] INFO  c.U.B.config.JwtAuthenticationFilter - ✅ Authentication set for user: smaganga@udom.ac.tz
2026-09-23 13:28:41 [http-nio-8080-exec-1] INFO  c.U.B.S.CustomUserDetailsService - 🔍 Loading user by identifier: smaganga@udom.ac.tz
2026-09-23 13:28:41 [http-nio-8080-exec-7] DEBUG o.s.security.web.FilterChainProxy - Secured GET /control-plane/branding/current
2026-09-23 13:28:41 [http-nio-8080-exec-1] INFO  c.U.B.S.CustomUserDetailsService - ✅ User found: smaganga@udom.ac.tz with role: STUDENT
2026-09-23 13:28:41 [http-nio-8080-exec-1] INFO  c.U.B.config.JwtAuthenticationFilter - ✅ Authentication set for user: smaganga@udom.ac.tz
2026-09-23 13:28:41 [http-nio-8080-exec-1] DEBUG o.s.security.web.FilterChainProxy - Secured GET /auth/profile
2026-09-23 13:28:41 [http-nio-8080-exec-1] INFO  c.U.B.Controller.AuthController - 👤 Get current user profile
2026-09-23 13:28:41 [http-nio-8080-exec-1] INFO  c.UDSM.BACKEND.Service.AuthService - Getting current user: smaganga@udom.ac.tz
2026-09-23 13:28:41 [http-nio-8080-exec-1] DEBUG c.UDSM.BACKEND.Service.AuthService -  Finding user by identifier: smaganga@udom.ac.tz
2026-09-23 13:28:43 [http-nio-8080-exec-8] DEBUG o.s.security.web.FilterChainProxy - Securing GET /control-plane/branding/current
2026-09-23 13:28:43 [http-nio-8080-exec-8] INFO  c.U.B.config.JwtAuthenticationFilter - 🔑 JWT found in request: eyJhbGciOiJIUzI1NiJ9.eyJzdWIiO...
2026-09-23 13:28:43 [http-nio-8080-exec-2] DEBUG o.s.security.web.FilterChainProxy - Securing GET /auth/profile
2026-09-23 13:28:43 [http-nio-8080-exec-8] INFO  c.U.B.config.JwtAuthenticationFilter - ✅ JWT validated for user: smaganga@udom.ac.tz
2026-09-23 13:28:43 [http-nio-8080-exec-2] INFO  c.U.B.config.JwtAuthenticationFilter - 🔑 JWT found in request: eyJhbGciOiJIUzI1NiJ9.eyJzdWIiO...
2026-09-23 13:28:43 [http-nio-8080-exec-8] INFO  c.U.B.S.CustomUserDetailsService - 🔍 Loading user by identifier: smaganga@udom.ac.tz
2026-09-23 13:28:43 [http-nio-8080-exec-2] INFO  c.U.B.config.JwtAuthenticationFilter - ✅ JWT validated for user: smaganga@udom.ac.tz
2026-09-23 13:28:43 [http-nio-8080-exec-2] INFO  c.U.B.S.CustomUserDetailsService - 🔍 Loading user by identifier: smaganga@udom.ac.tz
2026-09-23 13:28:43 [http-nio-8080-exec-8] INFO  c.U.B.S.CustomUserDetailsService - ✅ User found: smaganga@udom.ac.tz with role: STUDENT
2026-09-23 13:28:43 [http-nio-8080-exec-8] INFO  c.U.B.config.JwtAuthenticationFilter - ✅ Authentication set for user: smaganga@udom.ac.tz
2026-09-23 13:28:43 [http-nio-8080-exec-8] DEBUG o.s.security.web.FilterChainProxy - Secured GET /control-plane/branding/current
2026-09-23 13:28:43 [http-nio-8080-exec-2] INFO  c.U.B.S.CustomUserDetailsService - ✅ User found: smaganga@udom.ac.tz with role: STUDENT
2026-09-23 13:28:43 [http-nio-8080-exec-2] INFO  c.U.B.config.JwtAuthenticationFilter - ✅ Authentication set for user: smaganga@udom.ac.tz
2026-09-23 13:28:43 [http-nio-8080-exec-2] DEBUG o.s.security.web.FilterChainProxy - Secured GET /auth/profile
2026-09-23 13:28:43 [http-nio-8080-exec-2] INFO  c.U.B.Controller.AuthController - 👤 Get current user profile
2026-09-23 13:28:43 [http-nio-8080-exec-2] INFO  c.UDSM.BACKEND.Service.AuthService - Getting current user: smaganga@udom.ac.tz
2026-09-23 13:28:43 [http-nio-8080-exec-2] DEBUG c.UDSM.BACKEND.Service.AuthService -  Finding user by identifier: smaganga@udom.ac.tz
2026-09-23 13:28:45 [http-nio-8080-exec-6] DEBUG o.s.security.web.FilterChainProxy - Securing GET /control-plane/branding/current
2026-09-23 13:28:45 [http-nio-8080-exec-6] INFO  c.U.B.config.JwtAuthenticationFilter - 🔑 JWT found in request: eyJhbGciOiJIUzI1NiJ9.eyJzdWIiO...
2026-09-23 13:28:45 [http-nio-8080-exec-6] INFO  c.U.B.config.JwtAuthenticationFilter - ✅ JWT validated for user: smaganga@udom.ac.tz
2026-09-23 13:28:45 [http-nio-8080-exec-6] INFO  c.U.B.S.CustomUserDetailsService - 🔍 Loading user by identifier: smaganga@udom.ac.tz
2026-09-23 13:28:45 [http-nio-8080-exec-6] INFO  c.U.B.S.CustomUserDetailsService - ✅ User found: smaganga@udom.ac.tz with role: STUDENT
2026-09-23 13:28:45 [http-nio-8080-exec-6] INFO  c.U.B.config.JwtAuthenticationFilter - ✅ Authentication set for user: smaganga@udom.ac.tz
2026-09-23 13:28:45 [http-nio-8080-exec-6] DEBUG o.s.security.web.FilterChainProxy - Secured GET /control-plane/branding/current
2026-09-23 13:28:47 [http-nio-8080-exec-10] DEBUG o.s.security.web.FilterChainProxy - Securing GET /control-plane/branding/current
2026-09-23 13:28:47 [http-nio-8080-exec-10] INFO  c.U.B.config.JwtAuthenticationFilter - 🔑 JWT found in request: eyJhbGciOiJIUzI1NiJ9.eyJzdWIiO...
2026-09-23 13:28:47 [http-nio-8080-exec-10] INFO  c.U.B.config.JwtAuthenticationFilter - ✅ JWT validated for user: smaganga@udom.ac.tz
2026-09-23 13:28:47 [http-nio-8080-exec-10] INFO  c.U.B.S.CustomUserDetailsService - 🔍 Loading user by identifier: smaganga@udom.ac.tz
2026-09-23 13:28:47 [http-nio-8080-exec-10] INFO  c.U.B.S.CustomUserDetailsService - ✅ User found: smaganga@udom.ac.tz with role: STUDENT
2026-09-23 13:28:47 [http-nio-8080-exec-10] INFO  c.U.B.config.JwtAuthenticationFilter - ✅ Authentication set for user: smaganga@udom.ac.tz
2026-09-23 13:28:47 [http-nio-8080-exec-10] DEBUG o.s.security.web.FilterChainProxy - Secured GET /control-plane/branding/current
2026-09-23 13:28:49 [http-nio-8080-exec-5] DEBUG o.s.security.web.FilterChainProxy - Securing GET /control-plane/branding/current
2026-09-23 13:28:49 [http-nio-8080-exec-5] INFO  c.U.B.config.JwtAuthenticationFilter - 🔑 JWT found in request: eyJhbGciOiJIUzI1NiJ9.eyJzdWIiO...
2026-09-23 13:28:49 [http-nio-8080-exec-5] INFO  c.U.B.config.JwtAuthenticationFilter - ✅ JWT validated for user: smaganga@udom.ac.tz
2026-09-23 13:28:49 [http-nio-8080-exec-5] INFO  c.U.B.S.CustomUserDetailsService - 🔍 Loading user by identifier: smaganga@udom.ac.tz
2026-09-23 13:28:49 [http-nio-8080-exec-5] INFO  c.U.B.S.CustomUserDetailsService - ✅ User found: smaganga@udom.ac.tz with role: STUDENT
2026-09-23 13:28:49 [http-nio-8080-exec-5] INFO  c.U.B.config.JwtAuthenticationFilter - ✅ Authentication set for user: smaganga@udom.ac.tz
2026-09-23 13:28:49 [http-nio-8080-exec-5] DEBUG o.s.security.web.FilterChainProxy - Secured GET /control-plane/branding/current
2026-09-23 13:28:53 [http-nio-8080-exec-9] DEBUG o.s.security.web.FilterChainProxy - Securing GET /control-plane/branding/current
2026-09-23 13:28:53 [http-nio-8080-exec-9] INFO  c.U.B.config.JwtAuthenticationFilter - 🔑 JWT found in request: eyJhbGciOiJIUzI1NiJ9.eyJzdWIiO...
2026-09-23 13:28:53 [http-nio-8080-exec-9] INFO  c.U.B.config.JwtAuthenticationFilter - ✅ JWT validated for user: smaganga@udom.ac.tz
2026-09-23 13:28:53 [http-nio-8080-exec-9] INFO  c.U.B.S.CustomUserDetailsService - 🔍 Loading user by identifier: smaganga@udom.ac.tz
2026-09-23 13:28:53 [http-nio-8080-exec-9] INFO  c.U.B.S.CustomUserDetailsService - ✅ User found: smaganga@udom.ac.tz with role: STUDENT
2026-09-23 13:28:53 [http-nio-8080-exec-9] INFO  c.U.B.config.JwtAuthenticationFilter - ✅ Authentication set for user: smaganga@udom.ac.tz
2026-09-23 13:28:53 [http-nio-8080-exec-9] DEBUG o.s.security.web.FilterChainProxy - Secured GET /control-plane/branding/current
2026-09-23 13:28:55 [http-nio-8080-exec-3] DEBUG o.s.security.web.FilterChainProxy - Securing GET /control-plane/branding/current
2026-09-23 13:28:55 [http-nio-8080-exec-3] INFO  c.U.B.config.JwtAuthenticationFilter - 🔑 JWT found in request: eyJhbGciOiJIUzI1NiJ9.eyJzdWIiO...
2026-09-23 13:28:55 [http-nio-8080-exec-3] INFO  c.U.B.config.JwtAuthenticationFilter - ✅ JWT validated for user: smaganga@udom.ac.tz
2026-09-23 13:28:55 [http-nio-8080-exec-3] INFO  c.U.B.S.CustomUserDetailsService - 🔍 Loading user by identifier: smaganga@udom.ac.tz
2026-09-23 13:28:55 [http-nio-8080-exec-3] INFO  c.U.B.S.CustomUserDetailsService - ✅ User found: smaganga@udom.ac.tz with role: STUDENT
2026-09-23 13:28:55 [http-nio-8080-exec-3] INFO  c.U.B.config.JwtAuthenticationFilter - ✅ Authentication set for user: smaganga@udom.ac.tz
2026-09-23 13:28:55 [http-nio-8080-exec-3] DEBUG o.s.security.web.FilterChainProxy - Secured GET /control-plane/branding/current
2026-09-23 13:29:40 [http-nio-8080-exec-1] DEBUG o.s.security.web.FilterChainProxy - Securing GET /control-plane/branding/current
2026-09-23 13:29:40 [http-nio-8080-exec-1] INFO  c.U.B.config.JwtAuthenticationFilter - 🔑 JWT found in request: eyJhbGciOiJIUzI1NiJ9.eyJzdWIiO...
2026-09-23 13:29:40 [http-nio-8080-exec-1] INFO  c.U.B.config.JwtAuthenticationFilter - ✅ JWT validated for user: smaganga@udom.ac.tz
2026-09-23 13:29:40 [http-nio-8080-exec-1] INFO  c.U.B.S.CustomUserDetailsService - 🔍 Loading user by identifier: smaganga@udom.ac.tz
2026-09-23 13:29:40 [http-nio-8080-exec-1] INFO  c.U.B.S.CustomUserDetailsService - ✅ User found: smaganga@udom.ac.tz with role: STUDENT
2026-09-23 13:29:40 [http-nio-8080-exec-1] INFO  c.U.B.config.JwtAuthenticationFilter - ✅ Authentication set for user: smaganga@udom.ac.tz
2026-09-23 13:29:40 [http-nio-8080-exec-1] DEBUG o.s.security.web.FilterChainProxy - Secured GET /control-plane/branding/current
2026-09-23 13:29:41 [http-nio-8080-exec-8] DEBUG o.s.security.web.FilterChainProxy - Securing GET /control-plane/branding/current
2026-09-23 13:29:41 [http-nio-8080-exec-8] INFO  c.U.B.config.JwtAuthenticationFilter - 🔑 JWT found in request: eyJhbGciOiJIUzI1NiJ9.eyJzdWIiO...
2026-09-23 13:29:41 [http-nio-8080-exec-8] INFO  c.U.B.config.JwtAuthenticationFilter - ✅ JWT validated for user: smaganga@udom.ac.tz
2026-09-23 13:29:41 [http-nio-8080-exec-8] INFO  c.U.B.S.CustomUserDetailsService - 🔍 Loading user by identifier: smaganga@udom.ac.tz
2026-09-23 13:29:41 [http-nio-8080-exec-8] INFO  c.U.B.S.CustomUserDetailsService - ✅ User found: smaganga@udom.ac.tz with role: STUDENT
2026-09-23 13:29:41 [http-nio-8080-exec-8] INFO  c.U.B.config.JwtAuthenticationFilter - ✅ Authentication set for user: smaganga@udom.ac.tz
2026-09-23 13:29:41 [http-nio-8080-exec-8] DEBUG o.s.security.web.FilterChainProxy - Secured GET /control-plane/branding/current
2026-09-23 13:33:09 [http-nio-8080-exec-6] DEBUG o.s.security.web.FilterChainProxy - Securing GET /control-plane/branding/current
2026-09-23 13:33:09 [http-nio-8080-exec-6] INFO  c.U.B.config.JwtAuthenticationFilter - 🔑 JWT found in request: eyJhbGciOiJIUzI1NiJ9.eyJzdWIiO...
2026-09-23 13:33:09 [http-nio-8080-exec-6] INFO  c.U.B.config.JwtAuthenticationFilter - ✅ JWT validated for user: smaganga@udom.ac.tz
2026-09-23 13:33:09 [http-nio-8080-exec-6] INFO  c.U.B.S.CustomUserDetailsService - 🔍 Loading user by identifier: smaganga@udom.ac.tz
2026-09-23 13:33:09 [http-nio-8080-exec-6] INFO  c.U.B.S.CustomUserDetailsService - ✅ User found: smaganga@udom.ac.tz with role: STUDENT
2026-09-23 13:33:09 [http-nio-8080-exec-6] INFO  c.U.B.config.JwtAuthenticationFilter - ✅ Authentication set for user: smaganga@udom.ac.tz
2026-09-23 13:33:09 [http-nio-8080-exec-6] DEBUG o.s.security.web.FilterChainProxy - Secured GET /control-plane/branding/current
2026-09-23 13:33:11 [http-nio-8080-exec-10] DEBUG o.s.security.web.FilterChainProxy - Securing GET /control-plane/branding/current
2026-09-23 13:33:11 [http-nio-8080-exec-10] INFO  c.U.B.config.JwtAuthenticationFilter - 🔑 JWT found in request: eyJhbGciOiJIUzI1NiJ9.eyJzdWIiO...
2026-09-23 13:33:11 [http-nio-8080-exec-10] INFO  c.U.B.config.JwtAuthenticationFilter - ✅ JWT validated for user: smaganga@udom.ac.tz
2026-09-23 13:33:11 [http-nio-8080-exec-10] INFO  c.U.B.S.CustomUserDetailsService - 🔍 Loading user by identifier: smaganga@udom.ac.tz
2026-09-23 13:33:11 [http-nio-8080-exec-10] INFO  c.U.B.S.CustomUserDetailsService - ✅ User found: smaganga@udom.ac.tz with role: STUDENT
2026-09-23 13:33:11 [http-nio-8080-exec-10] INFO  c.U.B.config.JwtAuthenticationFilter - ✅ Authentication set for user: smaganga@udom.ac.tz
2026-09-23 13:33:11 [http-nio-8080-exec-10] DEBUG o.s.security.web.FilterChainProxy - Secured GET /control-plane/branding/current
2026-09-23 13:33:12 [http-nio-8080-exec-5] DEBUG o.s.security.web.FilterChainProxy - Securing GET /control-plane/branding/current
2026-09-23 13:33:12 [http-nio-8080-exec-5] INFO  c.U.B.config.JwtAuthenticationFilter - 🔑 JWT found in request: eyJhbGciOiJIUzI1NiJ9.eyJzdWIiO...
2026-09-23 13:33:12 [http-nio-8080-exec-5] INFO  c.U.B.config.JwtAuthenticationFilter - ✅ JWT validated for user: smaganga@udom.ac.tz
2026-09-23 13:33:12 [http-nio-8080-exec-5] INFO  c.U.B.S.CustomUserDetailsService - 🔍 Loading user by identifier: smaganga@udom.ac.tz
2026-09-23 13:33:12 [http-nio-8080-exec-5] INFO  c.U.B.S.CustomUserDetailsService - ✅ User found: smaganga@udom.ac.tz with role: STUDENT
2026-09-23 13:33:12 [http-nio-8080-exec-5] INFO  c.U.B.config.JwtAuthenticationFilter - ✅ Authentication set for user: smaganga@udom.ac.tz
2026-09-23 13:33:12 [http-nio-8080-exec-5] DEBUG o.s.security.web.FilterChainProxy - Secured GET /control-plane/branding/current
2026-09-23 13:33:29 [http-nio-8080-exec-9] DEBUG o.s.security.web.FilterChainProxy - Securing GET /control-plane/branding/current
2026-09-23 13:33:29 [http-nio-8080-exec-9] INFO  c.U.B.config.JwtAuthenticationFilter - 🔑 JWT found in request: eyJhbGciOiJIUzI1NiJ9.eyJzdWIiO...
2026-09-23 13:33:29 [http-nio-8080-exec-9] INFO  c.U.B.config.JwtAuthenticationFilter - ✅ JWT validated for user: smaganga@udom.ac.tz
2026-09-23 13:33:29 [http-nio-8080-exec-9] INFO  c.U.B.S.CustomUserDetailsService - 🔍 Loading user by identifier: smaganga@udom.ac.tz
2026-09-23 13:33:29 [http-nio-8080-exec-9] INFO  c.U.B.S.CustomUserDetailsService - ✅ User found: smaganga@udom.ac.tz with role: STUDENT
2026-09-23 13:33:29 [http-nio-8080-exec-9] INFO  c.U.B.config.JwtAuthenticationFilter - ✅ Authentication set for user: smaganga@udom.ac.tz
2026-09-23 13:33:29 [http-nio-8080-exec-9] DEBUG o.s.security.web.FilterChainProxy - Secured GET /control-plane/branding/current
2026-09-23 13:33:35 [http-nio-8080-exec-3] DEBUG o.s.security.web.FilterChainProxy - Securing OPTIONS /auth/profile
2026-09-23 13:33:35 [http-nio-8080-exec-4] DEBUG o.s.security.web.FilterChainProxy - Securing GET /auth/profile
2026-09-23 13:33:35 [http-nio-8080-exec-4] INFO  c.U.B.config.JwtAuthenticationFilter - 🔑 JWT found in request: eyJhbGciOiJIUzI1NiJ9.eyJzdWIiO...
2026-09-23 13:33:35 [http-nio-8080-exec-7] DEBUG o.s.security.web.FilterChainProxy - Securing GET /control-plane/branding/current
2026-09-23 13:33:35 [http-nio-8080-exec-7] INFO  c.U.B.config.JwtAuthenticationFilter - 🔑 JWT found in request: eyJhbGciOiJIUzI1NiJ9.eyJzdWIiO...
2026-09-23 13:33:35 [http-nio-8080-exec-4] INFO  c.U.B.config.JwtAuthenticationFilter - ✅ JWT validated for user: smaganga@udom.ac.tz
2026-09-23 13:33:35 [http-nio-8080-exec-7] INFO  c.U.B.config.JwtAuthenticationFilter - ✅ JWT validated for user: smaganga@udom.ac.tz
2026-09-23 13:33:35 [http-nio-8080-exec-4] INFO  c.U.B.S.CustomUserDetailsService - 🔍 Loading user by identifier: smaganga@udom.ac.tz
2026-09-23 13:33:35 [http-nio-8080-exec-7] INFO  c.U.B.S.CustomUserDetailsService - 🔍 Loading user by identifier: smaganga@udom.ac.tz
2026-09-23 13:33:35 [http-nio-8080-exec-7] INFO  c.U.B.S.CustomUserDetailsService - ✅ User found: smaganga@udom.ac.tz with role: STUDENT
2026-09-23 13:33:35 [http-nio-8080-exec-7] INFO  c.U.B.config.JwtAuthenticationFilter - ✅ Authentication set for user: smaganga@udom.ac.tz
2026-09-23 13:33:35 [http-nio-8080-exec-7] DEBUG o.s.security.web.FilterChainProxy - Secured GET /control-plane/branding/current
2026-09-23 13:33:35 [http-nio-8080-exec-4] INFO  c.U.B.S.CustomUserDetailsService - ✅ User found: smaganga@udom.ac.tz with role: STUDENT
2026-09-23 13:33:35 [http-nio-8080-exec-4] INFO  c.U.B.config.JwtAuthenticationFilter - ✅ Authentication set for user: smaganga@udom.ac.tz
2026-09-23 13:33:35 [http-nio-8080-exec-4] DEBUG o.s.security.web.FilterChainProxy - Secured GET /auth/profile
2026-09-23 13:33:35 [http-nio-8080-exec-4] INFO  c.U.B.Controller.AuthController - 👤 Get current user profile
2026-09-23 13:33:35 [http-nio-8080-exec-4] INFO  c.UDSM.BACKEND.Service.AuthService - Getting current user: smaganga@udom.ac.tz
2026-09-23 13:33:35 [http-nio-8080-exec-4] DEBUG c.UDSM.BACKEND.Service.AuthService -  Finding user by identifier: smaganga@udom.ac.tz
2026-09-23 13:33:39 [http-nio-8080-exec-1] DEBUG o.s.security.web.FilterChainProxy - Securing GET /control-plane/branding/current
2026-09-23 13:33:39 [http-nio-8080-exec-1] INFO  c.U.B.config.JwtAuthenticationFilter - 🔑 JWT found in request: eyJhbGciOiJIUzI1NiJ9.eyJzdWIiO...
2026-09-23 13:33:39 [http-nio-8080-exec-1] INFO  c.U.B.config.JwtAuthenticationFilter - ✅ JWT validated for user: smaganga@udom.ac.tz
2026-09-23 13:33:39 [http-nio-8080-exec-1] INFO  c.U.B.S.CustomUserDetailsService - 🔍 Loading user by identifier: smaganga@udom.ac.tz
2026-09-23 13:33:39 [http-nio-8080-exec-1] INFO  c.U.B.S.CustomUserDetailsService - ✅ User found: smaganga@udom.ac.tz with role: STUDENT
2026-09-23 13:33:39 [http-nio-8080-exec-1] INFO  c.U.B.config.JwtAuthenticationFilter - ✅ Authentication set for user: smaganga@udom.ac.tz
2026-09-23 13:33:39 [http-nio-8080-exec-1] DEBUG o.s.security.web.FilterChainProxy - Secured GET /control-plane/branding/current
2026-09-23 13:33:39 [http-nio-8080-exec-8] DEBUG o.s.security.web.FilterChainProxy - Securing GET /auth/profile
2026-09-23 13:33:39 [http-nio-8080-exec-8] INFO  c.U.B.config.JwtAuthenticationFilter - 🔑 JWT found in request: eyJhbGciOiJIUzI1NiJ9.eyJzdWIiO...
2026-09-23 13:33:39 [http-nio-8080-exec-2] DEBUG o.s.security.web.FilterChainProxy - Securing GET /control-plane/branding/current
2026-09-23 13:33:39 [http-nio-8080-exec-8] INFO  c.U.B.config.JwtAuthenticationFilter - ✅ JWT validated for user: smaganga@udom.ac.tz
2026-09-23 13:33:39 [http-nio-8080-exec-8] INFO  c.U.B.S.CustomUserDetailsService - 🔍 Loading user by identifier: smaganga@udom.ac.tz
2026-09-23 13:33:39 [http-nio-8080-exec-2] INFO  c.U.B.config.JwtAuthenticationFilter - 🔑 JWT found in request: eyJhbGciOiJIUzI1NiJ9.eyJzdWIiO...
2026-09-23 13:33:39 [http-nio-8080-exec-2] INFO  c.U.B.config.JwtAuthenticationFilter - ✅ JWT validated for user: smaganga@udom.ac.tz
2026-09-23 13:33:39 [http-nio-8080-exec-8] INFO  c.U.B.S.CustomUserDetailsService - ✅ User found: smaganga@udom.ac.tz with role: STUDENT
2026-09-23 13:33:39 [http-nio-8080-exec-2] INFO  c.U.B.S.CustomUserDetailsService - 🔍 Loading user by identifier: smaganga@udom.ac.tz
2026-09-23 13:33:39 [http-nio-8080-exec-8] INFO  c.U.B.config.JwtAuthenticationFilter - ✅ Authentication set for user: smaganga@udom.ac.tz
2026-09-23 13:33:39 [http-nio-8080-exec-8] DEBUG o.s.security.web.FilterChainProxy - Secured GET /auth/profile
2026-09-23 13:33:39 [http-nio-8080-exec-2] INFO  c.U.B.S.CustomUserDetailsService - ✅ User found: smaganga@udom.ac.tz with role: STUDENT
2026-09-23 13:33:39 [http-nio-8080-exec-2] INFO  c.U.B.config.JwtAuthenticationFilter - ✅ Authentication set for user: smaganga@udom.ac.tz
2026-09-23 13:33:39 [http-nio-8080-exec-2] DEBUG o.s.security.web.FilterChainProxy - Secured GET /control-plane/branding/current
2026-09-23 13:33:39 [http-nio-8080-exec-8] INFO  c.U.B.Controller.AuthController - 👤 Get current user profile
2026-09-23 13:33:39 [http-nio-8080-exec-8] INFO  c.UDSM.BACKEND.Service.AuthService - Getting current user: smaganga@udom.ac.tz
2026-09-23 13:33:39 [http-nio-8080-exec-8] DEBUG c.UDSM.BACKEND.Service.AuthService -  Finding user by identifier: smaganga@udom.ac.tz
2026-09-23 13:33:41 [http-nio-8080-exec-6] DEBUG o.s.security.web.FilterChainProxy - Securing OPTIONS /auth/profile
2026-09-23 13:33:41 [http-nio-8080-exec-10] DEBUG o.s.security.web.FilterChainProxy - Securing GET /auth/profile
2026-09-23 13:33:41 [http-nio-8080-exec-10] INFO  c.U.B.config.JwtAuthenticationFilter - 🔑 JWT found in request: eyJhbGciOiJIUzI1NiJ9.eyJzdWIiO...
2026-09-23 13:33:41 [http-nio-8080-exec-10] INFO  c.U.B.config.JwtAuthenticationFilter - ✅ JWT validated for user: smaganga@udom.ac.tz
2026-09-23 13:33:41 [http-nio-8080-exec-10] INFO  c.U.B.S.CustomUserDetailsService - 🔍 Loading user by identifier: smaganga@udom.ac.tz
2026-09-23 13:33:41 [http-nio-8080-exec-10] INFO  c.U.B.S.CustomUserDetailsService - ✅ User found: smaganga@udom.ac.tz with role: STUDENT
2026-09-23 13:33:41 [http-nio-8080-exec-10] INFO  c.U.B.config.JwtAuthenticationFilter - ✅ Authentication set for user: smaganga@udom.ac.tz
2026-09-23 13:33:41 [http-nio-8080-exec-10] DEBUG o.s.security.web.FilterChainProxy - Secured GET /auth/profile
2026-09-23 13:33:41 [http-nio-8080-exec-10] INFO  c.U.B.Controller.AuthController - 👤 Get current user profile
2026-09-23 13:33:41 [http-nio-8080-exec-5] DEBUG o.s.security.web.FilterChainProxy - Securing GET /control-plane/branding/current
2026-09-23 13:33:41 [http-nio-8080-exec-10] INFO  c.UDSM.BACKEND.Service.AuthService - Getting current user: smaganga@udom.ac.tz
2026-09-23 13:33:41 [http-nio-8080-exec-10] DEBUG c.UDSM.BACKEND.Service.AuthService -  Finding user by identifier: smaganga@udom.ac.tz
2026-09-23 13:33:41 [http-nio-8080-exec-5] INFO  c.U.B.config.JwtAuthenticationFilter - 🔑 JWT found in request: eyJhbGciOiJIUzI1NiJ9.eyJzdWIiO...
2026-09-23 13:33:41 [http-nio-8080-exec-5] INFO  c.U.B.config.JwtAuthenticationFilter - ✅ JWT validated for user: smaganga@udom.ac.tz
2026-09-23 13:33:41 [http-nio-8080-exec-5] INFO  c.U.B.S.CustomUserDetailsService - 🔍 Loading user by identifier: smaganga@udom.ac.tz
2026-09-23 13:33:41 [http-nio-8080-exec-5] INFO  c.U.B.S.CustomUserDetailsService - ✅ User found: smaganga@udom.ac.tz with role: STUDENT
2026-09-23 13:33:41 [http-nio-8080-exec-5] INFO  c.U.B.config.JwtAuthenticationFilter - ✅ Authentication set for user: smaganga@udom.ac.tz
2026-09-23 13:33:41 [http-nio-8080-exec-5] DEBUG o.s.security.web.FilterChainProxy - Secured GET /control-plane/branding/current
2026-09-23 13:33:42 [http-nio-8080-exec-9] DEBUG o.s.security.web.FilterChainProxy - Securing GET /control-plane/branding/current
2026-09-23 13:33:42 [http-nio-8080-exec-9] INFO  c.U.B.config.JwtAuthenticationFilter - 🔑 JWT found in request: eyJhbGciOiJIUzI1NiJ9.eyJzdWIiO...
2026-09-23 13:33:42 [http-nio-8080-exec-9] INFO  c.U.B.config.JwtAuthenticationFilter - ✅ JWT validated for user: smaganga@udom.ac.tz
2026-09-23 13:33:42 [http-nio-8080-exec-9] INFO  c.U.B.S.CustomUserDetailsService - 🔍 Loading user by identifier: smaganga@udom.ac.tz
2026-09-23 13:33:43 [http-nio-8080-exec-9] INFO  c.U.B.S.CustomUserDetailsService - ✅ User found: smaganga@udom.ac.tz with role: STUDENT
2026-09-23 13:33:43 [http-nio-8080-exec-9] INFO  c.U.B.config.JwtAuthenticationFilter - ✅ Authentication set for user: smaganga@udom.ac.tz
2026-09-23 13:33:43 [http-nio-8080-exec-9] DEBUG o.s.security.web.FilterChainProxy - Secured GET /control-plane/branding/current
2026-09-23 13:33:44 [http-nio-8080-exec-3] DEBUG o.s.security.web.FilterChainProxy - Securing GET /control-plane/branding/current
2026-09-23 13:33:44 [http-nio-8080-exec-3] INFO  c.U.B.config.JwtAuthenticationFilter - 🔑 JWT found in request: eyJhbGciOiJIUzI1NiJ9.eyJzdWIiO...
2026-09-23 13:33:44 [http-nio-8080-exec-3] INFO  c.U.B.config.JwtAuthenticationFilter - ✅ JWT validated for user: smaganga@udom.ac.tz
2026-09-23 13:33:44 [http-nio-8080-exec-3] INFO  c.U.B.S.CustomUserDetailsService - 🔍 Loading user by identifier: smaganga@udom.ac.tz
2026-09-23 13:33:44 [http-nio-8080-exec-3] INFO  c.U.B.S.CustomUserDetailsService - ✅ User found: smaganga@udom.ac.tz with role: STUDENT
2026-09-23 13:33:44 [http-nio-8080-exec-3] INFO  c.U.B.config.JwtAuthenticationFilter - ✅ Authentication set for user: smaganga@udom.ac.tz
2026-09-23 13:33:44 [http-nio-8080-exec-3] DEBUG o.s.security.web.FilterChainProxy - Secured GET /control-plane/branding/current
2026-09-23 13:33:45 [http-nio-8080-exec-7] DEBUG o.s.security.web.FilterChainProxy - Securing GET /control-plane/branding/current
2026-09-23 13:33:45 [http-nio-8080-exec-7] INFO  c.U.B.config.JwtAuthenticationFilter - 🔑 JWT found in request: eyJhbGciOiJIUzI1NiJ9.eyJzdWIiO...
2026-09-23 13:33:45 [http-nio-8080-exec-7] INFO  c.U.B.config.JwtAuthenticationFilter - ✅ JWT validated for user: smaganga@udom.ac.tz
2026-09-23 13:33:45 [http-nio-8080-exec-7] INFO  c.U.B.S.CustomUserDetailsService - 🔍 Loading user by identifier: smaganga@udom.ac.tz
2026-09-23 13:33:45 [http-nio-8080-exec-7] INFO  c.U.B.S.CustomUserDetailsService - ✅ User found: smaganga@udom.ac.tz with role: STUDENT
2026-09-23 13:33:45 [http-nio-8080-exec-7] INFO  c.U.B.config.JwtAuthenticationFilter - ✅ Authentication set for user: smaganga@udom.ac.tz
2026-09-23 13:33:45 [http-nio-8080-exec-7] DEBUG o.s.security.web.FilterChainProxy - Secured GET /control-plane/branding/current
2026-09-23 13:33:46 [http-nio-8080-exec-4] DEBUG o.s.security.web.FilterChainProxy - Securing GET /control-plane/branding/current
2026-09-23 13:33:46 [http-nio-8080-exec-4] INFO  c.U.B.config.JwtAuthenticationFilter - 🔑 JWT found in request: eyJhbGciOiJIUzI1NiJ9.eyJzdWIiO...
2026-09-23 13:33:46 [http-nio-8080-exec-4] INFO  c.U.B.config.JwtAuthenticationFilter - ✅ JWT validated for user: smaganga@udom.ac.tz
2026-09-23 13:33:46 [http-nio-8080-exec-4] INFO  c.U.B.S.CustomUserDetailsService - 🔍 Loading user by identifier: smaganga@udom.ac.tz
2026-09-23 13:33:46 [http-nio-8080-exec-4] INFO  c.U.B.S.CustomUserDetailsService - ✅ User found: smaganga@udom.ac.tz with role: STUDENT
2026-09-23 13:33:46 [http-nio-8080-exec-4] INFO  c.U.B.config.JwtAuthenticationFilter - ✅ Authentication set for user: smaganga@udom.ac.tz
2026-09-23 13:33:46 [http-nio-8080-exec-4] DEBUG o.s.security.web.FilterChainProxy - Secured GET /control-plane/branding/current
2026-09-23 13:34:45 [http-nio-8080-exec-8] DEBUG o.s.security.web.FilterChainProxy - Securing GET /control-plane/branding/current
2026-09-23 13:34:45 [http-nio-8080-exec-8] INFO  c.U.B.config.JwtAuthenticationFilter - 🔑 JWT found in request: eyJhbGciOiJIUzI1NiJ9.eyJzdWIiO...
2026-09-23 13:34:45 [http-nio-8080-exec-8] INFO  c.U.B.config.JwtAuthenticationFilter - ✅ JWT validated for user: smaganga@udom.ac.tz
2026-09-23 13:34:45 [http-nio-8080-exec-8] INFO  c.U.B.S.CustomUserDetailsService - 🔍 Loading user by identifier: smaganga@udom.ac.tz
2026-09-23 13:34:45 [http-nio-8080-exec-8] INFO  c.U.B.S.CustomUserDetailsService - ✅ User found: smaganga@udom.ac.tz with role: STUDENT
2026-09-23 13:34:45 [http-nio-8080-exec-8] INFO  c.U.B.config.JwtAuthenticationFilter - ✅ Authentication set for user: smaganga@udom.ac.tz
2026-09-23 13:34:45 [http-nio-8080-exec-8] DEBUG o.s.security.web.FilterChainProxy - Secured GET /control-plane/branding/current
2026-09-23 13:36:42 [http-nio-8080-exec-10] DEBUG o.s.security.web.FilterChainProxy - Securing GET /control-plane/branding/current
2026-09-23 13:36:42 [http-nio-8080-exec-10] INFO  c.U.B.config.JwtAuthenticationFilter - 🔑 JWT found in request: eyJhbGciOiJIUzI1NiJ9.eyJzdWIiO...
2026-09-23 13:36:42 [http-nio-8080-exec-10] INFO  c.U.B.config.JwtAuthenticationFilter - ✅ JWT validated for user: smaganga@udom.ac.tz
2026-09-23 13:36:42 [http-nio-8080-exec-10] INFO  c.U.B.S.CustomUserDetailsService - 🔍 Loading user by identifier: smaganga@udom.ac.tz
2026-09-23 13:36:42 [http-nio-8080-exec-10] INFO  c.U.B.S.CustomUserDetailsService - ✅ User found: smaganga@udom.ac.tz with role: STUDENT
2026-09-23 13:36:42 [http-nio-8080-exec-10] INFO  c.U.B.config.JwtAuthenticationFilter - ✅ Authentication set for user: smaganga@udom.ac.tz
2026-09-23 13:36:42 [http-nio-8080-exec-10] DEBUG o.s.security.web.FilterChainProxy - Secured GET /control-plane/branding/current
2026-09-23 13:36:43 [http-nio-8080-exec-5] DEBUG o.s.security.web.FilterChainProxy - Securing GET /control-plane/branding/current
2026-09-23 13:36:43 [http-nio-8080-exec-5] INFO  c.U.B.config.JwtAuthenticationFilter - 🔑 JWT found in request: eyJhbGciOiJIUzI1NiJ9.eyJzdWIiO...
2026-09-23 13:36:43 [http-nio-8080-exec-5] INFO  c.U.B.config.JwtAuthenticationFilter - ✅ JWT validated for user: smaganga@udom.ac.tz
2026-09-23 13:36:43 [http-nio-8080-exec-5] INFO  c.U.B.S.CustomUserDetailsService - 🔍 Loading user by identifier: smaganga@udom.ac.tz
2026-09-23 13:36:43 [http-nio-8080-exec-5] INFO  c.U.B.S.CustomUserDetailsService - ✅ User found: smaganga@udom.ac.tz with role: STUDENT
2026-09-23 13:36:43 [http-nio-8080-exec-5] INFO  c.U.B.config.JwtAuthenticationFilter - ✅ Authentication set for user: smaganga@udom.ac.tz
2026-09-23 13:36:43 [http-nio-8080-exec-5] DEBUG o.s.security.web.FilterChainProxy - Secured GET /control-plane/branding/current
2026-09-23 13:37:03 [http-nio-8080-exec-3] DEBUG o.s.security.web.FilterChainProxy - Securing GET /control-plane/branding/current
2026-09-23 13:37:03 [http-nio-8080-exec-3] INFO  c.U.B.config.JwtAuthenticationFilter - 🔑 JWT found in request: eyJhbGciOiJIUzI1NiJ9.eyJzdWIiO...
2026-09-23 13:37:03 [http-nio-8080-exec-3] INFO  c.U.B.config.JwtAuthenticationFilter - ✅ JWT validated for user: smaganga@udom.ac.tz
2026-09-23 13:37:03 [http-nio-8080-exec-3] INFO  c.U.B.S.CustomUserDetailsService - 🔍 Loading user by identifier: smaganga@udom.ac.tz
2026-09-23 13:37:03 [http-nio-8080-exec-3] INFO  c.U.B.S.CustomUserDetailsService - ✅ User found: smaganga@udom.ac.tz with role: STUDENT
2026-09-23 13:37:03 [http-nio-8080-exec-3] INFO  c.U.B.config.JwtAuthenticationFilter - ✅ Authentication set for user: smaganga@udom.ac.tz
2026-09-23 13:37:03 [http-nio-8080-exec-3] DEBUG o.s.security.web.FilterChainProxy - Secured GET /control-plane/branding/current
2026-09-23 13:37:05 [http-nio-8080-exec-7] DEBUG o.s.security.web.FilterChainProxy - Securing GET /control-plane/branding/current
2026-09-23 13:37:05 [http-nio-8080-exec-7] INFO  c.U.B.config.JwtAuthenticationFilter - 🔑 JWT found in request: eyJhbGciOiJIUzI1NiJ9.eyJzdWIiO...
2026-09-23 13:37:05 [http-nio-8080-exec-7] INFO  c.U.B.config.JwtAuthenticationFilter - ✅ JWT validated for user: smaganga@udom.ac.tz
2026-09-23 13:37:05 [http-nio-8080-exec-7] INFO  c.U.B.S.CustomUserDetailsService - 🔍 Loading user by identifier: smaganga@udom.ac.tz
2026-09-23 13:37:05 [http-nio-8080-exec-7] INFO  c.U.B.S.CustomUserDetailsService - ✅ User found: smaganga@udom.ac.tz with role: STUDENT
2026-09-23 13:37:05 [http-nio-8080-exec-7] INFO  c.U.B.config.JwtAuthenticationFilter - ✅ Authentication set for user: smaganga@udom.ac.tz
2026-09-23 13:37:05 [http-nio-8080-exec-7] DEBUG o.s.security.web.FilterChainProxy - Secured GET /control-plane/branding/current
2026-09-23 13:37:07 [http-nio-8080-exec-4] DEBUG o.s.security.web.FilterChainProxy - Securing GET /control-plane/branding/current
2026-09-23 13:37:07 [http-nio-8080-exec-4] INFO  c.U.B.config.JwtAuthenticationFilter - 🔑 JWT found in request: eyJhbGciOiJIUzI1NiJ9.eyJzdWIiO...
2026-09-23 13:37:07 [http-nio-8080-exec-4] INFO  c.U.B.config.JwtAuthenticationFilter - ✅ JWT validated for user: smaganga@udom.ac.tz
2026-09-23 13:37:07 [http-nio-8080-exec-4] INFO  c.U.B.S.CustomUserDetailsService - 🔍 Loading user by identifier: smaganga@udom.ac.tz
2026-09-23 13:37:07 [http-nio-8080-exec-4] INFO  c.U.B.S.CustomUserDetailsService - ✅ User found: smaganga@udom.ac.tz with role: STUDENT
2026-09-23 13:37:07 [http-nio-8080-exec-4] INFO  c.U.B.config.JwtAuthenticationFilter - ✅ Authentication set for user: smaganga@udom.ac.tz
2026-09-23 13:37:07 [http-nio-8080-exec-4] DEBUG o.s.security.web.FilterChainProxy - Secured GET /control-plane/branding/current
2026-09-23 13:37:09 [http-nio-8080-exec-1] DEBUG o.s.security.web.FilterChainProxy - Securing OPTIONS /auth/profile
2026-09-23 13:37:09 [http-nio-8080-exec-2] DEBUG o.s.security.web.FilterChainProxy - Securing GET /auth/profile
2026-09-23 13:37:09 [http-nio-8080-exec-8] DEBUG o.s.security.web.FilterChainProxy - Securing GET /control-plane/branding/current
2026-09-23 13:37:09 [http-nio-8080-exec-8] INFO  c.U.B.config.JwtAuthenticationFilter - 🔑 JWT found in request: eyJhbGciOiJIUzI1NiJ9.eyJzdWIiO...
2026-09-23 13:37:09 [http-nio-8080-exec-2] INFO  c.U.B.config.JwtAuthenticationFilter - 🔑 JWT found in request: eyJhbGciOiJIUzI1NiJ9.eyJzdWIiO...
2026-09-23 13:37:09 [http-nio-8080-exec-8] INFO  c.U.B.config.JwtAuthenticationFilter - ✅ JWT validated for user: smaganga@udom.ac.tz
2026-09-23 13:37:09 [http-nio-8080-exec-2] INFO  c.U.B.config.JwtAuthenticationFilter - ✅ JWT validated for user: smaganga@udom.ac.tz
2026-09-23 13:37:09 [http-nio-8080-exec-2] INFO  c.U.B.S.CustomUserDetailsService - 🔍 Loading user by identifier: smaganga@udom.ac.tz
2026-09-23 13:37:09 [http-nio-8080-exec-8] INFO  c.U.B.S.CustomUserDetailsService - 🔍 Loading user by identifier: smaganga@udom.ac.tz
2026-09-23 13:37:09 [http-nio-8080-exec-2] INFO  c.U.B.S.CustomUserDetailsService - ✅ User found: smaganga@udom.ac.tz with role: STUDENT
2026-09-23 13:37:09 [http-nio-8080-exec-8] INFO  c.U.B.S.CustomUserDetailsService - ✅ User found: smaganga@udom.ac.tz with role: STUDENT
2026-09-23 13:37:09 [http-nio-8080-exec-8] INFO  c.U.B.config.JwtAuthenticationFilter - ✅ Authentication set for user: smaganga@udom.ac.tz
2026-09-23 13:37:09 [http-nio-8080-exec-2] INFO  c.U.B.config.JwtAuthenticationFilter - ✅ Authentication set for user: smaganga@udom.ac.tz
2026-09-23 13:37:09 [http-nio-8080-exec-8] DEBUG o.s.security.web.FilterChainProxy - Secured GET /control-plane/branding/current
2026-09-23 13:37:09 [http-nio-8080-exec-2] DEBUG o.s.security.web.FilterChainProxy - Secured GET /auth/profile
2026-09-23 13:37:09 [http-nio-8080-exec-2] INFO  c.U.B.Controller.AuthController - 👤 Get current user profile
2026-09-23 13:37:09 [http-nio-8080-exec-2] INFO  c.UDSM.BACKEND.Service.AuthService - Getting current user: smaganga@udom.ac.tz
2026-09-23 13:37:09 [http-nio-8080-exec-2] DEBUG c.UDSM.BACKEND.Service.AuthService -  Finding user by identifier: smaganga@udom.ac.tz
2026-09-23 13:37:17 [http-nio-8080-exec-6] DEBUG o.s.security.web.FilterChainProxy - Securing OPTIONS /auth/login
2026-09-23 13:37:17 [http-nio-8080-exec-10] DEBUG o.s.security.web.FilterChainProxy - Securing POST /auth/login
2026-09-23 13:37:17 [http-nio-8080-exec-10] DEBUG o.s.s.w.a.AnonymousAuthenticationFilter - Set SecurityContextHolder to anonymous SecurityContext
2026-09-23 13:37:17 [http-nio-8080-exec-10] DEBUG o.s.security.web.FilterChainProxy - Secured POST /auth/login
2026-09-23 13:37:17 [http-nio-8080-exec-10] INFO  c.U.B.Controller.AuthController - 🔐 Login attempt for: FINANCE@udom.ac.tz
2026-09-23 13:37:17 [http-nio-8080-exec-10] INFO  c.U.B.S.CustomUserDetailsService - 🔍 Loading user by identifier: FINANCE@udom.ac.tz
2026-09-23 13:37:17 [http-nio-8080-exec-10] INFO  c.U.B.S.CustomUserDetailsService - ✅ User found: finance@udom.ac.tz with role: FINANCE_OFFICER
2026-09-23 13:37:17 [http-nio-8080-exec-10] DEBUG o.s.s.a.d.DaoAuthenticationProvider - Authenticated user
2026-09-23 13:37:17 [http-nio-8080-exec-10] DEBUG c.UDSM.BACKEND.Service.AuthService -  Finding user by identifier: FINANCE@udom.ac.tz
2026-09-23 13:37:18 [http-nio-8080-exec-5] DEBUG o.s.security.web.FilterChainProxy - Securing GET /control-plane/branding/current
2026-09-23 13:37:18 [http-nio-8080-exec-5] INFO  c.U.B.config.JwtAuthenticationFilter - 🔑 JWT found in request: eyJhbGciOiJIUzI1NiJ9.eyJzdWIiO...
2026-09-23 13:37:18 [http-nio-8080-exec-5] INFO  c.U.B.config.JwtAuthenticationFilter - ✅ JWT validated for user: finance@udom.ac.tz
2026-09-23 13:37:18 [http-nio-8080-exec-5] INFO  c.U.B.S.CustomUserDetailsService - 🔍 Loading user by identifier: finance@udom.ac.tz
2026-09-23 13:37:18 [http-nio-8080-exec-5] INFO  c.U.B.S.CustomUserDetailsService - ✅ User found: finance@udom.ac.tz with role: FINANCE_OFFICER
2026-09-23 13:37:18 [http-nio-8080-exec-5] INFO  c.U.B.config.JwtAuthenticationFilter - ✅ Authentication set for user: finance@udom.ac.tz
2026-09-23 13:37:18 [http-nio-8080-exec-5] DEBUG o.s.security.web.FilterChainProxy - Secured GET /control-plane/branding/current
2026-09-23 13:37:21 [Thread-97] ERROR c.UDSM.BACKEND.Service.EmailService - ❌ Failed to send email to finance@udom.ac.tz: Authentication failed
2026-09-23 13:37:22 [http-nio-8080-exec-9] DEBUG o.s.security.web.FilterChainProxy - Securing GET /control-plane/branding/current
2026-09-23 13:37:22 [http-nio-8080-exec-9] INFO  c.U.B.config.JwtAuthenticationFilter - 🔑 JWT found in request: eyJhbGciOiJIUzI1NiJ9.eyJzdWIiO...
2026-09-23 13:37:22 [http-nio-8080-exec-9] INFO  c.U.B.config.JwtAuthenticationFilter - ✅ JWT validated for user: finance@udom.ac.tz
2026-09-23 13:37:22 [http-nio-8080-exec-9] INFO  c.U.B.S.CustomUserDetailsService - 🔍 Loading user by identifier: finance@udom.ac.tz
2026-09-23 13:37:22 [http-nio-8080-exec-9] INFO  c.U.B.S.CustomUserDetailsService - ✅ User found: finance@udom.ac.tz with role: FINANCE_OFFICER
2026-09-23 13:37:22 [http-nio-8080-exec-9] INFO  c.U.B.config.JwtAuthenticationFilter - ✅ Authentication set for user: finance@udom.ac.tz
2026-09-23 13:37:22 [http-nio-8080-exec-9] DEBUG o.s.security.web.FilterChainProxy - Secured GET /control-plane/branding/current
2026-09-23 13:37:48 [http-nio-8080-exec-4] DEBUG o.s.security.web.FilterChainProxy - Securing GET /control-plane/branding/current
2026-09-23 13:37:48 [http-nio-8080-exec-4] INFO  c.U.B.config.JwtAuthenticationFilter - 🔑 JWT found in request: eyJhbGciOiJIUzI1NiJ9.eyJzdWIiO...
2026-09-23 13:37:48 [http-nio-8080-exec-4] INFO  c.U.B.config.JwtAuthenticationFilter - ✅ JWT validated for user: finance@udom.ac.tz
2026-09-23 13:37:48 [http-nio-8080-exec-4] INFO  c.U.B.S.CustomUserDetailsService - 🔍 Loading user by identifier: finance@udom.ac.tz
2026-09-23 13:37:48 [http-nio-8080-exec-4] INFO  c.U.B.S.CustomUserDetailsService - ✅ User found: finance@udom.ac.tz with role: FINANCE_OFFICER
2026-09-23 13:37:48 [http-nio-8080-exec-4] INFO  c.U.B.config.JwtAuthenticationFilter - ✅ Authentication set for user: finance@udom.ac.tz
2026-09-23 13:37:48 [http-nio-8080-exec-4] DEBUG o.s.security.web.FilterChainProxy - Secured GET /control-plane/branding/current
2026-09-23 13:37:55 [http-nio-8080-exec-1] DEBUG o.s.security.web.FilterChainProxy - Securing OPTIONS /auth/login
2026-09-23 13:37:55 [http-nio-8080-exec-8] DEBUG o.s.security.web.FilterChainProxy - Securing POST /auth/login
2026-09-23 13:37:55 [http-nio-8080-exec-8] DEBUG o.s.s.w.a.AnonymousAuthenticationFilter - Set SecurityContextHolder to anonymous SecurityContext
2026-09-23 13:37:55 [http-nio-8080-exec-8] DEBUG o.s.security.web.FilterChainProxy - Secured POST /auth/login
2026-09-23 13:37:55 [http-nio-8080-exec-8] INFO  c.U.B.Controller.AuthController - 🔐 Login attempt for: smaganga@udom.ac.tz
2026-09-23 13:37:55 [http-nio-8080-exec-8] INFO  c.U.B.S.CustomUserDetailsService - 🔍 Loading user by identifier: smaganga@udom.ac.tz
2026-09-23 13:37:55 [http-nio-8080-exec-8] INFO  c.U.B.S.CustomUserDetailsService - ✅ User found: smaganga@udom.ac.tz with role: STUDENT
2026-09-23 13:37:55 [http-nio-8080-exec-8] DEBUG o.s.s.a.d.DaoAuthenticationProvider - Authenticated user
2026-09-23 13:37:55 [http-nio-8080-exec-8] DEBUG c.UDSM.BACKEND.Service.AuthService -  Finding user by identifier: smaganga@udom.ac.tz
2026-09-23 13:37:55 [http-nio-8080-exec-2] DEBUG o.s.security.web.FilterChainProxy - Securing OPTIONS /auth/profile
2026-09-23 13:37:55 [http-nio-8080-exec-6] DEBUG o.s.security.web.FilterChainProxy - Securing GET /auth/profile
2026-09-23 13:37:55 [http-nio-8080-exec-6] INFO  c.U.B.config.JwtAuthenticationFilter - 🔑 JWT found in request: eyJhbGciOiJIUzI1NiJ9.eyJzdWIiO...
2026-09-23 13:37:55 [http-nio-8080-exec-6] INFO  c.U.B.config.JwtAuthenticationFilter - ✅ JWT validated for user: smaganga@udom.ac.tz
2026-09-23 13:37:55 [http-nio-8080-exec-6] INFO  c.U.B.S.CustomUserDetailsService - 🔍 Loading user by identifier: smaganga@udom.ac.tz
2026-09-23 13:37:55 [http-nio-8080-exec-6] INFO  c.U.B.S.CustomUserDetailsService - ✅ User found: smaganga@udom.ac.tz with role: STUDENT
2026-09-23 13:37:55 [http-nio-8080-exec-6] INFO  c.U.B.config.JwtAuthenticationFilter - ✅ Authentication set for user: smaganga@udom.ac.tz
2026-09-23 13:37:55 [http-nio-8080-exec-10] DEBUG o.s.security.web.FilterChainProxy - Securing GET /control-plane/branding/current
2026-09-23 13:37:55 [http-nio-8080-exec-6] DEBUG o.s.security.web.FilterChainProxy - Secured GET /auth/profile
2026-09-23 13:37:55 [http-nio-8080-exec-10] INFO  c.U.B.config.JwtAuthenticationFilter - 🔑 JWT found in request: eyJhbGciOiJIUzI1NiJ9.eyJzdWIiO...
2026-09-23 13:37:55 [http-nio-8080-exec-6] INFO  c.U.B.Controller.AuthController - 👤 Get current user profile
2026-09-23 13:37:55 [http-nio-8080-exec-6] INFO  c.UDSM.BACKEND.Service.AuthService - Getting current user: smaganga@udom.ac.tz
2026-09-23 13:37:55 [http-nio-8080-exec-10] INFO  c.U.B.config.JwtAuthenticationFilter - ✅ JWT validated for user: smaganga@udom.ac.tz
2026-09-23 13:37:55 [http-nio-8080-exec-6] DEBUG c.UDSM.BACKEND.Service.AuthService -  Finding user by identifier: smaganga@udom.ac.tz
2026-09-23 13:37:55 [http-nio-8080-exec-10] INFO  c.U.B.S.CustomUserDetailsService - 🔍 Loading user by identifier: smaganga@udom.ac.tz
2026-09-23 13:37:55 [http-nio-8080-exec-10] INFO  c.U.B.S.CustomUserDetailsService - ✅ User found: smaganga@udom.ac.tz with role: STUDENT
2026-09-23 13:37:55 [http-nio-8080-exec-10] INFO  c.U.B.config.JwtAuthenticationFilter - ✅ Authentication set for user: smaganga@udom.ac.tz
2026-09-23 13:37:55 [http-nio-8080-exec-10] DEBUG o.s.security.web.FilterChainProxy - Secured GET /control-plane/branding/current
2026-09-23 13:37:58 [Thread-98] ERROR c.UDSM.BACKEND.Service.EmailService - ❌ Failed to send email to smaganga@udom.ac.tz: Authentication failed
2026-09-23 13:38:02 [http-nio-8080-exec-5] DEBUG o.s.security.web.FilterChainProxy - Securing GET /control-plane/branding/current
2026-09-23 13:38:02 [http-nio-8080-exec-5] INFO  c.U.B.config.JwtAuthenticationFilter - 🔑 JWT found in request: eyJhbGciOiJIUzI1NiJ9.eyJzdWIiO...
2026-09-23 13:38:02 [http-nio-8080-exec-5] INFO  c.U.B.config.JwtAuthenticationFilter - ✅ JWT validated for user: smaganga@udom.ac.tz
2026-09-23 13:38:02 [http-nio-8080-exec-5] INFO  c.U.B.S.CustomUserDetailsService - 🔍 Loading user by identifier: smaganga@udom.ac.tz
2026-09-23 13:38:02 [http-nio-8080-exec-5] INFO  c.U.B.S.CustomUserDetailsService - ✅ User found: smaganga@udom.ac.tz with role: STUDENT
2026-09-23 13:38:02 [http-nio-8080-exec-5] INFO  c.U.B.config.JwtAuthenticationFilter - ✅ Authentication set for user: smaganga@udom.ac.tz
2026-09-23 13:38:02 [http-nio-8080-exec-5] DEBUG o.s.security.web.FilterChainProxy - Secured GET /control-plane/branding/current
2026-09-23 13:38:29 [http-nio-8080-exec-7] DEBUG o.s.security.web.FilterChainProxy - Securing OPTIONS /auth/profile
2026-09-23 13:38:29 [http-nio-8080-exec-4] DEBUG o.s.security.web.FilterChainProxy - Securing GET /control-plane/branding/current
2026-09-23 13:38:29 [http-nio-8080-exec-1] DEBUG o.s.security.web.FilterChainProxy - Securing GET /auth/profile
2026-09-23 13:38:29 [http-nio-8080-exec-4] INFO  c.U.B.config.JwtAuthenticationFilter - 🔑 JWT found in request: eyJhbGciOiJIUzI1NiJ9.eyJzdWIiO...
2026-09-23 13:38:29 [http-nio-8080-exec-1] INFO  c.U.B.config.JwtAuthenticationFilter - 🔑 JWT found in request: eyJhbGciOiJIUzI1NiJ9.eyJzdWIiO...
2026-09-23 13:38:29 [http-nio-8080-exec-4] INFO  c.U.B.config.JwtAuthenticationFilter - ✅ JWT validated for user: smaganga@udom.ac.tz
2026-09-23 13:38:29 [http-nio-8080-exec-4] INFO  c.U.B.S.CustomUserDetailsService - 🔍 Loading user by identifier: smaganga@udom.ac.tz
2026-09-23 13:38:29 [http-nio-8080-exec-1] INFO  c.U.B.config.JwtAuthenticationFilter - ✅ JWT validated for user: smaganga@udom.ac.tz
2026-09-23 13:38:29 [http-nio-8080-exec-1] INFO  c.U.B.S.CustomUserDetailsService - 🔍 Loading user by identifier: smaganga@udom.ac.tz
2026-09-23 13:38:29 [http-nio-8080-exec-4] INFO  c.U.B.S.CustomUserDetailsService - ✅ User found: smaganga@udom.ac.tz with role: STUDENT
2026-09-23 13:38:29 [http-nio-8080-exec-4] INFO  c.U.B.config.JwtAuthenticationFilter - ✅ Authentication set for user: smaganga@udom.ac.tz
2026-09-23 13:38:29 [http-nio-8080-exec-1] INFO  c.U.B.S.CustomUserDetailsService - ✅ User found: smaganga@udom.ac.tz with role: STUDENT
2026-09-23 13:38:29 [http-nio-8080-exec-4] DEBUG o.s.security.web.FilterChainProxy - Secured GET /control-plane/branding/current
2026-09-23 13:38:29 [http-nio-8080-exec-1] INFO  c.U.B.config.JwtAuthenticationFilter - ✅ Authentication set for user: smaganga@udom.ac.tz
2026-09-23 13:38:29 [http-nio-8080-exec-1] DEBUG o.s.security.web.FilterChainProxy - Secured GET /auth/profile
2026-09-23 13:38:29 [http-nio-8080-exec-1] INFO  c.U.B.Controller.AuthController - 👤 Get current user profile
2026-09-23 13:38:29 [http-nio-8080-exec-1] INFO  c.UDSM.BACKEND.Service.AuthService - Getting current user: smaganga@udom.ac.tz
2026-09-23 13:38:29 [http-nio-8080-exec-1] DEBUG c.UDSM.BACKEND.Service.AuthService -  Finding user by identifier: smaganga@udom.ac.tz
2026-09-23 13:38:38 [http-nio-8080-exec-8] DEBUG o.s.security.web.FilterChainProxy - Securing OPTIONS /auth/login
2026-09-23 13:38:38 [http-nio-8080-exec-2] DEBUG o.s.security.web.FilterChainProxy - Securing POST /auth/login
2026-09-23 13:38:38 [http-nio-8080-exec-2] DEBUG o.s.s.w.a.AnonymousAuthenticationFilter - Set SecurityContextHolder to anonymous SecurityContext
2026-09-23 13:38:38 [http-nio-8080-exec-2] DEBUG o.s.security.web.FilterChainProxy - Secured POST /auth/login
2026-09-23 13:38:38 [http-nio-8080-exec-2] INFO  c.U.B.Controller.AuthController - 🔐 Login attempt for: FINANCE@udom.ac.tz
2026-09-23 13:38:38 [http-nio-8080-exec-2] INFO  c.U.B.S.CustomUserDetailsService - 🔍 Loading user by identifier: FINANCE@udom.ac.tz
2026-09-23 13:38:38 [http-nio-8080-exec-2] INFO  c.U.B.S.CustomUserDetailsService - ✅ User found: finance@udom.ac.tz with role: FINANCE_OFFICER
2026-09-23 13:38:38 [http-nio-8080-exec-2] DEBUG o.s.s.a.d.DaoAuthenticationProvider - Authenticated user
2026-09-23 13:38:38 [http-nio-8080-exec-2] DEBUG c.UDSM.BACKEND.Service.AuthService -  Finding user by identifier: FINANCE@udom.ac.tz
2026-09-23 13:38:38 [http-nio-8080-exec-6] DEBUG o.s.security.web.FilterChainProxy - Securing GET /control-plane/branding/current
2026-09-23 13:38:38 [http-nio-8080-exec-6] INFO  c.U.B.config.JwtAuthenticationFilter - 🔑 JWT found in request: eyJhbGciOiJIUzI1NiJ9.eyJzdWIiO...
2026-09-23 13:38:38 [http-nio-8080-exec-6] INFO  c.U.B.config.JwtAuthenticationFilter - ✅ JWT validated for user: finance@udom.ac.tz
2026-09-23 13:38:38 [http-nio-8080-exec-6] INFO  c.U.B.S.CustomUserDetailsService - 🔍 Loading user by identifier: finance@udom.ac.tz
2026-09-23 13:38:38 [http-nio-8080-exec-6] INFO  c.U.B.S.CustomUserDetailsService - ✅ User found: finance@udom.ac.tz with role: FINANCE_OFFICER
2026-09-23 13:38:38 [http-nio-8080-exec-6] INFO  c.U.B.config.JwtAuthenticationFilter - ✅ Authentication set for user: finance@udom.ac.tz
2026-09-23 13:38:38 [http-nio-8080-exec-6] DEBUG o.s.security.web.FilterChainProxy - Secured GET /control-plane/branding/current
2026-09-23 13:38:41 [Thread-99] ERROR c.UDSM.BACKEND.Service.EmailService - ❌ Failed to send email to finance@udom.ac.tz: Authentication failed
2026-09-23 13:38:43 [http-nio-8080-exec-10] DEBUG o.s.security.web.FilterChainProxy - Securing GET /control-plane/branding/current
2026-09-23 13:38:43 [http-nio-8080-exec-10] INFO  c.U.B.config.JwtAuthenticationFilter - 🔑 JWT found in request: eyJhbGciOiJIUzI1NiJ9.eyJzdWIiO...
2026-09-23 13:38:43 [http-nio-8080-exec-10] INFO  c.U.B.config.JwtAuthenticationFilter - ✅ JWT validated for user: finance@udom.ac.tz
2026-09-23 13:38:43 [http-nio-8080-exec-10] INFO  c.U.B.S.CustomUserDetailsService - 🔍 Loading user by identifier: finance@udom.ac.tz
2026-09-23 13:38:43 [http-nio-8080-exec-10] INFO  c.U.B.S.CustomUserDetailsService - ✅ User found: finance@udom.ac.tz with role: FINANCE_OFFICER
2026-09-23 13:38:43 [http-nio-8080-exec-10] INFO  c.U.B.config.JwtAuthenticationFilter - ✅ Authentication set for user: finance@udom.ac.tz
2026-09-23 13:38:43 [http-nio-8080-exec-10] DEBUG o.s.security.web.FilterChainProxy - Secured GET /control-plane/branding/current
2026-09-23 13:38:55 [http-nio-8080-exec-5] DEBUG o.s.security.web.FilterChainProxy - Securing GET /control-plane/branding/current
2026-09-23 13:38:55 [http-nio-8080-exec-5] INFO  c.U.B.config.JwtAuthenticationFilter - 🔑 JWT found in request: eyJhbGciOiJIUzI1NiJ9.eyJzdWIiO...
2026-09-23 13:38:55 [http-nio-8080-exec-5] INFO  c.U.B.config.JwtAuthenticationFilter - ✅ JWT validated for user: finance@udom.ac.tz
2026-09-23 13:38:55 [http-nio-8080-exec-5] INFO  c.U.B.S.CustomUserDetailsService - 🔍 Loading user by identifier: finance@udom.ac.tz
2026-09-23 13:38:55 [http-nio-8080-exec-5] INFO  c.U.B.S.CustomUserDetailsService - ✅ User found: finance@udom.ac.tz with role: FINANCE_OFFICER
2026-09-23 13:38:55 [http-nio-8080-exec-5] INFO  c.U.B.config.JwtAuthenticationFilter - ✅ Authentication set for user: finance@udom.ac.tz
2026-09-23 13:38:55 [http-nio-8080-exec-5] DEBUG o.s.security.web.FilterChainProxy - Secured GET /control-plane/branding/current
2026-09-23 13:39:02 [http-nio-8080-exec-3] DEBUG o.s.security.web.FilterChainProxy - Securing OPTIONS /auth/login
2026-09-23 13:39:02 [http-nio-8080-exec-7] DEBUG o.s.security.web.FilterChainProxy - Securing POST /auth/login
2026-09-23 13:39:02 [http-nio-8080-exec-7] DEBUG o.s.s.w.a.AnonymousAuthenticationFilter - Set SecurityContextHolder to anonymous SecurityContext
2026-09-23 13:39:02 [http-nio-8080-exec-7] DEBUG o.s.security.web.FilterChainProxy - Secured POST /auth/login
2026-09-23 13:39:02 [http-nio-8080-exec-7] INFO  c.U.B.Controller.AuthController - 🔐 Login attempt for: smaganga@udom.ac.tz
2026-09-23 13:39:02 [http-nio-8080-exec-7] INFO  c.U.B.S.CustomUserDetailsService - 🔍 Loading user by identifier: smaganga@udom.ac.tz
2026-09-23 13:39:02 [http-nio-8080-exec-7] INFO  c.U.B.S.CustomUserDetailsService - ✅ User found: smaganga@udom.ac.tz with role: STUDENT
2026-09-23 13:39:02 [http-nio-8080-exec-7] DEBUG o.s.s.a.d.DaoAuthenticationProvider - Authenticated user
2026-09-23 13:39:02 [http-nio-8080-exec-7] DEBUG c.UDSM.BACKEND.Service.AuthService -  Finding user by identifier: smaganga@udom.ac.tz
2026-09-23 13:39:02 [http-nio-8080-exec-4] DEBUG o.s.security.web.FilterChainProxy - Securing OPTIONS /auth/profile
2026-09-23 13:39:02 [http-nio-8080-exec-1] DEBUG o.s.security.web.FilterChainProxy - Securing GET /auth/profile
2026-09-23 13:39:02 [http-nio-8080-exec-1] INFO  c.U.B.config.JwtAuthenticationFilter - 🔑 JWT found in request: eyJhbGciOiJIUzI1NiJ9.eyJzdWIiO...
2026-09-23 13:39:02 [http-nio-8080-exec-1] INFO  c.U.B.config.JwtAuthenticationFilter - ✅ JWT validated for user: smaganga@udom.ac.tz
2026-09-23 13:39:02 [http-nio-8080-exec-1] INFO  c.U.B.S.CustomUserDetailsService - 🔍 Loading user by identifier: smaganga@udom.ac.tz
2026-09-23 13:39:02 [http-nio-8080-exec-8] DEBUG o.s.security.web.FilterChainProxy - Securing GET /control-plane/branding/current
2026-09-23 13:39:02 [http-nio-8080-exec-8] INFO  c.U.B.config.JwtAuthenticationFilter - 🔑 JWT found in request: eyJhbGciOiJIUzI1NiJ9.eyJzdWIiO...
2026-09-23 13:39:02 [http-nio-8080-exec-1] INFO  c.U.B.S.CustomUserDetailsService - ✅ User found: smaganga@udom.ac.tz with role: STUDENT
2026-09-23 13:39:02 [http-nio-8080-exec-8] INFO  c.U.B.config.JwtAuthenticationFilter - ✅ JWT validated for user: smaganga@udom.ac.tz
2026-09-23 13:39:02 [http-nio-8080-exec-1] INFO  c.U.B.config.JwtAuthenticationFilter - ✅ Authentication set for user: smaganga@udom.ac.tz
2026-09-23 13:39:02 [http-nio-8080-exec-1] DEBUG o.s.security.web.FilterChainProxy - Secured GET /auth/profile
2026-09-23 13:39:02 [http-nio-8080-exec-8] INFO  c.U.B.S.CustomUserDetailsService - 🔍 Loading user by identifier: smaganga@udom.ac.tz
2026-09-23 13:39:02 [http-nio-8080-exec-1] INFO  c.U.B.Controller.AuthController - 👤 Get current user profile
2026-09-23 13:39:02 [http-nio-8080-exec-1] INFO  c.UDSM.BACKEND.Service.AuthService - Getting current user: smaganga@udom.ac.tz
2026-09-23 13:39:02 [http-nio-8080-exec-1] DEBUG c.UDSM.BACKEND.Service.AuthService -  Finding user by identifier: smaganga@udom.ac.tz
2026-09-23 13:39:02 [http-nio-8080-exec-8] INFO  c.U.B.S.CustomUserDetailsService - ✅ User found: smaganga@udom.ac.tz with role: STUDENT
2026-09-23 13:39:02 [http-nio-8080-exec-8] INFO  c.U.B.config.JwtAuthenticationFilter - ✅ Authentication set for user: smaganga@udom.ac.tz
2026-09-23 13:39:02 [http-nio-8080-exec-8] DEBUG o.s.security.web.FilterChainProxy - Secured GET /control-plane/branding/current
2026-09-23 13:39:05 [Thread-100] ERROR c.UDSM.BACKEND.Service.EmailService - ❌ Failed to send email to smaganga@udom.ac.tz: Authentication failed
2026-09-23 13:39:08 [http-nio-8080-exec-2] DEBUG o.s.security.web.FilterChainProxy - Securing GET /control-plane/branding/current
2026-09-23 13:39:08 [http-nio-8080-exec-2] INFO  c.U.B.config.JwtAuthenticationFilter - 🔑 JWT found in request: eyJhbGciOiJIUzI1NiJ9.eyJzdWIiO...
2026-09-23 13:39:08 [http-nio-8080-exec-2] INFO  c.U.B.config.JwtAuthenticationFilter - ✅ JWT validated for user: smaganga@udom.ac.tz
2026-09-23 13:39:08 [http-nio-8080-exec-2] INFO  c.U.B.S.CustomUserDetailsService - 🔍 Loading user by identifier: smaganga@udom.ac.tz
2026-09-23 13:39:08 [http-nio-8080-exec-2] INFO  c.U.B.S.CustomUserDetailsService - ✅ User found: smaganga@udom.ac.tz with role: STUDENT
2026-09-23 13:39:08 [http-nio-8080-exec-2] INFO  c.U.B.config.JwtAuthenticationFilter - ✅ Authentication set for user: smaganga@udom.ac.tz
2026-09-23 13:39:08 [http-nio-8080-exec-2] DEBUG o.s.security.web.FilterChainProxy - Secured GET /control-plane/branding/current
2026-09-23 13:39:13 [http-nio-8080-exec-6] DEBUG o.s.security.web.FilterChainProxy - Securing GET /control-plane/branding/current
2026-09-23 13:39:13 [http-nio-8080-exec-6] INFO  c.U.B.config.JwtAuthenticationFilter - 🔑 JWT found in request: eyJhbGciOiJIUzI1NiJ9.eyJzdWIiO...
2026-09-23 13:39:13 [http-nio-8080-exec-6] INFO  c.U.B.config.JwtAuthenticationFilter - ✅ JWT validated for user: smaganga@udom.ac.tz
2026-09-23 13:39:13 [http-nio-8080-exec-6] INFO  c.U.B.S.CustomUserDetailsService - 🔍 Loading user by identifier: smaganga@udom.ac.tz
2026-09-23 13:39:13 [http-nio-8080-exec-10] DEBUG o.s.security.web.FilterChainProxy - Securing OPTIONS /auth/profile
2026-09-23 13:39:13 [http-nio-8080-exec-6] INFO  c.U.B.S.CustomUserDetailsService - ✅ User found: smaganga@udom.ac.tz with role: STUDENT
2026-09-23 13:39:13 [http-nio-8080-exec-6] INFO  c.U.B.config.JwtAuthenticationFilter - ✅ Authentication set for user: smaganga@udom.ac.tz
2026-09-23 13:39:13 [http-nio-8080-exec-6] DEBUG o.s.security.web.FilterChainProxy - Secured GET /control-plane/branding/current
2026-09-23 13:39:13 [http-nio-8080-exec-5] DEBUG o.s.security.web.FilterChainProxy - Securing GET /auth/profile
2026-09-23 13:39:13 [http-nio-8080-exec-5] INFO  c.U.B.config.JwtAuthenticationFilter - 🔑 JWT found in request: eyJhbGciOiJIUzI1NiJ9.eyJzdWIiO...
2026-09-23 13:39:13 [http-nio-8080-exec-5] INFO  c.U.B.config.JwtAuthenticationFilter - ✅ JWT validated for user: smaganga@udom.ac.tz
2026-09-23 13:39:13 [http-nio-8080-exec-5] INFO  c.U.B.S.CustomUserDetailsService - 🔍 Loading user by identifier: smaganga@udom.ac.tz
2026-09-23 13:39:13 [http-nio-8080-exec-5] INFO  c.U.B.S.CustomUserDetailsService - ✅ User found: smaganga@udom.ac.tz with role: STUDENT
2026-09-23 13:39:13 [http-nio-8080-exec-5] INFO  c.U.B.config.JwtAuthenticationFilter - ✅ Authentication set for user: smaganga@udom.ac.tz
2026-09-23 13:39:13 [http-nio-8080-exec-5] DEBUG o.s.security.web.FilterChainProxy - Secured GET /auth/profile
2026-09-23 13:39:13 [http-nio-8080-exec-5] INFO  c.U.B.Controller.AuthController - 👤 Get current user profile
2026-09-23 13:39:13 [http-nio-8080-exec-5] INFO  c.UDSM.BACKEND.Service.AuthService - Getting current user: smaganga@udom.ac.tz
2026-09-23 13:39:13 [http-nio-8080-exec-5] DEBUG c.UDSM.BACKEND.Service.AuthService -  Finding user by identifier: smaganga@udom.ac.tz
2026-09-23 13:39:15 [http-nio-8080-exec-9] DEBUG o.s.security.web.FilterChainProxy - Securing GET /control-plane/branding/current
2026-09-23 13:39:15 [http-nio-8080-exec-9] INFO  c.U.B.config.JwtAuthenticationFilter - 🔑 JWT found in request: eyJhbGciOiJIUzI1NiJ9.eyJzdWIiO...
2026-09-23 13:39:15 [http-nio-8080-exec-9] INFO  c.U.B.config.JwtAuthenticationFilter - ✅ JWT validated for user: smaganga@udom.ac.tz
2026-09-23 13:39:15 [http-nio-8080-exec-9] INFO  c.U.B.S.CustomUserDetailsService - 🔍 Loading user by identifier: smaganga@udom.ac.tz
2026-09-23 13:39:15 [http-nio-8080-exec-9] INFO  c.U.B.S.CustomUserDetailsService - ✅ User found: smaganga@udom.ac.tz with role: STUDENT
2026-09-23 13:39:15 [http-nio-8080-exec-9] INFO  c.U.B.config.JwtAuthenticationFilter - ✅ Authentication set for user: smaganga@udom.ac.tz
2026-09-23 13:39:15 [http-nio-8080-exec-9] DEBUG o.s.security.web.FilterChainProxy - Secured GET /control-plane/branding/current
2026-09-23 13:39:17 [http-nio-8080-exec-3] DEBUG o.s.security.web.FilterChainProxy - Securing GET /control-plane/branding/current
2026-09-23 13:39:17 [http-nio-8080-exec-3] INFO  c.U.B.config.JwtAuthenticationFilter - 🔑 JWT found in request: eyJhbGciOiJIUzI1NiJ9.eyJzdWIiO...
2026-09-23 13:39:17 [http-nio-8080-exec-3] INFO  c.U.B.config.JwtAuthenticationFilter - ✅ JWT validated for user: smaganga@udom.ac.tz
2026-09-23 13:39:17 [http-nio-8080-exec-3] INFO  c.U.B.S.CustomUserDetailsService - 🔍 Loading user by identifier: smaganga@udom.ac.tz
2026-09-23 13:39:17 [http-nio-8080-exec-3] INFO  c.U.B.S.CustomUserDetailsService - ✅ User found: smaganga@udom.ac.tz with role: STUDENT
2026-09-23 13:39:17 [http-nio-8080-exec-3] INFO  c.U.B.config.JwtAuthenticationFilter - ✅ Authentication set for user: smaganga@udom.ac.tz
2026-09-23 13:39:17 [http-nio-8080-exec-3] DEBUG o.s.security.web.FilterChainProxy - Secured GET /control-plane/branding/current
2026-09-23 13:39:18 [http-nio-8080-exec-7] DEBUG o.s.security.web.FilterChainProxy - Securing GET /control-plane/branding/current
2026-09-23 13:39:18 [http-nio-8080-exec-7] INFO  c.U.B.config.JwtAuthenticationFilter - 🔑 JWT found in request: eyJhbGciOiJIUzI1NiJ9.eyJzdWIiO...
2026-09-23 13:39:18 [http-nio-8080-exec-7] INFO  c.U.B.config.JwtAuthenticationFilter - ✅ JWT validated for user: smaganga@udom.ac.tz
2026-09-23 13:39:18 [http-nio-8080-exec-7] INFO  c.U.B.S.CustomUserDetailsService - 🔍 Loading user by identifier: smaganga@udom.ac.tz
2026-09-23 13:39:18 [http-nio-8080-exec-7] INFO  c.U.B.S.CustomUserDetailsService - ✅ User found: smaganga@udom.ac.tz with role: STUDENT
2026-09-23 13:39:18 [http-nio-8080-exec-7] INFO  c.U.B.config.JwtAuthenticationFilter - ✅ Authentication set for user: smaganga@udom.ac.tz
2026-09-23 13:39:18 [http-nio-8080-exec-7] DEBUG o.s.security.web.FilterChainProxy - Secured GET /control-plane/branding/current
2026-09-23 13:39:28 [http-nio-8080-exec-4] DEBUG o.s.security.web.FilterChainProxy - Securing GET /control-plane/branding/current
2026-09-23 13:39:28 [http-nio-8080-exec-4] INFO  c.U.B.config.JwtAuthenticationFilter - 🔑 JWT found in request: eyJhbGciOiJIUzI1NiJ9.eyJzdWIiO...
2026-09-23 13:39:28 [http-nio-8080-exec-4] INFO  c.U.B.config.JwtAuthenticationFilter - ✅ JWT validated for user: smaganga@udom.ac.tz
2026-09-23 13:39:28 [http-nio-8080-exec-4] INFO  c.U.B.S.CustomUserDetailsService - 🔍 Loading user by identifier: smaganga@udom.ac.tz
2026-09-23 13:39:28 [http-nio-8080-exec-4] INFO  c.U.B.S.CustomUserDetailsService - ✅ User found: smaganga@udom.ac.tz with role: STUDENT
2026-09-23 13:39:28 [http-nio-8080-exec-4] INFO  c.U.B.config.JwtAuthenticationFilter - ✅ Authentication set for user: smaganga@udom.ac.tz
2026-09-23 13:39:28 [http-nio-8080-exec-4] DEBUG o.s.security.web.FilterChainProxy - Secured GET /control-plane/branding/current
2026-09-23 13:39:31 [http-nio-8080-exec-1] DEBUG o.s.security.web.FilterChainProxy - Securing GET /control-plane/branding/current
2026-09-23 13:39:31 [http-nio-8080-exec-1] INFO  c.U.B.config.JwtAuthenticationFilter - 🔑 JWT found in request: eyJhbGciOiJIUzI1NiJ9.eyJzdWIiO...
2026-09-23 13:39:31 [http-nio-8080-exec-1] INFO  c.U.B.config.JwtAuthenticationFilter - ✅ JWT validated for user: smaganga@udom.ac.tz
2026-09-23 13:39:31 [http-nio-8080-exec-1] INFO  c.U.B.S.CustomUserDetailsService - 🔍 Loading user by identifier: smaganga@udom.ac.tz
2026-09-23 13:39:31 [http-nio-8080-exec-1] INFO  c.U.B.S.CustomUserDetailsService - ✅ User found: smaganga@udom.ac.tz with role: STUDENT
2026-09-23 13:39:31 [http-nio-8080-exec-1] INFO  c.U.B.config.JwtAuthenticationFilter - ✅ Authentication set for user: smaganga@udom.ac.tz
2026-09-23 13:39:31 [http-nio-8080-exec-1] DEBUG o.s.security.web.FilterChainProxy - Secured GET /control-plane/branding/current
2026-09-23 13:40:13 [http-nio-8080-exec-10] DEBUG o.s.security.web.FilterChainProxy - Securing GET /control-plane/branding/current
2026-09-23 13:40:13 [http-nio-8080-exec-10] INFO  c.U.B.config.JwtAuthenticationFilter - 🔑 JWT found in request: eyJhbGciOiJIUzI1NiJ9.eyJzdWIiO...
2026-09-23 13:40:13 [http-nio-8080-exec-10] INFO  c.U.B.config.JwtAuthenticationFilter - ✅ JWT validated for user: smaganga@udom.ac.tz
2026-09-23 13:40:13 [http-nio-8080-exec-10] INFO  c.U.B.S.CustomUserDetailsService - 🔍 Loading user by identifier: smaganga@udom.ac.tz
2026-09-23 13:40:13 [http-nio-8080-exec-10] INFO  c.U.B.S.CustomUserDetailsService - ✅ User found: smaganga@udom.ac.tz with role: STUDENT
2026-09-23 13:40:13 [http-nio-8080-exec-10] INFO  c.U.B.config.JwtAuthenticationFilter - ✅ Authentication set for user: smaganga@udom.ac.tz
2026-09-23 13:40:13 [http-nio-8080-exec-10] DEBUG o.s.security.web.FilterChainProxy - Secured GET /control-plane/branding/current
2026-09-23 13:40:17 [http-nio-8080-exec-6] DEBUG o.s.security.web.FilterChainProxy - Securing GET /control-plane/branding/current
2026-09-23 13:40:17 [http-nio-8080-exec-6] INFO  c.U.B.config.JwtAuthenticationFilter - 🔑 JWT found in request: eyJhbGciOiJIUzI1NiJ9.eyJzdWIiO...
2026-09-23 13:40:17 [http-nio-8080-exec-6] INFO  c.U.B.config.JwtAuthenticationFilter - ✅ JWT validated for user: smaganga@udom.ac.tz
2026-09-23 13:40:17 [http-nio-8080-exec-6] INFO  c.U.B.S.CustomUserDetailsService - 🔍 Loading user by identifier: smaganga@udom.ac.tz
2026-09-23 13:40:17 [http-nio-8080-exec-6] INFO  c.U.B.S.CustomUserDetailsService - ✅ User found: smaganga@udom.ac.tz with role: STUDENT
2026-09-23 13:40:17 [http-nio-8080-exec-6] INFO  c.U.B.config.JwtAuthenticationFilter - ✅ Authentication set for user: smaganga@udom.ac.tz
2026-09-23 13:40:17 [http-nio-8080-exec-6] DEBUG o.s.security.web.FilterChainProxy - Secured GET /control-plane/branding/current
2026-09-23 13:40:17 [http-nio-8080-exec-5] DEBUG o.s.security.web.FilterChainProxy - Securing GET /control-plane/branding/current
2026-09-23 13:40:17 [http-nio-8080-exec-5] INFO  c.U.B.config.JwtAuthenticationFilter - 🔑 JWT found in request: eyJhbGciOiJIUzI1NiJ9.eyJzdWIiO...
2026-09-23 13:40:17 [http-nio-8080-exec-5] INFO  c.U.B.config.JwtAuthenticationFilter - ✅ JWT validated for user: smaganga@udom.ac.tz
2026-09-23 13:40:17 [http-nio-8080-exec-5] INFO  c.U.B.S.CustomUserDetailsService - 🔍 Loading user by identifier: smaganga@udom.ac.tz
2026-09-23 13:40:17 [http-nio-8080-exec-5] INFO  c.U.B.S.CustomUserDetailsService - ✅ User found: smaganga@udom.ac.tz with role: STUDENT
2026-09-23 13:40:17 [http-nio-8080-exec-5] INFO  c.U.B.config.JwtAuthenticationFilter - ✅ Authentication set for user: smaganga@udom.ac.tz
2026-09-23 13:40:17 [http-nio-8080-exec-5] DEBUG o.s.security.web.FilterChainProxy - Secured GET /control-plane/branding/current
2026-09-23 13:42:01 [http-nio-8080-exec-3] DEBUG o.s.security.web.FilterChainProxy - Securing GET /control-plane/branding/current
2026-09-23 13:42:01 [http-nio-8080-exec-3] INFO  c.U.B.config.JwtAuthenticationFilter - 🔑 JWT found in request: eyJhbGciOiJIUzI1NiJ9.eyJzdWIiO...
2026-09-23 13:42:01 [http-nio-8080-exec-3] INFO  c.U.B.config.JwtAuthenticationFilter - ✅ JWT validated for user: smaganga@udom.ac.tz
2026-09-23 13:42:01 [http-nio-8080-exec-3] INFO  c.U.B.S.CustomUserDetailsService - 🔍 Loading user by identifier: smaganga@udom.ac.tz
2026-09-23 13:42:01 [http-nio-8080-exec-3] INFO  c.U.B.S.CustomUserDetailsService - ✅ User found: smaganga@udom.ac.tz with role: STUDENT
2026-09-23 13:42:01 [http-nio-8080-exec-3] INFO  c.U.B.config.JwtAuthenticationFilter - ✅ Authentication set for user: smaganga@udom.ac.tz
2026-09-23 13:42:01 [http-nio-8080-exec-3] DEBUG o.s.security.web.FilterChainProxy - Secured GET /control-plane/branding/current
2026-09-23 13:42:01 [http-nio-8080-exec-7] DEBUG o.s.security.web.FilterChainProxy - Securing GET /control-plane/branding/current
2026-09-23 13:42:01 [http-nio-8080-exec-7] INFO  c.U.B.config.JwtAuthenticationFilter - 🔑 JWT found in request: eyJhbGciOiJIUzI1NiJ9.eyJzdWIiO...
2026-09-23 13:42:01 [http-nio-8080-exec-7] INFO  c.U.B.config.JwtAuthenticationFilter - ✅ JWT validated for user: smaganga@udom.ac.tz
2026-09-23 13:42:01 [http-nio-8080-exec-7] INFO  c.U.B.S.CustomUserDetailsService - 🔍 Loading user by identifier: smaganga@udom.ac.tz
2026-09-23 13:42:01 [http-nio-8080-exec-7] INFO  c.U.B.S.CustomUserDetailsService - ✅ User found: smaganga@udom.ac.tz with role: STUDENT
2026-09-23 13:42:01 [http-nio-8080-exec-7] INFO  c.U.B.config.JwtAuthenticationFilter - ✅ Authentication set for user: smaganga@udom.ac.tz
2026-09-23 13:42:01 [http-nio-8080-exec-7] DEBUG o.s.security.web.FilterChainProxy - Secured GET /control-plane/branding/current
2026-09-23 13:43:36 [http-nio-8080-exec-1] DEBUG o.s.security.web.FilterChainProxy - Securing GET /control-plane/branding/current
2026-09-23 13:43:36 [http-nio-8080-exec-1] INFO  c.U.B.config.JwtAuthenticationFilter - 🔑 JWT found in request: eyJhbGciOiJIUzI1NiJ9.eyJzdWIiO...
2026-09-23 13:43:36 [http-nio-8080-exec-1] INFO  c.U.B.config.JwtAuthenticationFilter - ✅ JWT validated for user: smaganga@udom.ac.tz
2026-09-23 13:43:36 [http-nio-8080-exec-1] INFO  c.U.B.S.CustomUserDetailsService - 🔍 Loading user by identifier: smaganga@udom.ac.tz
2026-09-23 13:43:36 [http-nio-8080-exec-1] INFO  c.U.B.S.CustomUserDetailsService - ✅ User found: smaganga@udom.ac.tz with role: STUDENT
2026-09-23 13:43:36 [http-nio-8080-exec-1] INFO  c.U.B.config.JwtAuthenticationFilter - ✅ Authentication set for user: smaganga@udom.ac.tz
2026-09-23 13:43:36 [http-nio-8080-exec-1] DEBUG o.s.security.web.FilterChainProxy - Secured GET /control-plane/branding/current
2026-09-23 13:43:39 [http-nio-8080-exec-8] DEBUG o.s.security.web.FilterChainProxy - Securing GET /control-plane/branding/current
2026-09-23 13:43:39 [http-nio-8080-exec-8] INFO  c.U.B.config.JwtAuthenticationFilter - 🔑 JWT found in request: eyJhbGciOiJIUzI1NiJ9.eyJzdWIiO...
2026-09-23 13:43:39 [http-nio-8080-exec-8] INFO  c.U.B.config.JwtAuthenticationFilter - ✅ JWT validated for user: smaganga@udom.ac.tz
2026-09-23 13:43:39 [http-nio-8080-exec-8] INFO  c.U.B.S.CustomUserDetailsService - 🔍 Loading user by identifier: smaganga@udom.ac.tz
2026-09-23 13:43:39 [http-nio-8080-exec-8] INFO  c.U.B.S.CustomUserDetailsService - ✅ User found: smaganga@udom.ac.tz with role: STUDENT
2026-09-23 13:43:39 [http-nio-8080-exec-8] INFO  c.U.B.config.JwtAuthenticationFilter - ✅ Authentication set for user: smaganga@udom.ac.tz
2026-09-23 13:43:39 [http-nio-8080-exec-8] DEBUG o.s.security.web.FilterChainProxy - Secured GET /control-plane/branding/current
2026-09-23 13:43:41 [http-nio-8080-exec-2] DEBUG o.s.security.web.FilterChainProxy - Securing GET /control-plane/branding/current
2026-09-23 13:43:41 [http-nio-8080-exec-2] INFO  c.U.B.config.JwtAuthenticationFilter - 🔑 JWT found in request: eyJhbGciOiJIUzI1NiJ9.eyJzdWIiO...
2026-09-23 13:43:41 [http-nio-8080-exec-2] INFO  c.U.B.config.JwtAuthenticationFilter - ✅ JWT validated for user: smaganga@udom.ac.tz
2026-09-23 13:43:41 [http-nio-8080-exec-2] INFO  c.U.B.S.CustomUserDetailsService - 🔍 Loading user by identifier: smaganga@udom.ac.tz
2026-09-23 13:43:41 [http-nio-8080-exec-2] INFO  c.U.B.S.CustomUserDetailsService - ✅ User found: smaganga@udom.ac.tz with role: STUDENT
2026-09-23 13:43:41 [http-nio-8080-exec-2] INFO  c.U.B.config.JwtAuthenticationFilter - ✅ Authentication set for user: smaganga@udom.ac.tz
2026-09-23 13:43:41 [http-nio-8080-exec-2] DEBUG o.s.security.web.FilterChainProxy - Secured GET /control-plane/branding/current
2026-09-23 13:43:42 [http-nio-8080-exec-10] DEBUG o.s.security.web.FilterChainProxy - Securing GET /control-plane/branding/current
2026-09-23 13:43:42 [http-nio-8080-exec-10] INFO  c.U.B.config.JwtAuthenticationFilter - 🔑 JWT found in request: eyJhbGciOiJIUzI1NiJ9.eyJzdWIiO...
2026-09-23 13:43:42 [http-nio-8080-exec-10] INFO  c.U.B.config.JwtAuthenticationFilter - ✅ JWT validated for user: smaganga@udom.ac.tz
2026-09-23 13:43:42 [http-nio-8080-exec-10] INFO  c.U.B.S.CustomUserDetailsService - 🔍 Loading user by identifier: smaganga@udom.ac.tz
2026-09-23 13:43:42 [http-nio-8080-exec-10] INFO  c.U.B.S.CustomUserDetailsService - ✅ User found: smaganga@udom.ac.tz with role: STUDENT
2026-09-23 13:43:42 [http-nio-8080-exec-10] INFO  c.U.B.config.JwtAuthenticationFilter - ✅ Authentication set for user: smaganga@udom.ac.tz
2026-09-23 13:43:42 [http-nio-8080-exec-10] DEBUG o.s.security.web.FilterChainProxy - Secured GET /control-plane/branding/current
2026-09-23 13:43:46 [http-nio-8080-exec-6] DEBUG o.s.security.web.FilterChainProxy - Securing GET /control-plane/branding/current
2026-09-23 13:43:46 [http-nio-8080-exec-6] INFO  c.U.B.config.JwtAuthenticationFilter - 🔑 JWT found in request: eyJhbGciOiJIUzI1NiJ9.eyJzdWIiO...
2026-09-23 13:43:46 [http-nio-8080-exec-6] INFO  c.U.B.config.JwtAuthenticationFilter - ✅ JWT validated for user: smaganga@udom.ac.tz
2026-09-23 13:43:46 [http-nio-8080-exec-6] INFO  c.U.B.S.CustomUserDetailsService - 🔍 Loading user by identifier: smaganga@udom.ac.tz
2026-09-23 13:43:46 [http-nio-8080-exec-6] INFO  c.U.B.S.CustomUserDetailsService - ✅ User found: smaganga@udom.ac.tz with role: STUDENT
2026-09-23 13:43:46 [http-nio-8080-exec-6] INFO  c.U.B.config.JwtAuthenticationFilter - ✅ Authentication set for user: smaganga@udom.ac.tz
2026-09-23 13:43:46 [http-nio-8080-exec-6] DEBUG o.s.security.web.FilterChainProxy - Secured GET /control-plane/branding/current
2026-09-23 13:43:48 [http-nio-8080-exec-5] DEBUG o.s.security.web.FilterChainProxy - Securing OPTIONS /auth/profile
2026-09-23 13:43:48 [http-nio-8080-exec-9] DEBUG o.s.security.web.FilterChainProxy - Securing GET /auth/profile
2026-09-23 13:43:48 [http-nio-8080-exec-3] DEBUG o.s.security.web.FilterChainProxy - Securing GET /control-plane/branding/current
2026-09-23 13:43:48 [http-nio-8080-exec-3] INFO  c.U.B.config.JwtAuthenticationFilter - 🔑 JWT found in request: eyJhbGciOiJIUzI1NiJ9.eyJzdWIiO...
2026-09-23 13:43:48 [http-nio-8080-exec-9] INFO  c.U.B.config.JwtAuthenticationFilter - 🔑 JWT found in request: eyJhbGciOiJIUzI1NiJ9.eyJzdWIiO...
2026-09-23 13:43:48 [http-nio-8080-exec-3] INFO  c.U.B.config.JwtAuthenticationFilter - ✅ JWT validated for user: smaganga@udom.ac.tz
2026-09-23 13:43:48 [http-nio-8080-exec-3] INFO  c.U.B.S.CustomUserDetailsService - 🔍 Loading user by identifier: smaganga@udom.ac.tz
2026-09-23 13:43:48 [http-nio-8080-exec-9] INFO  c.U.B.config.JwtAuthenticationFilter - ✅ JWT validated for user: smaganga@udom.ac.tz
2026-09-23 13:43:48 [http-nio-8080-exec-9] INFO  c.U.B.S.CustomUserDetailsService - 🔍 Loading user by identifier: smaganga@udom.ac.tz
2026-09-23 13:43:48 [http-nio-8080-exec-3] INFO  c.U.B.S.CustomUserDetailsService - ✅ User found: smaganga@udom.ac.tz with role: STUDENT
2026-09-23 13:43:48 [http-nio-8080-exec-3] INFO  c.U.B.config.JwtAuthenticationFilter - ✅ Authentication set for user: smaganga@udom.ac.tz
2026-09-23 13:43:48 [http-nio-8080-exec-3] DEBUG o.s.security.web.FilterChainProxy - Secured GET /control-plane/branding/current
2026-09-23 13:43:48 [http-nio-8080-exec-9] INFO  c.U.B.S.CustomUserDetailsService - ✅ User found: smaganga@udom.ac.tz with role: STUDENT
2026-09-23 13:43:48 [http-nio-8080-exec-9] INFO  c.U.B.config.JwtAuthenticationFilter - ✅ Authentication set for user: smaganga@udom.ac.tz
2026-09-23 13:43:48 [http-nio-8080-exec-9] DEBUG o.s.security.web.FilterChainProxy - Secured GET /auth/profile
2026-09-23 13:43:48 [http-nio-8080-exec-9] INFO  c.U.B.Controller.AuthController - 👤 Get current user profile
2026-09-23 13:43:48 [http-nio-8080-exec-9] INFO  c.UDSM.BACKEND.Service.AuthService - Getting current user: smaganga@udom.ac.tz
2026-09-23 13:43:48 [http-nio-8080-exec-9] DEBUG c.UDSM.BACKEND.Service.AuthService -  Finding user by identifier: smaganga@udom.ac.tz
2026-09-23 13:43:51 [http-nio-8080-exec-7] DEBUG o.s.security.web.FilterChainProxy - Securing GET /control-plane/branding/current
2026-09-23 13:43:51 [http-nio-8080-exec-7] INFO  c.U.B.config.JwtAuthenticationFilter - 🔑 JWT found in request: eyJhbGciOiJIUzI1NiJ9.eyJzdWIiO...
2026-09-23 13:43:51 [http-nio-8080-exec-7] INFO  c.U.B.config.JwtAuthenticationFilter - ✅ JWT validated for user: smaganga@udom.ac.tz
2026-09-23 13:43:51 [http-nio-8080-exec-7] INFO  c.U.B.S.CustomUserDetailsService - 🔍 Loading user by identifier: smaganga@udom.ac.tz
2026-09-23 13:43:51 [http-nio-8080-exec-7] INFO  c.U.B.S.CustomUserDetailsService - ✅ User found: smaganga@udom.ac.tz with role: STUDENT
2026-09-23 13:43:51 [http-nio-8080-exec-7] INFO  c.U.B.config.JwtAuthenticationFilter - ✅ Authentication set for user: smaganga@udom.ac.tz
2026-09-23 13:43:51 [http-nio-8080-exec-7] DEBUG o.s.security.web.FilterChainProxy - Secured GET /control-plane/branding/current
2026-09-23 13:43:53 [http-nio-8080-exec-4] DEBUG o.s.security.web.FilterChainProxy - Securing GET /control-plane/branding/current
2026-09-23 13:43:53 [http-nio-8080-exec-4] INFO  c.U.B.config.JwtAuthenticationFilter - 🔑 JWT found in request: eyJhbGciOiJIUzI1NiJ9.eyJzdWIiO...
2026-09-23 13:43:53 [http-nio-8080-exec-4] INFO  c.U.B.config.JwtAuthenticationFilter - ✅ JWT validated for user: smaganga@udom.ac.tz
2026-09-23 13:43:53 [http-nio-8080-exec-4] INFO  c.U.B.S.CustomUserDetailsService - 🔍 Loading user by identifier: smaganga@udom.ac.tz
2026-09-23 13:43:53 [http-nio-8080-exec-4] INFO  c.U.B.S.CustomUserDetailsService - ✅ User found: smaganga@udom.ac.tz with role: STUDENT
2026-09-23 13:43:53 [http-nio-8080-exec-4] INFO  c.U.B.config.JwtAuthenticationFilter - ✅ Authentication set for user: smaganga@udom.ac.tz
2026-09-23 13:43:53 [http-nio-8080-exec-4] DEBUG o.s.security.web.FilterChainProxy - Secured GET /control-plane/branding/current
2026-09-23 13:43:56 [http-nio-8080-exec-1] DEBUG o.s.security.web.FilterChainProxy - Securing GET /control-plane/branding/current
2026-09-23 13:43:56 [http-nio-8080-exec-1] INFO  c.U.B.config.JwtAuthenticationFilter - 🔑 JWT found in request: eyJhbGciOiJIUzI1NiJ9.eyJzdWIiO...
2026-09-23 13:43:56 [http-nio-8080-exec-1] INFO  c.U.B.config.JwtAuthenticationFilter - ✅ JWT validated for user: smaganga@udom.ac.tz
2026-09-23 13:43:56 [http-nio-8080-exec-1] INFO  c.U.B.S.CustomUserDetailsService - 🔍 Loading user by identifier: smaganga@udom.ac.tz
2026-09-23 13:43:56 [http-nio-8080-exec-1] INFO  c.U.B.S.CustomUserDetailsService - ✅ User found: smaganga@udom.ac.tz with role: STUDENT
2026-09-23 13:43:56 [http-nio-8080-exec-1] INFO  c.U.B.config.JwtAuthenticationFilter - ✅ Authentication set for user: smaganga@udom.ac.tz
2026-09-23 13:43:56 [http-nio-8080-exec-1] DEBUG o.s.security.web.FilterChainProxy - Secured GET /control-plane/branding/current
2026-09-23 13:43:59 [http-nio-8080-exec-8] DEBUG o.s.security.web.FilterChainProxy - Securing GET /control-plane/branding/current
2026-09-23 13:43:59 [http-nio-8080-exec-8] INFO  c.U.B.config.JwtAuthenticationFilter - 🔑 JWT found in request: eyJhbGciOiJIUzI1NiJ9.eyJzdWIiO...
2026-09-23 13:43:59 [http-nio-8080-exec-8] INFO  c.U.B.config.JwtAuthenticationFilter - ✅ JWT validated for user: smaganga@udom.ac.tz
2026-09-23 13:43:59 [http-nio-8080-exec-8] INFO  c.U.B.S.CustomUserDetailsService - 🔍 Loading user by identifier: smaganga@udom.ac.tz
2026-09-23 13:43:59 [http-nio-8080-exec-8] INFO  c.U.B.S.CustomUserDetailsService - ✅ User found: smaganga@udom.ac.tz with role: STUDENT
2026-09-23 13:43:59 [http-nio-8080-exec-8] INFO  c.U.B.config.JwtAuthenticationFilter - ✅ Authentication set for user: smaganga@udom.ac.tz
2026-09-23 13:43:59 [http-nio-8080-exec-8] DEBUG o.s.security.web.FilterChainProxy - Secured GET /control-plane/branding/current
2026-09-23 13:44:01 [http-nio-8080-exec-2] DEBUG o.s.security.web.FilterChainProxy - Securing GET /control-plane/branding/current
2026-09-23 13:44:01 [http-nio-8080-exec-2] INFO  c.U.B.config.JwtAuthenticationFilter - 🔑 JWT found in request: eyJhbGciOiJIUzI1NiJ9.eyJzdWIiO...
2026-09-23 13:44:01 [http-nio-8080-exec-2] INFO  c.U.B.config.JwtAuthenticationFilter - ✅ JWT validated for user: smaganga@udom.ac.tz
2026-09-23 13:44:01 [http-nio-8080-exec-2] INFO  c.U.B.S.CustomUserDetailsService - 🔍 Loading user by identifier: smaganga@udom.ac.tz
2026-09-23 13:44:01 [http-nio-8080-exec-2] INFO  c.U.B.S.CustomUserDetailsService - ✅ User found: smaganga@udom.ac.tz with role: STUDENT
2026-09-23 13:44:01 [http-nio-8080-exec-2] INFO  c.U.B.config.JwtAuthenticationFilter - ✅ Authentication set for user: smaganga@udom.ac.tz
2026-09-23 13:44:01 [http-nio-8080-exec-2] DEBUG o.s.security.web.FilterChainProxy - Secured GET /control-plane/branding/current
2026-09-23 13:44:25 [http-nio-8080-exec-5] DEBUG o.s.security.web.FilterChainProxy - Securing GET /control-plane/branding/current
2026-09-23 13:44:25 [http-nio-8080-exec-5] INFO  c.U.B.config.JwtAuthenticationFilter - 🔑 JWT found in request: eyJhbGciOiJIUzI1NiJ9.eyJzdWIiO...
2026-09-23 13:44:25 [http-nio-8080-exec-5] INFO  c.U.B.config.JwtAuthenticationFilter - ✅ JWT validated for user: smaganga@udom.ac.tz
2026-09-23 13:44:25 [http-nio-8080-exec-5] INFO  c.U.B.S.CustomUserDetailsService - 🔍 Loading user by identifier: smaganga@udom.ac.tz
2026-09-23 13:44:25 [http-nio-8080-exec-5] INFO  c.U.B.S.CustomUserDetailsService - ✅ User found: smaganga@udom.ac.tz with role: STUDENT
2026-09-23 13:44:25 [http-nio-8080-exec-5] INFO  c.U.B.config.JwtAuthenticationFilter - ✅ Authentication set for user: smaganga@udom.ac.tz
2026-09-23 13:44:25 [http-nio-8080-exec-5] DEBUG o.s.security.web.FilterChainProxy - Secured GET /control-plane/branding/current
2026-09-23 13:44:29 [http-nio-8080-exec-3] DEBUG o.s.security.web.FilterChainProxy - Securing GET /control-plane/branding/current
2026-09-23 13:44:29 [http-nio-8080-exec-3] INFO  c.U.B.config.JwtAuthenticationFilter - 🔑 JWT found in request: eyJhbGciOiJIUzI1NiJ9.eyJzdWIiO...
2026-09-23 13:44:29 [http-nio-8080-exec-3] INFO  c.U.B.config.JwtAuthenticationFilter - ✅ JWT validated for user: smaganga@udom.ac.tz
2026-09-23 13:44:29 [http-nio-8080-exec-3] INFO  c.U.B.S.CustomUserDetailsService - 🔍 Loading user by identifier: smaganga@udom.ac.tz
2026-09-23 13:44:29 [http-nio-8080-exec-3] INFO  c.U.B.S.CustomUserDetailsService - ✅ User found: smaganga@udom.ac.tz with role: STUDENT
2026-09-23 13:44:29 [http-nio-8080-exec-3] INFO  c.U.B.config.JwtAuthenticationFilter - ✅ Authentication set for user: smaganga@udom.ac.tz
2026-09-23 13:44:29 [http-nio-8080-exec-3] DEBUG o.s.security.web.FilterChainProxy - Secured GET /control-plane/branding/current
2026-09-23 13:44:41 [http-nio-8080-exec-9] DEBUG o.s.security.web.FilterChainProxy - Securing OPTIONS /auth/profile
2026-09-23 13:44:41 [http-nio-8080-exec-7] DEBUG o.s.security.web.FilterChainProxy - Securing GET /auth/profile
2026-09-23 13:44:41 [http-nio-8080-exec-7] INFO  c.U.B.config.JwtAuthenticationFilter - 🔑 JWT found in request: eyJhbGciOiJIUzI1NiJ9.eyJzdWIiO...
2026-09-23 13:44:41 [http-nio-8080-exec-7] INFO  c.U.B.config.JwtAuthenticationFilter - ✅ JWT validated for user: smaganga@udom.ac.tz
2026-09-23 13:44:41 [http-nio-8080-exec-7] INFO  c.U.B.S.CustomUserDetailsService - 🔍 Loading user by identifier: smaganga@udom.ac.tz
2026-09-23 13:44:41 [http-nio-8080-exec-4] DEBUG o.s.security.web.FilterChainProxy - Securing GET /control-plane/branding/current
2026-09-23 13:44:41 [http-nio-8080-exec-4] INFO  c.U.B.config.JwtAuthenticationFilter - 🔑 JWT found in request: eyJhbGciOiJIUzI1NiJ9.eyJzdWIiO...
2026-09-23 13:44:41 [http-nio-8080-exec-4] INFO  c.U.B.config.JwtAuthenticationFilter - ✅ JWT validated for user: smaganga@udom.ac.tz
2026-09-23 13:44:41 [http-nio-8080-exec-4] INFO  c.U.B.S.CustomUserDetailsService - 🔍 Loading user by identifier: smaganga@udom.ac.tz
2026-09-23 13:44:41 [http-nio-8080-exec-7] INFO  c.U.B.S.CustomUserDetailsService - ✅ User found: smaganga@udom.ac.tz with role: STUDENT
2026-09-23 13:44:41 [http-nio-8080-exec-7] INFO  c.U.B.config.JwtAuthenticationFilter - ✅ Authentication set for user: smaganga@udom.ac.tz
2026-09-23 13:44:41 [http-nio-8080-exec-7] DEBUG o.s.security.web.FilterChainProxy - Secured GET /auth/profile
2026-09-23 13:44:41 [http-nio-8080-exec-7] INFO  c.U.B.Controller.AuthController - 👤 Get current user profile
2026-09-23 13:44:41 [http-nio-8080-exec-7] INFO  c.UDSM.BACKEND.Service.AuthService - Getting current user: smaganga@udom.ac.tz
2026-09-23 13:44:41 [http-nio-8080-exec-7] DEBUG c.UDSM.BACKEND.Service.AuthService -  Finding user by identifier: smaganga@udom.ac.tz
2026-09-23 13:44:41 [http-nio-8080-exec-4] INFO  c.U.B.S.CustomUserDetailsService - ✅ User found: smaganga@udom.ac.tz with role: STUDENT
2026-09-23 13:44:41 [http-nio-8080-exec-4] INFO  c.U.B.config.JwtAuthenticationFilter - ✅ Authentication set for user: smaganga@udom.ac.tz
2026-09-23 13:44:41 [http-nio-8080-exec-4] DEBUG o.s.security.web.FilterChainProxy - Secured GET /control-plane/branding/current
2026-09-23 13:44:45 [http-nio-8080-exec-1] DEBUG o.s.security.web.FilterChainProxy - Securing GET /auth/profile
2026-09-23 13:44:45 [http-nio-8080-exec-1] INFO  c.U.B.config.JwtAuthenticationFilter - 🔑 JWT found in request: eyJhbGciOiJIUzI1NiJ9.eyJzdWIiO...
2026-09-23 13:44:45 [http-nio-8080-exec-1] INFO  c.U.B.config.JwtAuthenticationFilter - ✅ JWT validated for user: smaganga@udom.ac.tz
2026-09-23 13:44:45 [http-nio-8080-exec-1] INFO  c.U.B.S.CustomUserDetailsService - 🔍 Loading user by identifier: smaganga@udom.ac.tz
2026-09-23 13:44:45 [http-nio-8080-exec-1] INFO  c.U.B.S.CustomUserDetailsService - ✅ User found: smaganga@udom.ac.tz with role: STUDENT
2026-09-23 13:44:45 [http-nio-8080-exec-1] INFO  c.U.B.config.JwtAuthenticationFilter - ✅ Authentication set for user: smaganga@udom.ac.tz
2026-09-23 13:44:45 [http-nio-8080-exec-1] DEBUG o.s.security.web.FilterChainProxy - Secured GET /auth/profile
2026-09-23 13:44:45 [http-nio-8080-exec-1] INFO  c.U.B.Controller.AuthController - 👤 Get current user profile
2026-09-23 13:44:45 [http-nio-8080-exec-1] INFO  c.UDSM.BACKEND.Service.AuthService - Getting current user: smaganga@udom.ac.tz
2026-09-23 13:44:45 [http-nio-8080-exec-1] DEBUG c.UDSM.BACKEND.Service.AuthService -  Finding user by identifier: smaganga@udom.ac.tz
2026-09-23 13:44:45 [http-nio-8080-exec-8] DEBUG o.s.security.web.FilterChainProxy - Securing GET /control-plane/branding/current
2026-09-23 13:44:45 [http-nio-8080-exec-8] INFO  c.U.B.config.JwtAuthenticationFilter - 🔑 JWT found in request: eyJhbGciOiJIUzI1NiJ9.eyJzdWIiO...
2026-09-23 13:44:45 [http-nio-8080-exec-8] INFO  c.U.B.config.JwtAuthenticationFilter - ✅ JWT validated for user: smaganga@udom.ac.tz
2026-09-23 13:44:45 [http-nio-8080-exec-8] INFO  c.U.B.S.CustomUserDetailsService - 🔍 Loading user by identifier: smaganga@udom.ac.tz
2026-09-23 13:44:45 [http-nio-8080-exec-8] INFO  c.U.B.S.CustomUserDetailsService - ✅ User found: smaganga@udom.ac.tz with role: STUDENT
2026-09-23 13:44:45 [http-nio-8080-exec-8] INFO  c.U.B.config.JwtAuthenticationFilter - ✅ Authentication set for user: smaganga@udom.ac.tz
2026-09-23 13:44:45 [http-nio-8080-exec-8] DEBUG o.s.security.web.FilterChainProxy - Secured GET /control-plane/branding/current
2026-09-23 13:44:55 [http-nio-8080-exec-2] DEBUG o.s.security.web.FilterChainProxy - Securing OPTIONS /auth/login
2026-09-23 13:44:55 [http-nio-8080-exec-10] DEBUG o.s.security.web.FilterChainProxy - Securing POST /auth/login
2026-09-23 13:44:55 [http-nio-8080-exec-10] DEBUG o.s.s.w.a.AnonymousAuthenticationFilter - Set SecurityContextHolder to anonymous SecurityContext
2026-09-23 13:44:55 [http-nio-8080-exec-10] DEBUG o.s.security.web.FilterChainProxy - Secured POST /auth/login
2026-09-23 13:44:55 [http-nio-8080-exec-10] INFO  c.U.B.Controller.AuthController - 🔐 Login attempt for: FINANCE@udom.ac.tz
2026-09-23 13:44:55 [http-nio-8080-exec-10] INFO  c.U.B.S.CustomUserDetailsService - 🔍 Loading user by identifier: FINANCE@udom.ac.tz
2026-09-23 13:44:55 [http-nio-8080-exec-10] INFO  c.U.B.S.CustomUserDetailsService - ✅ User found: finance@udom.ac.tz with role: FINANCE_OFFICER
2026-09-23 13:44:55 [http-nio-8080-exec-10] DEBUG o.s.s.a.d.DaoAuthenticationProvider - Authenticated user
2026-09-23 13:44:55 [http-nio-8080-exec-10] DEBUG c.UDSM.BACKEND.Service.AuthService -  Finding user by identifier: FINANCE@udom.ac.tz
2026-09-23 13:44:55 [http-nio-8080-exec-6] DEBUG o.s.security.web.FilterChainProxy - Securing GET /control-plane/branding/current
2026-09-23 13:44:55 [http-nio-8080-exec-6] INFO  c.U.B.config.JwtAuthenticationFilter - 🔑 JWT found in request: eyJhbGciOiJIUzI1NiJ9.eyJzdWIiO...
2026-09-23 13:44:55 [http-nio-8080-exec-6] INFO  c.U.B.config.JwtAuthenticationFilter - ✅ JWT validated for user: finance@udom.ac.tz
2026-09-23 13:44:55 [http-nio-8080-exec-6] INFO  c.U.B.S.CustomUserDetailsService - 🔍 Loading user by identifier: finance@udom.ac.tz
2026-09-23 13:44:55 [http-nio-8080-exec-6] INFO  c.U.B.S.CustomUserDetailsService - ✅ User found: finance@udom.ac.tz with role: FINANCE_OFFICER
2026-09-23 13:44:55 [http-nio-8080-exec-6] INFO  c.U.B.config.JwtAuthenticationFilter - ✅ Authentication set for user: finance@udom.ac.tz
2026-09-23 13:44:55 [http-nio-8080-exec-6] DEBUG o.s.security.web.FilterChainProxy - Secured GET /control-plane/branding/current
2026-09-23 13:44:58 [Thread-101] ERROR c.UDSM.BACKEND.Service.EmailService - ❌ Failed to send email to finance@udom.ac.tz: Authentication failed
2026-09-23 13:44:59 [http-nio-8080-exec-5] DEBUG o.s.security.web.FilterChainProxy - Securing GET /control-plane/branding/current
2026-09-23 13:44:59 [http-nio-8080-exec-5] INFO  c.U.B.config.JwtAuthenticationFilter - 🔑 JWT found in request: eyJhbGciOiJIUzI1NiJ9.eyJzdWIiO...
2026-09-23 13:44:59 [http-nio-8080-exec-5] INFO  c.U.B.config.JwtAuthenticationFilter - ✅ JWT validated for user: finance@udom.ac.tz
2026-09-23 13:44:59 [http-nio-8080-exec-5] INFO  c.U.B.S.CustomUserDetailsService - 🔍 Loading user by identifier: finance@udom.ac.tz
2026-09-23 13:44:59 [http-nio-8080-exec-5] INFO  c.U.B.S.CustomUserDetailsService - ✅ User found: finance@udom.ac.tz with role: FINANCE_OFFICER
2026-09-23 13:44:59 [http-nio-8080-exec-5] INFO  c.U.B.config.JwtAuthenticationFilter - ✅ Authentication set for user: finance@udom.ac.tz
2026-09-23 13:44:59 [http-nio-8080-exec-5] DEBUG o.s.security.web.FilterChainProxy - Secured GET /control-plane/branding/current
2026-09-23 13:46:04 [http-nio-8080-exec-4] DEBUG o.s.security.web.FilterChainProxy - Securing GET /control-plane/branding/current
2026-09-23 13:46:04 [http-nio-8080-exec-4] INFO  c.U.B.config.JwtAuthenticationFilter - 🔑 JWT found in request: eyJhbGciOiJIUzI1NiJ9.eyJzdWIiO...
2026-09-23 13:46:04 [http-nio-8080-exec-4] INFO  c.U.B.config.JwtAuthenticationFilter - ✅ JWT validated for user: finance@udom.ac.tz
2026-09-23 13:46:04 [http-nio-8080-exec-4] INFO  c.U.B.S.CustomUserDetailsService - 🔍 Loading user by identifier: finance@udom.ac.tz
2026-09-23 13:46:04 [http-nio-8080-exec-4] INFO  c.U.B.S.CustomUserDetailsService - ✅ User found: finance@udom.ac.tz with role: FINANCE_OFFICER
2026-09-23 13:46:04 [http-nio-8080-exec-4] INFO  c.U.B.config.JwtAuthenticationFilter - ✅ Authentication set for user: finance@udom.ac.tz
2026-09-23 13:46:04 [http-nio-8080-exec-4] DEBUG o.s.security.web.FilterChainProxy - Secured GET /control-plane/branding/current
2026-09-23 13:46:14 [http-nio-8080-exec-7] DEBUG o.s.security.web.FilterChainProxy - Securing OPTIONS /auth/login
2026-09-23 13:46:14 [http-nio-8080-exec-1] DEBUG o.s.security.web.FilterChainProxy - Securing POST /auth/login
2026-09-23 13:46:14 [http-nio-8080-exec-1] DEBUG o.s.s.w.a.AnonymousAuthenticationFilter - Set SecurityContextHolder to anonymous SecurityContext
2026-09-23 13:46:14 [http-nio-8080-exec-1] DEBUG o.s.security.web.FilterChainProxy - Secured POST /auth/login
2026-09-23 13:46:14 [http-nio-8080-exec-1] INFO  c.U.B.Controller.AuthController - 🔐 Login attempt for: smaganga@udom.ac.tz
2026-09-23 13:46:14 [http-nio-8080-exec-1] INFO  c.U.B.S.CustomUserDetailsService - 🔍 Loading user by identifier: smaganga@udom.ac.tz
2026-09-23 13:46:14 [http-nio-8080-exec-1] INFO  c.U.B.S.CustomUserDetailsService - ✅ User found: smaganga@udom.ac.tz with role: STUDENT
2026-09-23 13:46:15 [http-nio-8080-exec-1] DEBUG o.s.s.a.d.DaoAuthenticationProvider - Authenticated user
2026-09-23 13:46:15 [http-nio-8080-exec-1] DEBUG c.UDSM.BACKEND.Service.AuthService -  Finding user by identifier: smaganga@udom.ac.tz
2026-09-23 13:46:15 [http-nio-8080-exec-8] DEBUG o.s.security.web.FilterChainProxy - Securing OPTIONS /auth/profile
2026-09-23 13:46:15 [http-nio-8080-exec-2] DEBUG o.s.security.web.FilterChainProxy - Securing GET /auth/profile
2026-09-23 13:46:15 [http-nio-8080-exec-2] INFO  c.U.B.config.JwtAuthenticationFilter - 🔑 JWT found in request: eyJhbGciOiJIUzI1NiJ9.eyJzdWIiO...
2026-09-23 13:46:15 [http-nio-8080-exec-2] INFO  c.U.B.config.JwtAuthenticationFilter - ✅ JWT validated for user: smaganga@udom.ac.tz
2026-09-23 13:46:15 [http-nio-8080-exec-2] INFO  c.U.B.S.CustomUserDetailsService - 🔍 Loading user by identifier: smaganga@udom.ac.tz
2026-09-23 13:46:15 [http-nio-8080-exec-10] DEBUG o.s.security.web.FilterChainProxy - Securing GET /control-plane/branding/current
2026-09-23 13:46:15 [http-nio-8080-exec-10] INFO  c.U.B.config.JwtAuthenticationFilter - 🔑 JWT found in request: eyJhbGciOiJIUzI1NiJ9.eyJzdWIiO...
2026-09-23 13:46:15 [http-nio-8080-exec-10] INFO  c.U.B.config.JwtAuthenticationFilter - ✅ JWT validated for user: smaganga@udom.ac.tz
2026-09-23 13:46:15 [http-nio-8080-exec-2] INFO  c.U.B.S.CustomUserDetailsService - ✅ User found: smaganga@udom.ac.tz with role: STUDENT
2026-09-23 13:46:15 [http-nio-8080-exec-10] INFO  c.U.B.S.CustomUserDetailsService - 🔍 Loading user by identifier: smaganga@udom.ac.tz
2026-09-23 13:46:15 [http-nio-8080-exec-2] INFO  c.U.B.config.JwtAuthenticationFilter - ✅ Authentication set for user: smaganga@udom.ac.tz
2026-09-23 13:46:15 [http-nio-8080-exec-2] DEBUG o.s.security.web.FilterChainProxy - Secured GET /auth/profile
2026-09-23 13:46:15 [http-nio-8080-exec-2] INFO  c.U.B.Controller.AuthController - 👤 Get current user profile
2026-09-23 13:46:15 [http-nio-8080-exec-2] INFO  c.UDSM.BACKEND.Service.AuthService - Getting current user: smaganga@udom.ac.tz
2026-09-23 13:46:15 [http-nio-8080-exec-10] INFO  c.U.B.S.CustomUserDetailsService - ✅ User found: smaganga@udom.ac.tz with role: STUDENT
2026-09-23 13:46:15 [http-nio-8080-exec-2] DEBUG c.UDSM.BACKEND.Service.AuthService -  Finding user by identifier: smaganga@udom.ac.tz
2026-09-23 13:46:15 [http-nio-8080-exec-10] INFO  c.U.B.config.JwtAuthenticationFilter - ✅ Authentication set for user: smaganga@udom.ac.tz
2026-09-23 13:46:15 [http-nio-8080-exec-10] DEBUG o.s.security.web.FilterChainProxy - Secured GET /control-plane/branding/current
2026-09-23 13:46:17 [Thread-102] ERROR c.UDSM.BACKEND.Service.EmailService - ❌ Failed to send email to smaganga@udom.ac.tz: Authentication failed
2026-09-23 13:46:18 [http-nio-8080-exec-6] DEBUG o.s.security.web.FilterChainProxy - Securing GET /control-plane/branding/current
2026-09-23 13:46:18 [http-nio-8080-exec-6] INFO  c.U.B.config.JwtAuthenticationFilter - 🔑 JWT found in request: eyJhbGciOiJIUzI1NiJ9.eyJzdWIiO...
2026-09-23 13:46:18 [http-nio-8080-exec-6] INFO  c.U.B.config.JwtAuthenticationFilter - ✅ JWT validated for user: smaganga@udom.ac.tz
2026-09-23 13:46:18 [http-nio-8080-exec-6] INFO  c.U.B.S.CustomUserDetailsService - 🔍 Loading user by identifier: smaganga@udom.ac.tz
2026-09-23 13:46:18 [http-nio-8080-exec-6] INFO  c.U.B.S.CustomUserDetailsService - ✅ User found: smaganga@udom.ac.tz with role: STUDENT
2026-09-23 13:46:18 [http-nio-8080-exec-6] INFO  c.U.B.config.JwtAuthenticationFilter - ✅ Authentication set for user: smaganga@udom.ac.tz
2026-09-23 13:46:18 [http-nio-8080-exec-6] DEBUG o.s.security.web.FilterChainProxy - Secured GET /control-plane/branding/current
2026-09-23 13:46:21 [http-nio-8080-exec-5] DEBUG o.s.security.web.FilterChainProxy - Securing GET /control-plane/branding/current
2026-09-23 13:46:21 [http-nio-8080-exec-5] INFO  c.U.B.config.JwtAuthenticationFilter - 🔑 JWT found in request: eyJhbGciOiJIUzI1NiJ9.eyJzdWIiO...
2026-09-23 13:46:21 [http-nio-8080-exec-5] INFO  c.U.B.config.JwtAuthenticationFilter - ✅ JWT validated for user: smaganga@udom.ac.tz
2026-09-23 13:46:21 [http-nio-8080-exec-5] INFO  c.U.B.S.CustomUserDetailsService - 🔍 Loading user by identifier: smaganga@udom.ac.tz
2026-09-23 13:46:21 [http-nio-8080-exec-5] INFO  c.U.B.S.CustomUserDetailsService - ✅ User found: smaganga@udom.ac.tz with role: STUDENT
2026-09-23 13:46:21 [http-nio-8080-exec-5] INFO  c.U.B.config.JwtAuthenticationFilter - ✅ Authentication set for user: smaganga@udom.ac.tz
2026-09-23 13:46:21 [http-nio-8080-exec-5] DEBUG o.s.security.web.FilterChainProxy - Secured GET /control-plane/branding/current
2026-09-23 13:46:25 [http-nio-8080-exec-3] DEBUG o.s.security.web.FilterChainProxy - Securing GET /control-plane/branding/current
2026-09-23 13:46:25 [http-nio-8080-exec-3] INFO  c.U.B.config.JwtAuthenticationFilter - 🔑 JWT found in request: eyJhbGciOiJIUzI1NiJ9.eyJzdWIiO...
2026-09-23 13:46:25 [http-nio-8080-exec-3] INFO  c.U.B.config.JwtAuthenticationFilter - ✅ JWT validated for user: smaganga@udom.ac.tz
2026-09-23 13:46:25 [http-nio-8080-exec-3] INFO  c.U.B.S.CustomUserDetailsService - 🔍 Loading user by identifier: smaganga@udom.ac.tz
2026-09-23 13:46:25 [http-nio-8080-exec-3] INFO  c.U.B.S.CustomUserDetailsService - ✅ User found: smaganga@udom.ac.tz with role: STUDENT
2026-09-23 13:46:25 [http-nio-8080-exec-3] INFO  c.U.B.config.JwtAuthenticationFilter - ✅ Authentication set for user: smaganga@udom.ac.tz
2026-09-23 13:46:25 [http-nio-8080-exec-3] DEBUG o.s.security.web.FilterChainProxy - Secured GET /control-plane/branding/current
2026-09-23 13:46:29 [http-nio-8080-exec-9] DEBUG o.s.security.web.FilterChainProxy - Securing OPTIONS /auth/profile
2026-09-23 13:46:29 [http-nio-8080-exec-4] DEBUG o.s.security.web.FilterChainProxy - Securing GET /auth/profile
2026-09-23 13:46:29 [http-nio-8080-exec-4] INFO  c.U.B.config.JwtAuthenticationFilter - 🔑 JWT found in request: eyJhbGciOiJIUzI1NiJ9.eyJzdWIiO...
2026-09-23 13:46:29 [http-nio-8080-exec-7] DEBUG o.s.security.web.FilterChainProxy - Securing GET /control-plane/branding/current
2026-09-23 13:46:29 [http-nio-8080-exec-4] INFO  c.U.B.config.JwtAuthenticationFilter - ✅ JWT validated for user: smaganga@udom.ac.tz
2026-09-23 13:46:29 [http-nio-8080-exec-4] INFO  c.U.B.S.CustomUserDetailsService - 🔍 Loading user by identifier: smaganga@udom.ac.tz
2026-09-23 13:46:29 [http-nio-8080-exec-7] INFO  c.U.B.config.JwtAuthenticationFilter - 🔑 JWT found in request: eyJhbGciOiJIUzI1NiJ9.eyJzdWIiO...
2026-09-23 13:46:29 [http-nio-8080-exec-7] INFO  c.U.B.config.JwtAuthenticationFilter - ✅ JWT validated for user: smaganga@udom.ac.tz
2026-09-23 13:46:29 [http-nio-8080-exec-4] INFO  c.U.B.S.CustomUserDetailsService - ✅ User found: smaganga@udom.ac.tz with role: STUDENT
2026-09-23 13:46:29 [http-nio-8080-exec-4] INFO  c.U.B.config.JwtAuthenticationFilter - ✅ Authentication set for user: smaganga@udom.ac.tz
2026-09-23 13:46:29 [http-nio-8080-exec-7] INFO  c.U.B.S.CustomUserDetailsService - 🔍 Loading user by identifier: smaganga@udom.ac.tz
2026-09-23 13:46:29 [http-nio-8080-exec-4] DEBUG o.s.security.web.FilterChainProxy - Secured GET /auth/profile
2026-09-23 13:46:29 [http-nio-8080-exec-4] INFO  c.U.B.Controller.AuthController - 👤 Get current user profile
2026-09-23 13:46:29 [http-nio-8080-exec-7] INFO  c.U.B.S.CustomUserDetailsService - ✅ User found: smaganga@udom.ac.tz with role: STUDENT
2026-09-23 13:46:29 [http-nio-8080-exec-4] INFO  c.UDSM.BACKEND.Service.AuthService - Getting current user: smaganga@udom.ac.tz
2026-09-23 13:46:29 [http-nio-8080-exec-7] INFO  c.U.B.config.JwtAuthenticationFilter - ✅ Authentication set for user: smaganga@udom.ac.tz
2026-09-23 13:46:29 [http-nio-8080-exec-4] DEBUG c.UDSM.BACKEND.Service.AuthService -  Finding user by identifier: smaganga@udom.ac.tz
2026-09-23 13:46:29 [http-nio-8080-exec-7] DEBUG o.s.security.web.FilterChainProxy - Secured GET /control-plane/branding/current
